Provider ID,Procedure codes/CPT Code,Billing frequency,Patient ID,Total amount,Doctor,Hospital,Diagnosis Report,Discharge Summary,Prescriptions and Bills,Hospital Bills,Insurance Company Name,Fraud history approval/rejection status,Contact Details,Network Partners,Benefits,Policy Number,Policy type,Renewal Date,Claim limits,Premium amount,Start Date,End Date,Bank Account,Policy Number (Claim),Policy Holder Name,Address,Phone Number,Email,Covered,Hospitalized Date,Treatment expenses,Claim Documents Submitted,Policy Name
25813f2b-f0a5-4b69-8d84-548aabceb606,CPT-67553,Annually,0e1e83f5-907b-4ea7-85ed-10b144b58fbc,98418,Dr. Robert Wilson,Williams Ltd,Treatment: Provided physiotherapy for mobility improvement.',Level he agreement author challenge item buy. Bad make act change among president option.,Can member result though need peace entire.,92070,Jefferson LLC,Approved,+1-059-748-2089x458,Scott-Zamora,Includes Yearly Medical Check-Ups,98b50f4e-c8be-4b89-b0f1-298a919cf251,Individual,04-12-2024,61241,613,13-09-2023,18-10-2025,GB69BXWA15355801648730,98b50f4e-c8be-4b89-b0f1-298a919cf251,Leslie Lewis,"0230 Vaughn Stream Suite 305 South Nicholasburgh, GA 44062",318.671.0132x09668,billy22@nelson.biz,No,30-05-2023,3058,Yes,Senior Citizen Health Insurance Plans
1d970062-8ce2-453e-9820-ae3c87bb28fd,CPT-61505,Annually,0580f1ca-ee31-4457-b5d6-bea90e6bc222,95580,Dr. Angelica Clark,Mitchell Ltd,Treatment: Administered bronchodilators and oxygen therapy for chronic obstructive pulmonary disease (COPD).',Car executive its design part statement. She American still his million decision not.,I would entire cause machine throw growth.,7149,Leon Group,Approved,+1-336-280-4826x65415,Anderson Ltd,Maternity Benefits,b66d5980-5748-42bc-9ea1-93e75f8825dc,Corporate,13-02-2024,70469,398,18-10-2023,01-12-2024,GB17NXJM22171161239623,b66d5980-5748-42bc-9ea1-93e75f8825dc,Valerie Williams,"252 Smith Creek Murphyview, MT 34118",001-624-910-3604x4633,shannonmclean@gmail.com,No,17-03-2022,4845,Yes,Comprehensive Health Plan
0e0ff810-6423-435b-aca1-6ab83178c499,CPT-65762,Monthly,336919ca-e1bc-43f6-bf42-0195dd6a2cf5,57623,Dr. Lynn Archer,Hill and Sons,Treatment: Administered bronchodilators and oxygen therapy for chronic obstructive pulmonary disease (COPD).',Remember throughout development eye simple growth consider.,Realize executive whom always over first one.,782,Garcia-Valencia,Rejected,001-091-772-2391x593,Walker-Roth,Eye and Vision Care,52b846e3-6231-4273-be23-29408aa71209,Corporate,20-03-2024,14661,500,12-05-2022,09-01-2025,GB24AHZC33252232577918,52b846e3-6231-4273-be23-29408aa71209,Kelly Lewis,"42696 Graves Land West Tyler, VA 35073",001-953-335-5860x9464,ogonzalez@hotmail.com,No,13-06-2023,7978,Yes,Comprehensive Health Plan
4b53256c-6026-41d6-bb7d-bf4a3282a8bb,CPT-43713,Quarterly,2f495bf0-e2f3-4799-a6fe-87453db985ff,3254,Dr. Amy Saunders,Rose-Vasquez,Treatment: Administered antibiotics for infection control.',Ready Mrs type add technology. Industry vote partner.,Our term vote or.,43348,Powell Group,Rejected,001-094-370-1248x83640,Mckinney LLC,Critical Disease Specific Plans,f4832615-7638-4753-89da-6f2cab81db42,Individual,30-08-2022,24410,149,07-07-2022,20-03-2023,GB82EXYS19044337607536,f4832615-7638-4753-89da-6f2cab81db42,John Andrews,"4338 Diane Loaf Suite 728 Hernandeztown, ND 09988",+1-940-381-1356x5761,zsimmons@anderson.com,No,05-10-2024,8850,No,Disease-Specific Health Insurance Plans
ab13b567-81a8-47f4-a738-3241f2ff0544,CPT-67928,Annually,68f1bcd6-0667-4e7b-a90a-b912dead1aec,49501,Dr. Daniel Jones,Bartlett-Hernandez,Treatment: Provided physiotherapy for mobility improvement.',Sport school reflect.,Late everybody north develop her.,68865,Cruz LLC,Approved,107.967.4922,"Bell, Yoder and Coffey",Mental Health Care,a278c88b-9a3c-478b-b6fd-6d868270ce63,Individual,12-12-2024,18656,751,05-04-2024,24-12-2024,GB69ZIQZ69050936088882,a278c88b-9a3c-478b-b6fd-6d868270ce63,David Nash,"4477 Brooke Mall Suite 376 Alexandriaville, MO 28763",157-280-7418,melissajenkins@benjamin.com,No,05-02-2020,6605,No,Comprehensive Health Plan
ac1ada1a-b644-4c8c-99fb-50dc0c65d717,CPT-22262,Quarterly,c86c24b0-af1b-4a43-b0bf-549d8837695e,69524,Dr. Laura Lee,Norris-Bennett,Treatment: Provided ventilator support for respiratory failure caused by severe pneumonia.','Admission Start Date:18-09-2022; Admission End: 14-11-2025; Treatment: Treatment: Provided ventilator support for respiratory failure caused by severe pneumonia.'',Main trip school scene.,2103,Willis Group,Rejected,001-227-599-4379x23966,Pacheco Inc,Low-Cost Premium for Young People,918717cd-2318-4adf-b53f-a4b56fe4823b,Family,08-03-2025,87965,838,01-01-2025,28-01-2026,GB16VURP85417827422573,918717cd-2318-4adf-b53f-a4b56fe4823b,Lorraine Murphy,"2060 Flores Grove Meganport, NC 78703",574.257.3864x85860,staylor@hotmail.com,No,18-09-2022,4541,Yes,Comprehensive Health Plan
10937eca-c9d7-4de3-a7ff-fc22f74f9f4c,CPT-78688,Monthly,894f6ae8-0c4f-4096-8e61-2ebabb4cd052,38744,Dr. William Tanner,"Becker, Martin and Campbell",Treatment: Performed cataract removal and implanted intraocular lens.',Throughout go what reduce reason. Ago analysis from candidate situation save.,Concern Mr meet born exist argue feel likely.,91705,"Lowery, Smith and Wilson",Approved,411-021-6207x322,Ponce Group,Respiratory Health,9a708560-faa7-4a2d-bea3-16adac8c626b,Individual,03-01-2025,625,6,25-04-2024,28-03-2025,GB36FVZP47365251718757,9a708560-faa7-4a2d-bea3-16adac8c626b,Sheila Gilbert,"4173 Brown Track Port Tammieport, NJ 20960",+1-931-318-7579x881,kaylairwin@jackson.biz,No,04-08-2024,6708,Yes,Senior Citizen Health Insurance Plans
1b13925a-0d91-4551-9aa4-172050410be0,CPT-97767,Monthly,12a7f314-c603-4538-bc16-000938ec1bca,55757,Dr. Meghan Clayton,Byrd Group,Treatment: Hospitalized for treatment of severe asthma exacerbation with corticosteroids.',Five there thank mouth ability truth modern community.,Pressure the nature heart add.,85817,Barker-Edwards,Rejected,001-284-186-5000x12162,"Flowers, Guzman and Jensen",Respiratory Health,4e2cef62-aece-4301-9144-00936db26a7d,Family,29-05-2024,22547,673,28-08-2022,26-12-2024,GB21KHZU19727335409550,4e2cef62-aece-4301-9144-00936db26a7d,Tracy Gonzalez,"330 Megan Flats Morganmouth, OK 44500",-4815,brownjames@yahoo.com,Yes,11-02-2024,5237,No,Senior Citizen Health Insurance Plans
a56af9a5-c435-4baf-a3df-ac2839939c5a,CPT-19026,Monthly,cf21d7f7-8932-43d3-b336-79de16d98309,58280,Dr. Adam Hernandez,Arnold-Scott,Treatment: Provided cardiac rehabilitation and prescribed medications for recovery.',Speech decide between ever tell better stuff.,Treatment despite research book idea mouth.,26041,Davis Ltd,Rejected,314.707.6147,Chung-Phillips,Critical Disease Specific Plans,49caefca-694b-49f0-b14d-393cb208646b,Individual,28-08-2024,51539,545,25-07-2024,15-02-2025,GB41FZSL33425652074156,49caefca-694b-49f0-b14d-393cb208646b,Melanie Rodgers,"80946 Russell Greens South Allisonshire, AR 85146",612-326-6278x5022,wmartinez@hotmail.com,Yes,31-08-2023,2322,Yes,Disease-Specific Health Insurance Plans
1c6e1c89-dd18-44a3-ab76-65eb5bebd8ec,CPT-45933,Annually,a7f8bce5-176f-4f35-963a-8048a12b65f7,10161,Dr. Gary Morris,Walsh Group,Treatment: Administered antipyretics and managed symptoms of dengue hemorrhagic fever.','Admission Start Date:07-05-2020; Admission End: 09-10-2022; Treatment: Treatment: Administered antipyretics and managed symptoms of dengue hemorrhagic fever.'',Large character glass shake hold large.,42859,"Luna, Parker and Lopez",Approved,001-012-600-6197x72397,Matthews Group,Critical Disease Specific Plans,4cb76484-d9f4-46dc-998b-3b7d060acdac,Corporate,18-05-2023,46499,36,07-06-2022,17-06-2023,GB22WTWI36155920497446,4cb76484-d9f4-46dc-998b-3b7d060acdac,Christine Gill,Unit 9252 Box 6241 DPO AE 73310,821.944.3132x978,bowmandavid@hotmail.com,No,07-05-2020,5474,No,Disease-Specific Health Insurance Plans
bb17d20c-3fa7-4514-ac18-61523a8f6a54,CPT-13944,Monthly,7a518bbc-f726-4b67-8549-4af764d593f3,79373,Dr. Mrs. Heather Lynch,Delgado PLC,Treatment: Vi',Order future strategy way black.,Last toward station white.,64264,Zuniga Group,Approved,(635)243-9075x4540,Brown Group,Skin and Dermatology Care,84593274-415d-45d2-80fd-77c7a45217fb,Corporate,18-07-2023,178,165,12-03-2022,30-10-2023,GB07DSEF32939879663104,84593274-415d-45d2-80fd-77c7a45217fb,Gregory Lee,"93207 Sawyer Drive Suite 782 New Matthewfort, LA 62868",(448)450-1306,ashleymorris@yahoo.com,Yes,27-11-2020,7834,No,Comprehensive Health Plan
0acfc7da-416c-4766-87c6-f0d56aa1bcb1,CPT-24067,Quarterly,c02b4f74-01bd-41e4-8d51-8bc42bf0ea08,74399,Dr. Danielle Walker,Hammond-Harris,Treatment: Administered antipyretics and managed symptoms of dengue hemorrhagic fever.','Admission Start Date:02-06-2021; Admission End: 23-09-2022; Treatment: Treatment: Administered antipyretics and managed symptoms of dengue hemorrhagic fever.'',Range every billion science.,29571,King and Sons,Approved,776-923-7640x4248,Jackson LLC,Critical Disease Specific Plans,aa4ef5ec-31bc-48d6-8a1a-dc8ecd966e8a,Individual,10-09-2024,62785,337,17-08-2022,12-07-2025,GB09FZXM84078424177461,aa4ef5ec-31bc-48d6-8a1a-dc8ecd966e8a,Andrew Adkins,"PSC 1804, Box 8970 APO AE 63299",001-955-011-9298x4102,tnichols@adkins.com,Yes,02-06-2021,1744,Yes,Disease-Specific Health Insurance Plans
895cf36a-53c7-4793-8f1f-dee23533f153,CPT-33097,Monthly,894e3cbf-83d2-4ad0-a6fe-7174d21c3ccc,22022,Dr. Carol Hunt,"Sanders, Foster and Thornton",Treatment: Hospitalized for treatment of severe asthma exacerbation with corticosteroids.',See doctor various them perhaps. Newspaper gun time style decade.,Thousand nothing yet event time where.,59961,Fischer PLC,Approved,966.225.4127,Williams-Ali,Mental Health Care,123905c2-726e-4ea6-8d45-a07cfc0ed6b5,Corporate,25-03-2024,89911,427,20-01-2024,18-10-2024,GB46VKJI26521905856919,123905c2-726e-4ea6-8d45-a07cfc0ed6b5,Daniel Mckenzie,"282 White Forks Apt. 859 South Charlestown, NV 06227",918.934.5828x0364,gary14@morgan-snyder.com,No,14-05-2021,3716,No,Comprehensive Health Plan
52c9b639-05be-483e-b00a-163205ddd880,CPT-25464,Annually,d25835e8-7e5a-4127-915f-2fc981306de3,48394,Dr. Isaiah Ibarra,"Taylor, Scott and Hill",Treatment: Vi',Cup daughter try. Federal job he window record cover prove address.,Suddenly anything impact break remain.,75313,"Long, Daniels and Stewart",Approved,(550)154-0245x415,Padilla Group,Critical Disease Specific Plans,89753893-197b-440e-8123-d77bad210c14,Family,26-01-2024,71918,882,07-01-2024,23-02-2024,GB12CSII58607159969722,89753893-197b-440e-8123-d77bad210c14,April Wagner,"93656 Kristin Ford Ashleyton, CA 61877",847-866-8875,desireewright@yahoo.com,Yes,11-01-2021,714,No,Disease-Specific Health Insurance Plans
9eba196c-5a91-4350-9137-8a32825a2333,CPT-33998,Quarterly,d27c3f96-ce7a-479f-8ea6-506d189b4f73,79527,Dr. Michael Smith,Nelson-Arias,Treatment: Managed acute pulmonary embolism through anticoagulation therapy under close supervision.',Evening white mind each whom.,Season course decade trouble make part.,50075,"Warren, Mccann and Crawford",Rejected,001-376-724-8562x68427,"Hunter, Anderson and Shannon",Dental Treatment Coverage,a1ffc964-3db3-4997-a2ba-62167d71f649,Corporate,13-06-2024,54276,0,11-02-2023,21-12-2024,GB82NCUO33397945193545,a1ffc964-3db3-4997-a2ba-62167d71f649,Jeffrey Lewis,"6447 Collins Loaf Morrisonberg, ID 41744",653-863-4721x7720,robertmarshall@dennis-mclaughlin.com,Yes,01-06-2023,149,No,Senior Citizen Health Insurance Plans
b2efdf13-235d-465c-b04f-cad9be2aa108,CPT-40377,Monthly,74c8bdb4-6dc1-4fe6-be7f-63ebac449eb8,560,Dr. Mrs. Jasmine Edwards MD,"Watson, Rhodes and Watts",Treatment: Conducted routine check-up and prescribed vitamins.',That growth stay onto least include single ten. No community join but off the.,Head scientist or. Development feel college gas.,19061,Lee-Fletcher,Rejected,+1-566-325-4320x8245,"Grant, Moreno and Lee",Mental Health Care,645d7802-2f0e-4e41-8f72-4bf378a5e025,Individual,28-09-2024,3057,642,15-07-2023,04-12-2024,GB63BBPJ33853766703609,645d7802-2f0e-4e41-8f72-4bf378a5e025,Jesse Lang,Unit 1688 Box 9985 DPO AE 69640,(189)222-6724x773,friedmanamanda@gmail.com,Yes,19-12-2024,3362,Yes,Comprehensive Health Plan
edade07e-71cb-4417-af48-621a6c43cd10,CPT-24699,Monthly,e45005e2-2ea9-4f4e-81e9-6ca05d412ae3,66055,Dr. Amy Bruce,Love Inc,Treatment: Vi',In beautiful activity bit easy another really. None including fly big case edge.,Age debate buy authority well of win.,90112,Price Inc,Rejected,001-758-134-0032,"Gonzalez, Henderson and Ramsey",Covers Ambulance Fees,40ffc687-24f7-40d8-ab8d-d86002eb0631,Individual,13-08-2023,18268,457,19-05-2021,28-10-2023,GB41LSUW06911144928977,40ffc687-24f7-40d8-ab8d-d86002eb0631,Jennifer Allen,"59064 Grant Lodge Garciahaven, IA 38800",+1-920-632-6778x73314,boyleshelly@mullins.com,No,16-05-2021,4604,No,Senior Citizen Health Insurance Plans
a8fc805d-eead-4308-ac5b-ecc2d5e30005,CPT-44897,Quarterly,947887bd-942a-4759-a7f6-2560ff6f2dd7,14773,Dr. Crystal Morris,"Hunter, Lindsey and Harris",Treatment: Performed hemodialysis for renal failure with continuous monitoring of vitals.','Admission Start Date:30-05-2021; Admission End: 09-01-2024; Treatment: Treatment: Performed hemodialysis for renal failure with continuous monitoring of vitals.'',Probably edge gun technology article everyone.,78516,"Ray, Bryant and Smith",Approved,001-556-379-9736x4037,"Robertson, Smith and Brown",Critical Disease Specific Plans,a16f9e27-1321-4ad5-9601-2eef6101c088,Corporate,07-06-2023,49894,145,30-04-2023,09-01-2024,GB42TJGZ43039232117712,a16f9e27-1321-4ad5-9601-2eef6101c088,Kyle Gaines,"411 Giles Rest Apt. 504 Hutchinsontown, IL 06364",269-800-3591,stephensmith@mccall-clark.com,Yes,30-05-2021,2627,No,Disease-Specific Health Insurance Plans
4b6f208c-2b72-4cd5-81bf-5563c38b1329,CPT-55259,Annually,5f48b64d-1716-4894-b78a-81809de64ace,27937,Dr. Scott Wright,"Porter, Beck and Foley",Treatment: Provided care for acute kidney injury requiring urgent dialysis.','Admission Start Date:17-06-2022; Admission End: 16-11-2022; Treatment: Treatment: Provided care for acute kidney injury requiring urgent dialysis.'',Skin eye page hope wish game.,8429,"Key, Little and Daniels",Rejected,001-047-914-4207,"Williams, Jenkins and Parker",Critical Disease Specific Plans,46d92a5d-924d-466e-a1d8-ee6a26fa2d7a,Corporate,06-04-2023,47911,836,19-07-2022,24-05-2023,GB51SWQA27853443606458,46d92a5d-924d-466e-a1d8-ee6a26fa2d7a,Rose Weaver,"0090 Erin Grove Suite 302 Matthewbury, PA 24007",+1-695-794-9986x42813,johnsonmaria@walker.net,No,17-06-2022,3822,No,Disease-Specific Health Insurance Plans
39ffacab-d4ef-4f5d-8c2f-33a0e850d661,CPT-10512,Monthly,1a6a3e51-419c-492c-9a85-740549f3c6b6,86691,Dr. John Clark,Hunter-Miller,Treatment: Assisted with delivery and provided neonatal care.',Author month his only hold cover none. System prove foot save probably pass.,Mrs everybody grow product evening.,59801,Moon-Powell,Rejected,109-486-4394x25963,Calhoun PLC,Includes Yearly Medical Check-Ups,3cb12ed9-e917-4c7e-a20b-ce3eef40b194,Family,18-07-2024,69156,572,08-04-2022,09-02-2025,GB72FGKH53220012513728,3cb12ed9-e917-4c7e-a20b-ce3eef40b194,Ms. Barbara Sanders,"1814 Arnold Key South Heather, UT 41112",001-423-950-8755x3434,bob12@hotmail.com,No,08-07-2024,5996,Yes,Comprehensive Health Plan
09e52401-0f53-40bc-b3ed-701e635a03d3,CPT-20776,Quarterly,f154ee5d-de05-432d-b819-74a4bfc77866,4906,Dr. Christopher Barber,Webster-Rice,Treatment: Administered post-operative eye drops and advised on vision recovery.',How skin fact name eat. Type which rate guy every.,Personal gun through long throw adult.,39675,Castillo Inc,Rejected,9951673599,"Davis, Duncan and Johnson",Critical Disease Specific Plans,04b03208-ec28-4c22-bd86-d9b1dc92f0dc,Corporate,19-11-2023,15620,475,10-07-2020,15-08-2024,GB59GZFE63819061538881,04b03208-ec28-4c22-bd86-d9b1dc92f0dc,Holly Thomas,USNV Turner FPO AE 50339,001-138-757-2119x977,angelawalker@hotmail.com,No,17-02-2025,1417,No,Disease-Specific Health Insurance Plans
abfd4b95-288b-4153-b3c3-a995f908de68,CPT-35859,Quarterly,aa9010f2-88e8-4303-8dcb-340427f2513f,30842,Dr. Steven Hamilton,"Romero, Carey and Brown",Treatment: Conducted surgical intervention for lung cancer patients.',Enjoy lay would success turn degree. Better production him.,So recognize source work.,36507,Lloyd-Arnold,Approved,374.722.9528,Lynch Inc,Protection from Growing Medical Expenses,323ed695-6bbe-4b6e-9614-608bd41bfb15,Corporate,13-10-2023,26852,943,01-07-2022,22-01-2024,GB89ZVNR60900152064882,323ed695-6bbe-4b6e-9614-608bd41bfb15,Mason Barajas,"016 Philip Glen Maldonadoview, MS 91080",9722318462,jamesgallegos@sanchez.com,No,09-01-2020,8778,Yes,Senior Citizen Health Insurance Plans
398023de-8f5a-43df-8622-e3f1a001c662,CPT-68092,Monthly,fcdf5546-6ce9-40c5-93e8-dbef05b58143,92110,Dr. Danielle Beck,Cox-Bailey,Treatment: Provided ventilator support for respiratory failure caused by severe pneumonia.','Admission Start Date:14-10-2024; Admission End: 31-01-2025; Treatment: Treatment: Provided ventilator support for respiratory failure caused by severe pneumonia.'',Fly yeah our theory.,39577,Peterson-Andrade,Approved,+1-764-456-4132x945,Valenzuela Ltd,Mental Health Care,c6c95735-7bd2-4fd3-90a8-7f649200333c,Individual,12-11-2024,47823,400,03-07-2024,08-04-2025,GB21KJJJ53400731038551,c6c95735-7bd2-4fd3-90a8-7f649200333c,Todd Holloway,"857 Anna Motorway Willisbury, CO 31298",814.062.0010,joelcruz@russell.com,No,14-10-2024,9804,No,Comprehensive Health Plan
1898d7c3-49ed-4c46-893f-ae774c1bb311,CPT-91965,Quarterly,679f1642-9967-4754-9585-93304a373bb3,92359,Dr. Mr. Clinton Ellis,"Cooke, Owens and Stewart",Treatment: Assessed pre-surgery and provided comprehensive eye care instructions.','Admission Start Date:10-03-2023; Admission End: 23-02-2025; Treatment: Treatment: Assessed pre-surgery and provided comprehensive eye care instructions.'',Expect contain environmental indeed travel.,33715,Robinson-Williams,Rejected,899-574-7644,Johnson Group,Critical Disease Specific Plans,c945cdba-aef0-44a5-a065-bf74b2cae3cb,Family,03-02-2025,81836,181,03-09-2020,24-04-2025,GB59EIEQ73113719398167,c945cdba-aef0-44a5-a065-bf74b2cae3cb,Patricia Floyd,"320 Whitney Terrace Apt. 141 Lake Robinmouth, MI 36055",2569635414,john03@yahoo.com,Yes,10-03-2023,1915,No,Disease-Specific Health Insurance Plans
cba098c0-5406-4915-a4ab-734485acef6f,CPT-70567,Quarterly,361395c2-9d0e-49d1-b626-7ea7ddb99dc5,16020,Dr. Jennifer Porter,Goodman-James,Treatment: Performed coronary artery bypass surgery successfully.','Admission Start Date:19-10-2022; Admission End: 28-09-2023; Treatment: Treatment: Performed coronary artery bypass surgery successfully.'',Anything garden state.,75777,Powers Group,Rejected,+1-661-029-6188x175,"Gutierrez, Brennan and Hernandez",Respiratory Health,4250ea8d-49c7-4765-9d1c-b1402f25c312,Corporate,19-05-2023,70877,249,08-12-2022,14-12-2023,GB20ZIMU29933374369399,4250ea8d-49c7-4765-9d1c-b1402f25c312,Mary Wilson,"6318 Jones Skyway Travisland, NE 47052",584-354-8221,joanna25@yahoo.com,Yes,19-10-2022,7677,Yes,Senior Citizen Health Insurance Plans
8365bfc0-75d3-4034-a6c6-e2e289fa1c52,CPT-24370,Annually,93800faf-bd91-445b-b99d-95e3cd7bff61,92729,Dr. Angel Zamora,Duarte-Walton,Treatment: Provided ventilator support for respiratory failure caused by severe pneumonia.','Admission Start Date:02-09-2021; Admission End: 12-08-2022; Treatment: Treatment: Provided ventilator support for respiratory failure caused by severe pneumonia.'',Describe event forget tend law.,69224,Lewis Inc,Approved,7734688305,Howe LLC,Includes Yearly Medical Check-Ups,20567427-ae4f-491f-b968-cdc04a4b548d,Individual,16-07-2022,48389,639,07-09-2020,10-02-2023,GB78MVYH12423210251224,20567427-ae4f-491f-b968-cdc04a4b548d,Matthew Baldwin,"464 Cox Trafficway Jenniferberg, ND 00661",(810)157-1232,jaclyn60@hotmail.com,No,02-09-2021,6983,No,Senior Citizen Health Insurance Plans
cfbd8d7c-323f-4c35-b7a8-849eb71ab64f,CPT-18434,Monthly,35ae88bc-91a3-4a00-a1cb-c164f430ab84,3118,Dr. Kevin Turner,Simpson LLC,Treatment: Provided intravenous fluids and electrolyte therapy for severe dehydration.',Woman expert time campaign executive. Support heavy decide executive stay fear.,None paper teacher.,64256,Gonzalez PLC,Rejected,-7287,"Ramos, Sharp and Henson",Hospitalisation Benefits,0a6efa63-5606-4a2f-a79a-824219dab2f5,Corporate,11-06-2024,44478,175,18-05-2024,17-10-2024,GB97OQYF99233030383969,0a6efa63-5606-4a2f-a79a-824219dab2f5,Drew Brown,"253 Brittany Glen New Janetland, NC 20651",+1-798-331-1264x12109,tonya43@yahoo.com,No,14-02-2021,5637,Yes,Comprehensive Health Plan
a51748c8-fdb5-416a-b67c-aedea1f69119,CPT-27167,Annually,757d9abf-5434-47fa-965c-19173430f24d,66560,Dr. Jessica Turner,"Cohen, Marshall and Morrow",Treatment: Performed hemodialysis for renal failure with continuous monitoring of vitals.','Admission Start Date:05-05-2020; Admission End: 27-12-2022; Treatment: Treatment: Performed hemodialysis for renal failure with continuous monitoring of vitals.'',Ball entire smile fast heavy thus.,54556,House Group,Rejected,001-305-182-2599x502,Casey-Kane,Includes Yearly Medical Check-Ups,aec9c944-8a99-4670-b38d-d622279e96fd,Corporate,12-09-2022,77368,385,05-06-2021,12-01-2023,GB30ATZS50481903476876,aec9c944-8a99-4670-b38d-d622279e96fd,Matthew Potts,"5483 Myers Fort Mccartyland, VA 94106",423-795-7148x63007,iwise@yahoo.com,Yes,05-05-2020,1578,No,Comprehensive Health Plan
4b710a9e-7889-4100-94c5-3ca4eefc269b,CPT-61380,Quarterly,f9a7cb71-e6e8-4c8e-bfee-e319bc15e69b,50004,Dr. Joseph Chung,"Cobb, Jones and Thompson",Treatment: Administered bronchodilators and oxygen therapy for chronic obstructive pulmonary disease (COPD).',Several street later drive factor store dream. Baby back second hear up it.,Reality war institution. Glass forward scientist.,45329,Spencer PLC,Rejected,8616588121,Morgan Group,Protection from Growing Medical Expenses,57c98cb3-8a96-4ceb-b491-5e661cb56ccd,Corporate,28-06-2022,27017,717,05-03-2021,17-08-2022,GB03FZUI36359307287753,57c98cb3-8a96-4ceb-b491-5e661cb56ccd,Heather Andrade,"64666 Johnson Cape Suite 630 Mcintoshton, MA 10422",2570292939,susanmorales@gmail.com,No,10-02-2020,2273,No,Senior Citizen Health Insurance Plans
a41dd8be-2f54-4f6f-88fd-4af1b917a38e,CPT-46199,Monthly,c3fbd303-8ef3-46e7-a312-69fd262117f2,66514,Dr. Pamela Wu,Hill-Long,Treatment: Administered antipyretics and managed symptoms of dengue hemorrhagic fever.','Admission Start Date:08-04-2023; Admission End: 10-12-2024; Treatment: Treatment: Administered antipyretics and managed symptoms of dengue hemorrhagic fever.'',Read gas discussion city.,65376,"Johnson, Smith and Paul",Rejected,+1-243-967-7423x4395,Wood-Anderson,Mental Health Care,10b61f35-389e-48fc-8b80-79ec974825d9,Family,22-04-2024,2540,371,03-04-2020,20-04-2025,GB09NRBP71930973489315,10b61f35-389e-48fc-8b80-79ec974825d9,Christine Montes,"28312 Sharon Mission Smithborough, NY 92240",262-055-0772x1172,wallacekristina@jenkins.com,No,08-04-2023,8930,Yes,Comprehensive Health Plan
425f164e-4b5b-4fd1-9632-9f1f37cf8cfe,CPT-60684,Quarterly,2f104779-20cf-464f-b1a3-b694fc8402d4,95530,Dr. Thomas Brown,Davis Group,Treatment: Conducted postpartum evaluation and counseling on lactation.',Green catch difference discover technology perform drop evening. Pick buy crime recently arrive.,Popular such yard Mrs.,55049,Cortez-Smith,Rejected,718-101-5212,"Flores, Nelson and Martinez",Critical Disease Specific Plans,3b3cf217-77e7-4c58-b495-708162973c2c,Corporate,11-01-2021,28110,924,27-11-2020,15-08-2021,GB35HRJX52477732199660,3b3cf217-77e7-4c58-b495-708162973c2c,Ryan Patterson,"60534 Henson Shores Francismouth, RI 09414",(444)457-5677,tbutler@yahoo.com,Yes,21-10-2022,4300,Yes,Disease-Specific Health Insurance Plans
a0a8539a-96ef-4247-99e5-510277115114,CPT-32251,Annually,27fd91c3-e0fa-45ce-9ad7-404acc0d9646,55679,Dr. Norman Sanchez,Fisher LLC,Treatment: Administered peritoneal dialysis and provided post-treatment counseling.','Admission Start Date:16-03-2022; Admission End: 18-01-2025; Treatment: Treatment: Administered peritoneal dialysis and provided post-treatment counseling.'',Information least space also on.,64009,Garcia-Short,Rejected,+1-224-648-6768x59068,"Buck, Munoz and Kennedy",Covers Ambulance Fees,aa3daab0-5188-4968-8e5a-b91da36deab6,Corporate,10-08-2024,67292,34,09-09-2022,20-05-2025,GB90LJZE12057972200660,aa3daab0-5188-4968-8e5a-b91da36deab6,Noah Murphy,"308 Caitlin Mountains Robertmouth, MA 24706",486.012.1066,cunninghamjessica@martinez-potter.com,No,16-03-2022,6976,Yes,Senior Citizen Health Insurance Plans
596a851b-28a9-4f4d-9e6f-00f552c87f8c,CPT-40469,Annually,009dab1c-2015-4760-bc7e-72cba0491ea4,93930,Dr. Alyssa Nelson,Martin-Taylor,Treatment: Conducted hospital-based monitoring for critical dengue shock syndrome cases.','Admission Start Date:04-08-2020; Admission End: 27-04-2022; Treatment: Treatment: Conducted hospital-based monitoring for critical dengue shock syndrome cases.'',Already above have party role indicate field.,24558,Gonzalez-Mcmahon,Rejected,900.590.5811x14932,Olsen-Gregory,Critical Disease Specific Plans,77d63edf-6eb3-4d99-a939-28bfa154c989,Corporate,23-03-2022,71994,289,19-12-2020,29-01-2023,GB24ONUZ16994050954368,77d63edf-6eb3-4d99-a939-28bfa154c989,Hannah Cooper,"998 Timothy Loop Terrytown, TX 29435",011.823.1999x76033,henrylee@yahoo.com,No,04-08-2020,4734,No,Disease-Specific Health Insurance Plans
cab36ff8-a801-4a33-904b-4096668f714c,CPT-84191,Monthly,f8dc9d28-b44b-4b21-9d80-a90b15d24641,43603,Dr. Christian Merritt,"Walsh, Flynn and Sanchez",Treatment: Conducted routine check-up and prescribed vitamins.',Camera prevent alone decide. Score general a crime easy along option.,There trouble year suffer myself.,50621,Carroll-Marquez,Rejected,835-810-1624x736,"Knight, Cross and Ortega",Mental Health Care,014b83b2-ca57-4f3d-83e9-4346b8a0d9a5,Corporate,09-05-2024,43459,533,04-06-2022,12-02-2025,GB46PTXW14038965760253,014b83b2-ca57-4f3d-83e9-4346b8a0d9a5,Chad Barrera,"804 Price Highway Lake Tonyaville, NV 44215",932-761-8513,wwells@gmail.com,No,05-01-2025,2855,No,Comprehensive Health Plan
11814b71-58d3-4339-8cc4-7900bcb409b9,CPT-73104,Quarterly,8e28bdd4-67ec-4fa3-be7b-c091c937bcc0,79574,Dr. Willie Miller,Smith and Sons,Treatment: Assisted with delivery and provided neonatal care.',Lawyer expect now admit.,Great much food leader bring nor.,71809,Rivers and Sons,Rejected,001-554-739-8530x1121,Miller-Bolton,Critical Disease Specific Plans,f6d227bc-c3f1-488c-8048-504d04496122,Corporate,27-11-2023,7896,24,23-03-2020,16-05-2024,GB04HSBE15960638141195,f6d227bc-c3f1-488c-8048-504d04496122,Andrew Schmidt,"04601 Melissa Parks Suite 714 Robertchester, DC 84522",+1-627-392-7220x341,mhamilton@johnson-burke.com,No,03-01-2021,9603,No,Disease-Specific Health Insurance Plans
d69190ab-64d8-4346-a43d-bf1bdee68f56,CPT-80251,Annually,65befea6-c337-4d9c-ad5d-839d20d93709,65837,Dr. Gregory Beasley,Holmes PLC,Treatment: Provided intravenous fluids and electrolyte therapy for severe dehydration.',Nice think lead simply.,Need family point born save care right.,64384,Cummings and Sons,Rejected,+1-131-739-7783x209,"Garcia, Manning and Gutierrez",Eye and Vision Care,34f052dd-3b9f-4906-bce1-92cae55547af,Corporate,19-07-2023,72132,921,02-06-2021,04-12-2023,GB42MLWK46928153461503,34f052dd-3b9f-4906-bce1-92cae55547af,Charles Buchanan,"705 Coleman Ridge Apt. 059 Thompsontown, VT 99814",6356163837,danielle91@yahoo.com,No,31-07-2020,9486,No,Comprehensive Health Plan
827f37d7-7a44-4ea0-97f7-cec4838d81df,CPT-49966,Monthly,959786ab-3feb-4cf0-b3f0-b2118ed5769e,61027,Dr. Kelsey White,Young Group,Treatment: Hospitalized for treatment of severe asthma exacerbation with corticosteroids.',Tax not available wide staff. Professor stage back popular claim.,Walk store weight fall administration.,90193,Lewis-Lawson,Approved,538-403-9749x15323,"Nelson, Henson and Roberson",Hospitalisation Benefits,82c6c00e-bed5-478d-a36c-b201c248c92b,Individual,27-10-2023,49535,415,15-08-2022,23-04-2024,GB80VYFL29632307092730,82c6c00e-bed5-478d-a36c-b201c248c92b,Jaclyn Stevens,"8002 Parker Prairie Suite 126 Port Justinland, RI 50634",160.380.8543x1796,phillipsmarvin@howell.com,Yes,09-02-2020,821,Yes,Comprehensive Health Plan
ed894647-a210-4344-83ef-74aa13f54254,CPT-96832,Quarterly,fd4efbde-04e0-4270-9057-8d1152338d66,15541,Dr. Thomas Munoz,Mitchell LLC,Treatment: Administered bronchodilators and oxygen therapy for chronic obstructive pulmonary disease (COPD).',Garden ok they career pass. Half course majority large.,As away share they wall physical daughter.,32796,Leblanc and Sons,Rejected,970-052-5945,"Dennis, Morris and Goodwin",Critical Disease Specific Plans,01c8b4b4-3650-420d-b700-e1eeecfb3a58,Family,09-06-2020,71501,299,05-01-2020,18-01-2021,GB82AVUA94815785533295,01c8b4b4-3650-420d-b700-e1eeecfb3a58,Nathan Contreras,"633 Marco Union New Stacy, NY 47640",+1-505-066-8046x8133,heather51@gmail.com,Yes,26-06-2024,9483,No,Disease-Specific Health Insurance Plans
df49417d-89ae-4128-b26d-72e78025000f,CPT-90868,Annually,d082651e-12bc-4abc-a923-7a53dcc57088,45633,Dr. Jesse Gamble,Nguyen Inc,Treatment: Managed acute pulmonary embolism through anticoagulation therapy under close supervision.',Clear provide candidate science then.,Poor lot away. Exactly fact must various.,41778,Watkins LLC,Rejected,001-437-377-5352x2049,"Jones, Foster and Hayes",Cardiovascular Health,07715066-18b9-4781-9b94-ddd92a2b23d2,Individual,04-08-2023,21489,279,03-01-2023,18-08-2023,GB27QGON63622674500333,07715066-18b9-4781-9b94-ddd92a2b23d2,Richard Mills,"7590 Peters Port Suite 378 North Jonathanborough, MA 46514",+1-673-113-1288x62368,melendezchelsey@hotmail.com,No,22-12-2022,7001,No,Senior Citizen Health Insurance Plans
3975f121-9a99-4548-8052-f3f60b28e424,CPT-42961,Monthly,0488d736-d64d-4eb5-82c2-32cc5e0f37f3,52979,Dr. Kelsey Clark,"Kim, Graham and Stewart",Treatment: Administered bronchodilators and oxygen therapy for chronic obstructive pulmonary disease (COPD).',Baby walk sing on lot whether east. Task yeah seven provide theory.,Fish partner hair wear positive.,2463,Hill Ltd,Rejected,-5321,Sanders-Blake,Critical Disease Specific Plans,0c6f5df0-f64c-475b-90c4-dce66817eb40,Family,05-03-2025,67541,213,22-02-2025,05-06-2025,GB53QESV80378617858623,0c6f5df0-f64c-475b-90c4-dce66817eb40,Desiree Jones,Unit 7157 Box 6097 DPO AE 47282,(480)481-6029x236,jeremycollier@myers.biz,No,07-03-2024,5283,No,Disease-Specific Health Insurance Plans
e8ba55ed-fe6f-486b-9eac-a76efa47e488,CPT-31301,Annually,c742501d-f5ad-4f42-90db-d6147a9f62c3,42274,Dr. John Smith,Barrett Ltd,Treatment: Managed complications of chronic kidney disease through hospitalization and dialysis sessions.','Admission Start Date:12-06-2022; Admission End: 26-09-2023; Treatment: Treatment: Managed complications of chronic kidney disease through hospitalization and dialysis sessions.'',Guy hope idea capital.,39943,"Mcdowell, Campbell and Keller",Approved,511.542.3598x8124,"Rose, Hinton and Andrews",Skin and Dermatology Care,80e18cb3-eabb-477c-8d37-271be56f2d81,Family,14-02-2025,5734,946,26-01-2024,27-08-2025,GB43THBH70102508507153,80e18cb3-eabb-477c-8d37-271be56f2d81,Yvette Fox,"07061 Cindy Cape Apt. 219 Larrybury, OR 09575",001-877-112-7112x90522,victoriatrevino@yahoo.com,No,12-06-2022,7438,No,Comprehensive Health Plan
f083aa44-e3af-47c1-9053-90b2848c8f65,CPT-21718,Annually,ef6ecdd8-3cec-4e4d-8aeb-511bbe0324b1,86768,Dr. Nathan Cox,"Hawkins, Johnson and Nguyen",Treatment: Administered peritoneal dialysis and provided post-treatment counseling.','Admission Start Date:28-04-2023; Admission End: 23-05-2023; Treatment: Treatment: Administered peritoneal dialysis and provided post-treatment counseling.'',Example trip arrive year.,78571,"Huber, Collins and Payne",Approved,+1-678-886-3104x87689,Hess-Lara,Critical Disease Specific Plans,a0787217-0ef2-4279-b620-ee647fdce453,Family,20-03-2023,9089,586,30-08-2020,06-06-2023,GB66QDKJ18203116047017,a0787217-0ef2-4279-b620-ee647fdce453,Cynthia Cabrera,"59706 Latoya Road Matthewstad, NJ 03064",(123)073-9179,pgutierrez@yahoo.com,No,28-04-2023,4615,Yes,Disease-Specific Health Insurance Plans
c07337d8-faeb-477a-afdb-066bb70e0342,CPT-62905,Monthly,55df81d8-dcda-41d9-a4f8-eccc9de79523,91509,Dr. James Marshall,"Chan, Wood and Madden",Treatment: Performed minor surgery for injury repair.','Admission Start Date:12-09-2024; Admission End: 09-08-2025; Treatment: Treatment: Performed minor surgery for injury repair.'',Guess today claim ground.,53037,"Ryan, Alvarez and Estrada",Rejected,9761352811,"Middleton, Brandt and Owens",Covers Ambulance Fees,ccad3585-226a-4e96-8f1f-63ee48de6ce9,Individual,29-01-2025,59677,286,12-11-2024,15-08-2025,GB95CRZZ57223683953292,ccad3585-226a-4e96-8f1f-63ee48de6ce9,Matthew Silva,"55680 Brown Throughway Lake Shannonton, IA 78221",+1-589-382-7179x835,michaeljenkins@harmon.com,No,12-09-2024,8102,Yes,Senior Citizen Health Insurance Plans
cf8a4086-ba09-4b11-a133-935d06df09cf,CPT-41491,Annually,5b8a6371-1e9b-4e7e-bfae-6405b8f3a3e6,97454,Dr. Leah Cox,Diaz PLC,Treatment: Provided counseling for mental health support.',Food mouth seem country individual safe. Avoid whatever space risk put against.,Consumer interest my pretty store detail.,22371,"Bryant, Ortiz and Sherman",Rejected,787.942.9623x8129,Fitzpatrick-Baker,Critical Disease Specific Plans,ec89ebba-9d3a-4eb7-965e-ae3a571c6549,Family,17-02-2025,6768,627,03-02-2021,06-06-2025,GB49CPSL84892147842448,ec89ebba-9d3a-4eb7-965e-ae3a571c6549,Haley Green,"6187 Larry Fort Apt. 502 East Andrewborough, CO 08463",482-954-0507x600,chapmanamy@gmail.com,Yes,05-06-2021,963,Yes,Disease-Specific Health Insurance Plans
d61641c7-10d0-47c4-9ed8-6eff8fffc712,CPT-34970,Monthly,23ba00f1-40e7-4821-b2dd-fcc631e4a20e,18928,Dr. Alexander Powell,Smith-Johnson,Treatment: Provided counseling for mental health support.',Beat town mention three across economy.,Project pretty individual account writer.,83298,Brady Group,Rejected,(420)813-7798x169,Copeland-Johnson,Mental Health Care,099f73f0-4ad2-4a19-a457-4653cee27f52,Individual,26-04-2023,43727,545,20-05-2020,28-04-2023,GB68FOHL36393403211323,099f73f0-4ad2-4a19-a457-4653cee27f52,Jordan Singh,"0375 Zachary Drive North Eric, NV 00975",(137)948-9553x77198,lsims@yahoo.com,Yes,19-05-2024,7127,Yes,Comprehensive Health Plan
2c0f5f2a-1c5f-42d4-b5bf-d74f7198f714,CPT-39270,Monthly,d5d42cdc-8db2-4eec-bf0c-574678c9cbf9,88497,Dr. Paula Reed,Johnson-Shea,Treatment: Provided counseling for mental health support.',All theory allow daughter season this condition. Then itself argue structure turn follow.,Resource east top specific should why any.,71104,Taylor-Nielsen,Rejected,001-846-653-3721,Marks-Rose,Protection from Growing Medical Expenses,aabc1587-c5eb-446a-9d9a-ec71a8a0decc,Family,25-07-2021,58382,393,29-08-2020,28-08-2021,GB58ZPFU68350231319934,aabc1587-c5eb-446a-9d9a-ec71a8a0decc,Alison Maynard,"501 Adams Trafficway Port Marcus, WA 58037",+1-458-842-2064x195,joann73@hotmail.com,Yes,10-02-2025,2470,Yes,Senior Citizen Health Insurance Plans
676eb515-1d24-466b-b5cf-da55a17754c8,CPT-60725,Annually,3b02245f-3e28-45d0-a826-c09b98d05b4d,18453,Dr. Aaron Harmon,Smith Inc,Treatment: Administered antipyretics and managed symptoms of dengue hemorrhagic fever.','Admission Start Date:17-07-2022; Admission End: 04-05-2023; Treatment: Treatment: Administered antipyretics and managed symptoms of dengue hemorrhagic fever.'',Kid use miss student very above.,20888,"Thompson, Campos and Murray",Approved,001-717-908-2974,Stout-Thompson,Dental Treatment Coverage,e9ff9fc5-a118-410e-a920-1e9c782a9b9a,Individual,17-11-2022,47069,376,08-11-2021,06-05-2023,GB10LZSL41639546210112,e9ff9fc5-a118-410e-a920-1e9c782a9b9a,Wendy Glover,"031 Daniel Flats North Janet, LA 73197",+1-691-851-5716x88531,thompsonlisa@gmail.com,Yes,17-07-2022,2022,Yes,Senior Citizen Health Insurance Plans
eae679e5-fd73-47a1-97d2-b567400465f6,CPT-70626,Quarterly,8f78c865-3265-4e4f-874b-7fb976bda1be,5210,Dr. Danny Holt,Jones-Anderson,Treatment: Hospitalized for treatment of severe asthma exacerbation with corticosteroids.',Admit despite important kitchen.,Large door now less budget responsibility great.,93473,Miller-Hill,Rejected,386.470.5298x001,Robinson and Sons,Critical Disease Specific Plans,2691016c-f8c7-4603-83c0-d2750842e6d2,Individual,10-01-2024,65941,87,02-11-2022,16-10-2024,GB50FLRR90923903069183,2691016c-f8c7-4603-83c0-d2750842e6d2,Lauren Gonzales,"011 Castro Fork Torresbury, AK 30752",+1-229-288-8454x526,shannonstephenson@hotmail.com,Yes,05-11-2023,8833,Yes,Disease-Specific Health Insurance Plans
751416e4-e881-4520-8212-a63e8de912c8,CPT-22879,Annually,b2eefe32-305d-4238-8001-cbc597355faa,48355,Dr. Madison Perkins,"Mckinney, Williams and Miller",Treatment: Vi',Operation politics half along test size walk. Huge trip serious check whom woman order what.,Product avoid memory science now expert eat.,40032,Haynes-Martinez,Rejected,186-214-9503x225,Haney Inc,Critical Disease Specific Plans,c9a9e417-7dcb-4866-b4e2-9fd909c5462e,Individual,25-10-2024,337,291,09-04-2022,12-10-2025,GB82BPQV55058277852491,c9a9e417-7dcb-4866-b4e2-9fd909c5462e,Ryan Burton,Unit 5387 Box 4839 DPO AA 89279,194-717-5715x072,kelly59@house.org,Yes,06-01-2020,9046,Yes,Disease-Specific Health Insurance Plans
b14b2b82-949c-48cb-96ee-98e12d1f662d,CPT-76308,Quarterly,25c96dbc-2245-4794-badd-366f0b572874,23252,Dr. Richard Cooper,Chambers-Frazier,Treatment: Provided physiotherapy for mobility improvement.',Seek he hour service. Interesting which she minute.,Worker poor method include.,47582,Reed Group,Approved,376-127-0372,Robinson Inc,Critical Disease Specific Plans,0e92a542-fd03-4e22-905d-8a0a306ef125,Individual,21-10-2021,97978,100,27-08-2020,10-07-2022,GB17WDZT81686627879812,0e92a542-fd03-4e22-905d-8a0a306ef125,Laura Smith,"6831 Murphy Route Suite 293 Robertburgh, AL 45627",410-508-5903x070,lsheppard@hotmail.com,Yes,30-12-2021,8250,Yes,Disease-Specific Health Insurance Plans
c7f27c9c-7ef3-45dd-afea-fd2c14b81c3e,CPT-83080,Quarterly,04e4aa1e-cd30-4103-9089-5f2cc58e8305,21742,Dr. Regina Stokes,Mcguire-Clark,Treatment: Administered bronchodilators and oxygen therapy for chronic obstructive pulmonary disease (COPD).',Science between artist course wear growth religious.,Certain relate whether view sort job.,31564,Singleton-Holder,Rejected,219967411,"Vang, Cooper and Carpenter",Skin and Dermatology Care,0ff7872c-bdf8-4893-a045-c59fdcba57eb,Corporate,10-09-2023,94433,344,18-07-2022,24-04-2024,GB35SFQY81757318847897,0ff7872c-bdf8-4893-a045-c59fdcba57eb,Katherine Wallace,"58206 Taylor Mission Chungborough, NH 91044",695.537.3708,scottalexander@gmail.com,No,21-08-2024,9804,Yes,Comprehensive Health Plan
15cbd0c2-4058-4bad-a6d0-6500d01bc5f5,CPT-60108,Quarterly,b91b1712-3974-4e7c-aca6-e8685d3de0bf,41617,Dr. Jennifer Anderson MD,Richardson and Sons,Treatment: Performed hemodialysis for renal failure with continuous monitoring of vitals.','Admission Start Date:21-01-2021; Admission End: 28-08-2022; Treatment: Treatment: Performed hemodialysis for renal failure with continuous monitoring of vitals.'',Staff local back assume its follow born news.,78928,"Matthews, Roman and Tapia",Approved,539-952-1125x35954,"Fuller, Rosales and Dixon",Critical Disease Specific Plans,634036f2-4665-4c41-be1b-f43ca790620e,Family,12-09-2022,59506,611,06-02-2021,05-11-2022,GB47TVZF84602570806537,634036f2-4665-4c41-be1b-f43ca790620e,Jennifer Bradley,"984 Brett Crest Courtneyburgh, LA 35985",6684599652,maria62@yahoo.com,Yes,21-01-2021,413,No,Disease-Specific Health Insurance Plans
3abefd1c-06df-43f4-8d96-5d7278d48160,CPT-99131,Annually,d7eb5e96-3015-4063-ba7d-5a4de5087244,12537,Dr. Sarah Hernandez,Meadows Group,Treatment: Performed coronary artery bypass surgery successfully.','Admission Start Date:02-06-2022; Admission End: 29-10-2024; Treatment: Treatment: Performed coronary artery bypass surgery successfully.'',Computer agree once.,13014,"Wilson, Farley and Phillips",Rejected,001-466-976-4980x8838,"Hardy, Brown and Snyder",Diabetes-Specific Benefits,f0ba671b-bdde-40da-bd10-edde45dba8dc,Family,05-09-2024,16321,473,21-07-2024,05-08-2025,GB33QNVG03035196081637,f0ba671b-bdde-40da-bd10-edde45dba8dc,Jasmine Rodriguez,"242 Gardner Landing Suite 214 Port Franciscoview, NM 82633",285.377.7464x444,greenthomas@yahoo.com,Yes,02-06-2022,3667,No,Senior Citizen Health Insurance Plans
af19fe6b-d12f-4b32-bb1d-11531f6cbca6,CPT-92105,Monthly,f7042f3b-cc7e-44e7-860c-13b0edf54256,1119,Dr. Chelsea Harrison,Jackson Group,Treatment: Provided prenatal care and routine ultrasound monitoring.',Represent reduce item cultural. Body this indicate.,Although maintain especially million wrong.,44245,Burns-Cox,Rejected,106-974-8210,"Williams, Barber and Daniel",Critical Disease Specific Plans,a4edb0f8-518e-4d97-9d09-5ba7c7e45f69,Family,22-04-2024,98868,167,12-10-2020,16-10-2024,GB71QGVU54886319745593,a4edb0f8-518e-4d97-9d09-5ba7c7e45f69,Miss Melissa Cardenas MD,"028 Cheryl Branch Apt. 048 Michelleview, NV 45504",+1-292-541-8846x25692,donna01@watson-anderson.com,Yes,10-07-2020,6732,No,Disease-Specific Health Insurance Plans
fa8cc616-617a-4101-988c-3ae2333c8224,CPT-86987,Quarterly,b85c985e-7288-4203-b155-61636f04b660,93192,Dr. Rodney Williams,Berger Ltd,Treatment: Performed hemodialysis for renal failure with continuous monitoring of vitals.','Admission Start Date:01-01-2022; Admission End: 09-04-2023; Treatment: Treatment: Performed hemodialysis for renal failure with continuous monitoring of vitals.'',Magazine large cup different song company.,97376,Valentine PLC,Rejected,324.255.1585x4568,Alexander-Booker,Protection from Growing Medical Expenses,4a25c72f-9ba0-414b-ab84-233dfa63968d,Family,25-08-2024,60461,946,16-02-2024,02-12-2024,GB61IVYI90811832880490,4a25c72f-9ba0-414b-ab84-233dfa63968d,Adam Ray,"271 Michael Lakes New Christopher, SD 61821",516.903.5902,brad54@hayes-smith.com,Yes,01-01-2022,8280,No,Senior Citizen Health Insurance Plans
9e5dbdf2-6191-40b2-87f6-b5a3c2f49eda,CPT-43980,Quarterly,63590a3f-a793-40d0-a9a8-ccf1c1cae0ad,82047,Dr. Cathy Hahn,Griffith-Evans,Treatment: Conducted postpartum evaluation and counseling on lactation.',Different ago stage choose speech every image.,Will his imagine stuff little.,10431,Jackson-Hunt,Approved,085.712.7420x1033,Morgan-Barber,Low-Cost Premium for Young People,8a33029d-51e7-490c-9b1d-2944261ecb06,Individual,12-02-2024,85864,362,26-05-2022,08-07-2024,GB62URCO29407586869118,8a33029d-51e7-490c-9b1d-2944261ecb06,Timothy Wade,"3416 Ronald Common Atkinsonshire, MO 30495",657-357-9379x4862,qjones@garza.info,No,10-07-2020,8143,Yes,Comprehensive Health Plan
5a0b3ab0-7b0f-4066-852a-d509b77cac5e,CPT-60161,Quarterly,2ce22eba-4685-404a-b9a7-9c0dd9856466,35939,Dr. Billy Morris,Green and Sons,Treatment: Vi',Floor section TV fight. Born moment debate everything line simple fight.,Myself center medical place phone modern really.,91729,"Jackson, Martin and Meza",Approved,001-359-211-7887x6594,"Olsen, Lopez and Wall",Mental Health Care,1ff90116-46ac-4321-939f-b61e87b68c07,Corporate,28-01-2025,56813,231,02-01-2025,15-07-2025,GB85JRWB19373431117324,1ff90116-46ac-4321-939f-b61e87b68c07,Stephanie Oconnor,"880 Shawn Gateway Nashchester, SC 56076",808786784,nicoleward@pratt.com,Yes,17-02-2024,8783,Yes,Comprehensive Health Plan
76865c97-7656-4b6c-b75e-9633072038bc,CPT-99860,Monthly,c28623ae-c348-4a9c-8174-74714bb2ba22,58834,Dr. Michelle Davis,Stephens-Hamilton,Treatment: Managed complications of chronic kidney disease through hospitalization and dialysis sessions.','Admission Start Date:06-01-2023; Admission End: 11-11-2023; Treatment: Treatment: Managed complications of chronic kidney disease through hospitalization and dialysis sessions.'',Write ask personal.,81447,Donovan Ltd,Rejected,967-158-1934,Conley-Clark,Critical Disease Specific Plans,d5821f71-ffa6-4bfb-a574-37898f9de74c,Corporate,16-02-2023,7667,256,11-10-2022,06-12-2023,GB61BDQR07773476577770,d5821f71-ffa6-4bfb-a574-37898f9de74c,Kimberly Caldwell,"PSC 6889, Box 7309 APO AE 24541",(295)495-7100x7605,danielpena@baker.org,No,06-01-2023,6603,Yes,Disease-Specific Health Insurance Plans
931f0e34-2d17-469f-ae67-2c5fd2930959,CPT-51763,Monthly,d71953b3-6091-4c7d-b309-940e2625232b,47724,Dr. Jamie Randall,"Wolfe, Oliver and Hernandez",Treatment: Conducted angioplasty and monitored for complications.',Expect experience inside yourself reason late.,Finish successful poor girl visit several board.,60556,"Mccall, Ali and Floyd",Approved,(912)836-3751x91473,Jones LLC,Includes Yearly Medical Check-Ups,75344489-5be0-48ac-a0b9-46a3c3e3879f,Individual,27-09-2024,43318,906,01-01-2024,12-01-2025,GB88SVEX10469293669146,75344489-5be0-48ac-a0b9-46a3c3e3879f,Jennifer Turner,"03153 Audrey Club Suite 681 Deanfort, PA 60970",+1-256-099-5571x3965,jason39@hotmail.com,No,04-05-2023,1420,No,Senior Citizen Health Insurance Plans
69baa706-260b-42a9-8100-e677f0b92b29,CPT-39904,Quarterly,8b267fb3-344a-43ac-bac9-993eeede565e,68148,Dr. Samuel Moore,"Pierce, Warren and Miller",Treatment: Provided prenatal care and routine ultrasound monitoring.',Argue anything floor try job. Treat month occur market security.,Far bed stage later score.,80465,Simon-Smith,Rejected,329-083-0390,Bailey-Newton,Includes Yearly Medical Check-Ups,31000ecb-f55f-46b1-8383-a521a5f378ab,Corporate,30-06-2023,89502,211,07-07-2022,28-01-2024,GB90RYBX94622147341020,31000ecb-f55f-46b1-8383-a521a5f378ab,Debbie Sanchez,"177 Jacqueline Streets Robertfort, ME 76385",(259)829-2342,jessica31@lee-woodard.com,No,14-03-2021,6458,Yes,Comprehensive Health Plan
2c8dc639-8e45-4495-a869-c8128caf8166,CPT-34913,Annually,d6f13859-5047-46be-8d84-476182823f09,38158,Dr. Alicia Mckay,Roberts and Sons,Treatment: Administered bronchodilators and oxygen therapy for chronic obstructive pulmonary disease (COPD).',Beautiful hit could size. Main red apply many.,Upon begin blood ready through.,81675,Wright Group,Rejected,455.728.1561x8117,"Hansen, Donovan and Robinson",Includes Yearly Medical Check-Ups,0f72fa1c-cdc2-46cd-a603-47dac02afe21,Individual,17-08-2023,49822,362,04-05-2020,09-02-2024,GB04FJEZ86132164544418,0f72fa1c-cdc2-46cd-a603-47dac02afe21,Eric Blankenship,USNV Nelson FPO AE 44066,794.853.1929x778,alyssamichael@wilson.com,No,14-08-2021,6354,Yes,Senior Citizen Health Insurance Plans
338b783f-cc6c-4b77-8305-19fb607f2bdf,CPT-32738,Annually,493d2867-3ef9-415e-9faf-84b8cdae2115,63748,Dr. Edwin Reynolds,Tyler Inc,Treatment: Assisted with delivery and provided neonatal care.',Bit figure blue before become choose rich.,Management even trade couple task business every.,93821,Turner Inc,Rejected,501.305.3829x516,Hernandez Group,Respiratory Health,ebef5d2d-fb56-464a-9c9a-86faa42f6005,Individual,24-07-2020,90659,600,16-05-2020,07-07-2021,GB96RUVH30972477269625,ebef5d2d-fb56-464a-9c9a-86faa42f6005,Danielle Sanchez,"116 White Glens Sierratown, MA 92429",+1-003-049-2659x95858,cgreene@gmail.com,No,15-10-2022,8631,Yes,Senior Citizen Health Insurance Plans
27293738-32a9-4513-996f-1fed24601b65,CPT-54153,Annually,3ffa3df1-abb5-4d9b-b098-7ef0142fddec,34445,Dr. Michael Lopez,Cunningham Ltd,Treatment: Performed minor surgery for injury repair.','Admission Start Date:19-11-2023; Admission End: 23-10-2024; Treatment: Treatment: Performed minor surgery for injury repair.'',Debate evidence central pay know.,70307,Hart Ltd,Rejected,+1-544-753-2517x47384,"Wheeler, Vasquez and Christian",Skin and Dermatology Care,b7550cec-41c5-4be4-a523-4606adcf8dce,Family,29-06-2024,33971,591,27-12-2020,14-03-2025,GB41RIGQ16965629395846,b7550cec-41c5-4be4-a523-4606adcf8dce,Brandon Graham,"412 Gay Track Apt. 003 Thompsonport, IL 49848",(110)658-1950x780,john27@wilson.com,Yes,19-11-2023,7059,Yes,Comprehensive Health Plan
31e2c462-7b87-4219-93a5-13d856dd0466,CPT-12336,Annually,d66a71a6-5afe-46db-832d-1aba6570a4ab,11246,Dr. Mark Perry,Clark-Lyons,Treatment: Administered bronchodilators and oxygen therapy for chronic obstructive pulmonary disease (COPD).',Country suffer radio may according seven speak seek.,Recent like street.,16340,Morgan-Brown,Rejected,658-512-2761x187,Brennan Group,Diabetes-Specific Benefits,71fd43f0-a3dc-4fbf-b7df-37953ce82b02,Individual,25-07-2024,23595,644,05-06-2022,03-03-2025,GB84IENM45600406048803,71fd43f0-a3dc-4fbf-b7df-37953ce82b02,Justin Garcia,"61202 Thomas Garden Apt. 952 Port Melindatown, FL 51268",4317661891,aaron27@christensen.com,Yes,21-05-2020,935,No,Senior Citizen Health Insurance Plans
3f498144-95b0-465d-a2f6-dd7d877451a3,CPT-49119,Quarterly,a7e42d43-3c8e-4c5a-b41a-fe34de7481c8,68201,Dr. Gregory Ramirez,Mcclure LLC,Treatment: Conducted angioplasty and monitored for complications.',Improve can security among explain yet.,Election affect room type. Fight last gas see.,81754,Hansen Ltd,Rejected,(914)709-5383x285,Vaughn-Hill,Hospitalisation Benefits,7dae0916-cba2-47d5-bdeb-1cf11ad0bb36,Family,06-12-2024,73701,932,04-12-2024,15-10-2025,GB76OIDP44776445449609,7dae0916-cba2-47d5-bdeb-1cf11ad0bb36,John Wilson,"5838 Thomas Plaza West Davidbury, MS 02338",889.230.7053,ipeck@yahoo.com,No,06-03-2022,6256,Yes,Senior Citizen Health Insurance Plans
0aa7136b-c730-470f-8fe6-53154aded400,CPT-74604,Monthly,119247c8-e48c-4c8a-a755-eb6ea8e2dcf9,6036,Dr. Deborah Gallagher,"Holland, Valdez and Smith",Treatment: Assessed pre-surgery and provided comprehensive eye care instructions.','Admission Start Date:04-02-2025; Admission End: 02-10-2025; Treatment: Treatment: Assessed pre-surgery and provided comprehensive eye care instructions.'',Hope anything just several. Big check song.,27802,"Fleming, Walker and Lawson",Rejected,+1-304-354-5648x31452,"Jensen, Brooks and Phillips",Mental Health Care,91337d9d-8031-41d0-b936-25a2d22196be,Corporate,27-02-2025,4802,307,15-02-2025,13-10-2025,GB14ATCU23504448298307,91337d9d-8031-41d0-b936-25a2d22196be,Christopher Tucker,"81901 Brooks Grove Apt. 948 Brittanyview, TX 41698",312-995-8828,rvaughan@lewis.com,No,04-02-2025,3026,Yes,Comprehensive Health Plan
e9f3ab8d-70ac-4af1-ab90-1d7c68570569,CPT-43488,Monthly,850aa528-2611-423f-b49b-c49c3286cf6d,80539,Dr. Brett Robbins,Lopez-Simon,Treatment: Vi',Feel how heart always get direction represent. Politics rate grow.,Serve time security discover education financial.,3052,"Lewis, Newton and Alvarez",Approved,+1-013-989-8999x4783,"Stein, Finley and Lee",Includes Yearly Medical Check-Ups,be14e796-0f31-4fcf-8106-568ad2fc79cd,Individual,24-06-2024,64814,424,28-04-2023,10-07-2024,GB23XOOH65607952503656,be14e796-0f31-4fcf-8106-568ad2fc79cd,Thomas Jones,"PSC 6324, Box 4019 APO AA 20966",001-509-572-4960,nelsonscott@hernandez.org,Yes,10-12-2021,7757,Yes,Senior Citizen Health Insurance Plans
2349fcb4-623c-4a98-8cd4-ca23d18aae21,CPT-59609,Annually,88f43e4a-709d-4c39-9f9a-a39c6a9bf044,5571,Dr. Maureen Johnson,"Torres, Lawrence and Rollins",Treatment: Assessed pre-surgery and provided comprehensive eye care instructions.','Admission Start Date:03-01-2021; Admission End: 15-04-2022; Treatment: Treatment: Assessed pre-surgery and provided comprehensive eye care instructions.'',Drive lay understand hold go concern friend.,51970,Thompson Group,Rejected,+1-622-577-4354x5989,Stafford PLC,Critical Disease Specific Plans,ae8f6786-053a-4aad-a904-749210f6a243,Corporate,25-08-2024,75792,22,10-06-2024,02-09-2024,GB20JXGI14025815385299,ae8f6786-053a-4aad-a904-749210f6a243,Ellen Clark,"68022 Ashley Rest Suite 827 North Cassandra, NM 20099",8533564717,shellyday@gmail.com,No,03-01-2021,7866,No,Disease-Specific Health Insurance Plans
0287dd2a-8e2c-49ab-ad98-b3d0b895f4a3,CPT-61178,Quarterly,3d231f91-83dd-4ee9-9b89-974b6bedbd96,64009,Dr. Nathan Finley,Braun-Brown,Treatment: Conducted postpartum evaluation and counseling on lactation.',Heart somebody skill look site. We foreign fall modern water eye security mission.,Hard early yes particularly what.,92660,"James, Williams and Mercado",Rejected,001-873-362-7458x01763,Meyers-Smith,Critical Disease Specific Plans,f33cdc7d-d09a-43fd-b9f0-3f470807d7a6,Individual,01-10-2024,60984,950,28-05-2024,20-01-2025,GB50VASV66733549597031,f33cdc7d-d09a-43fd-b9f0-3f470807d7a6,Steven Henson,Unit 9298 Box 2513 DPO AE 64330,(653)289-0067x61092,alyssafarmer@hotmail.com,No,11-03-2022,6536,Yes,Disease-Specific Health Insurance Plans
4098d145-6e40-4d1a-9ce1-faefbb4dc71d,CPT-36347,Annually,393720c9-6474-49f2-a0ad-7774115c9563,45081,Dr. Jerry Williams,Harrison Inc,Treatment: Conducted routine check-up and prescribed vitamins.',Seem perform success scene education shake bring.,Never top friend increase development.,93450,Gilmore Ltd,Approved,898-301-2618x2495,"Martinez, Nunez and Wyatt",Covers Ambulance Fees,154ae89a-e4d5-4889-adf4-bb3dffa913b2,Individual,08-06-2023,84614,58,09-04-2022,29-06-2023,GB68IBPA95363061739766,154ae89a-e4d5-4889-adf4-bb3dffa913b2,Thomas Nguyen,"44011 Ryan Parkways Brianberg, DE 10455",300.367.4988x74547,jamesbrown@cohen.com,Yes,29-04-2022,4451,Yes,Senior Citizen Health Insurance Plans
54b81950-8ca1-427f-827c-4bdaba8782b1,CPT-98126,Annually,77f2d4ca-4995-4ccb-94fb-bc67fea74e75,30671,Dr. Holly Henry,Willis-Stephens,Treatment: Performed cataract removal and implanted intraocular lens.',Back why especially Democrat understand clearly physical. Fill line realize management how.,Member church best morning memory.,2269,Knight and Sons,Rejected,910.920.0679x72032,Rodriguez-Rodriguez,Maternity Benefits,eafc0bc4-c1dc-4575-bbda-aef2e4985214,Individual,15-08-2024,90415,620,01-08-2023,18-03-2025,GB07FYBU66084166266407,eafc0bc4-c1dc-4575-bbda-aef2e4985214,Kimberly Rodriguez,"11897 Brianna Shoal Cooperfort, NH 43715",856-657-1780x045,heidiharper@gmail.com,No,11-08-2024,1605,Yes,Comprehensive Health Plan
17a673be-d538-4d6b-89fb-6f5a5845835b,CPT-40987,Monthly,85244854-114f-4b89-8caa-b2f11082c5ce,16164,Dr. James Evans,"Bishop, Lee and Wilson",Treatment: Conducted hospital-based monitoring for critical dengue shock syndrome cases.','Admission Start Date:04-03-2022; Admission End: 27-09-2023; Treatment: Treatment: Conducted hospital-based monitoring for critical dengue shock syndrome cases.'',Until response thing around bag view contain.,1965,Williams Ltd,Rejected,(582)131-2751x187,Brown Group,Maternity Benefits,61539476-ae26-4859-8737-f5d1de05f250,Individual,03-05-2024,34942,61,12-08-2023,23-06-2024,GB43KWBQ53937185253894,61539476-ae26-4859-8737-f5d1de05f250,Lawrence Hill,"498 Harper Well Apt. 034 Wesleyview, AR 03893",(819)192-7000x8964,samanthasawyer@house.net,Yes,04-03-2022,3338,Yes,Comprehensive Health Plan
29decbd7-55d2-4746-ae93-625a088e2200,CPT-26200,Annually,5969979e-4210-4994-87f6-fba0bedb87ae,77452,Dr. Wanda Mcdonald,Pierce-Miranda,Treatment: Managed acute pulmonary embolism through anticoagulation therapy under close supervision.',Bed cut will director turn back conference. Reason institution discussion ready south number always.,Hold cost suggest treat. Begin city measure.,38914,Jones LLC,Approved,456.890.3531x0724,"Brown, Bailey and Henson",Diabetes-Specific Benefits,0393e438-6211-45e1-a06b-b5aeb3cbd30c,Corporate,11-06-2023,71350,89,03-10-2020,29-08-2023,GB81VMZW98867293558717,0393e438-6211-45e1-a06b-b5aeb3cbd30c,Christopher Miller,"78161 Justin Tunnel Apt. 238 South Melissa, MO 47045",305.334.5983x3140,mevans@hotmail.com,Yes,30-11-2022,4237,No,Senior Citizen Health Insurance Plans
330f14db-cdda-4a37-95af-b33372702c69,CPT-57100,Monthly,1d952398-b0ca-49d0-ab46-6bd22371a0ac,48884,Dr. Jason Snyder,"Ramsey, Pham and Collins",Treatment: Performed cataract removal and implanted intraocular lens.',In here will work though allow heavy. Total face forget group.,Floor week free him push. Rule floor a.,33415,Mccullough PLC,Rejected,001-023-369-0008x2308,"Johnson, Nixon and Rasmussen",Dental Treatment Coverage,cc3c6c69-9e7f-473c-8f24-71d1f3bbd257,Corporate,03-03-2021,64441,594,14-02-2020,14-11-2021,GB79UJPW64103267424743,cc3c6c69-9e7f-473c-8f24-71d1f3bbd257,Michael Mendez,"19829 Susan Mountain North Isaacbury, NM 00783",(646)676-5264,briantate@hotmail.com,Yes,11-01-2021,5194,Yes,Senior Citizen Health Insurance Plans
13a9da59-f663-47ee-8fd5-97ef49dc7b84,CPT-73705,Quarterly,688c5559-7dee-44cb-b496-3c645a5e0285,33124,Dr. Christopher Miller,Potter and Sons,Treatment: Hospitalized for treatment of severe asthma exacerbation with corticosteroids.',Enjoy painting expect prove.,Cut page pay particular personal.,4702,"Fields, Mann and Reilly",Rejected,060-277-5468x51178,Krause Ltd,Critical Disease Specific Plans,fef6031f-2ef4-4b55-9180-5c006e4ce9b2,Corporate,06-10-2024,38111,212,10-06-2023,20-12-2024,GB83XHZP17367241323882,fef6031f-2ef4-4b55-9180-5c006e4ce9b2,Robert Stanley,"003 Johnson Square Suite 768 New Davidhaven, KS 93347",001-689-774-0469x435,bguzman@kennedy.com,Yes,10-01-2023,1744,Yes,Disease-Specific Health Insurance Plans
25728dab-8df8-4c78-8b76-d0215c93e109,CPT-69394,Annually,0c500165-23bb-4e24-9a0e-303a949fcba0,953,Dr. Michaela Weeks,"Collins, Oneill and Clark",Treatment: Provided physiotherapy for mobility improvement.',Statement sound development color phone real. Increase concern only story dinner different mission.,Practice glass top along across.,53557,Perez Inc,Rejected,001-296-145-8942x52744,Williams Inc,Respiratory Health,5d4370fa-a8b1-47e8-9c2e-384eb060a3af,Individual,31-01-2025,67423,640,13-12-2024,09-01-2026,GB60ZOUK56799701157789,5d4370fa-a8b1-47e8-9c2e-384eb060a3af,Aaron Cohen,"172 Curtis Parkways Suttonberg, AK 03840",365-225-0096,brownbrittany@morrow.biz,No,17-01-2022,8946,No,Senior Citizen Health Insurance Plans
b4dc5be3-af16-4a94-89e1-0f30f12fee0d,CPT-96795,Monthly,5f22957d-50d2-4f0b-8e63-fe188471c14b,94909,Dr. Kim Spencer,Jones-Long,Treatment: Administered post-operative eye drops and advised on vision recovery.',Part out white yeah population door century get. Husband Mrs section amount suffer development second.,Structure close both matter.,52761,"Moore, Wilkerson and Sherman",Approved,+1-857-648-7023x8809,"Wong, Mcguire and Merritt",Diabetes-Specific Benefits,fdd17a2f-2e03-4b53-8ef5-4c3d2a83876a,Family,06-02-2022,69420,406,17-07-2020,07-07-2022,GB69RZRA94364960874467,fdd17a2f-2e03-4b53-8ef5-4c3d2a83876a,Michelle Davila,"8551 Perry Spur Suite 797 Melissaton, WA 36307",001-131-874-9416x3280,gallowaykimberly@hotmail.com,No,19-10-2020,3762,Yes,Senior Citizen Health Insurance Plans
3448522d-50f4-4176-9420-6a677b2d6f42,CPT-60550,Annually,52bb73b0-d641-4114-9e72-abb84da333c6,91667,Dr. Lori Martinez,"Davenport, Hall and Reed",Treatment: Vi',Teach experience attorney forward western seek learn.,Thus scientist prove contain red lose.,62657,Russo Inc,Rejected,664.119.5164x84985,"Hall, Orozco and White",Hospitalisation Benefits,4e6e06ff-cfa8-433f-9c79-1170300ba25b,Family,15-12-2024,30125,498,01-11-2024,20-12-2024,GB39BWEN63003778262663,4e6e06ff-cfa8-433f-9c79-1170300ba25b,Benjamin Ramirez,"4132 Stokes Ridge East Alexborough, MD 89669",(056)792-0576,larry52@yahoo.com,No,02-05-2023,1584,Yes,Senior Citizen Health Insurance Plans
0e4b8737-1d05-4dca-8d8d-9238827d0ddb,CPT-79536,Monthly,e05ce861-f481-4e0e-848d-5ef1e1298b32,10356,Dr. Joseph Adams,Thomas-Cooke,Treatment: Conducted postpartum evaluation and counseling on lactation.',Film sometimes able kid. Song state yet travel four believe determine.,Everyone affect inside shoulder majority article.,39177,"Petersen, Valencia and Peterson",Rejected,(197)571-4322x933,Hall-Boone,Cardiovascular Health,0aaad621-6fb6-4f32-9348-462c827d330b,Individual,31-10-2024,89998,207,11-03-2024,02-04-2025,GB22SFEZ24937372168004,0aaad621-6fb6-4f32-9348-462c827d330b,Jacqueline Jackson,"9983 Stephanie Motorway Mullenshire, ID 22124",001-857-176-0938,mreyes@sanders-medina.com,Yes,16-02-2020,8369,Yes,Senior Citizen Health Insurance Plans
096d5f6d-fc8a-40a7-b288-922051f7520e,CPT-31594,Quarterly,13c813ff-a345-434b-a582-35e522cd3bde,17415,Dr. Robert Mason,Cortez Inc,Treatment: Performed coronary artery bypass surgery successfully.','Admission Start Date:01-10-2020; Admission End: 28-01-2021; Treatment: Treatment: Performed coronary artery bypass surgery successfully.'',Two some cup budget maintain see.,48832,Boyd-Arnold,Rejected,-7898,Smith LLC,Includes Yearly Medical Check-Ups,f4de978c-198e-4fab-b1bf-5ddf1cc174b0,Individual,09-01-2021,8760,101,24-11-2020,02-06-2021,GB75BRQM73812316611539,f4de978c-198e-4fab-b1bf-5ddf1cc174b0,Robert Rivera,"2132 Davis Heights Apt. 506 South Henry, FL 08959",734-459-6170x9163,mcdanielbrian@jones.com,Yes,01-10-2020,5524,No,Comprehensive Health Plan
1eecc1c4-6f24-4150-a5a6-b792e3e81007,CPT-53797,Annually,72acd9f0-c4a0-47a6-80ed-afe919d17678,3488,Dr. Jennifer Howard,Charles-Diaz,Treatment: Conducted hospital-based monitoring for critical dengue shock syndrome cases.','Admission Start Date:09-05-2021; Admission End: 02-12-2024; Treatment: Treatment: Conducted hospital-based monitoring for critical dengue shock syndrome cases.'',Operation also say possible.,69174,Gillespie LLC,Approved,027-794-4686x48625,Berry-Hampton,Eye and Vision Care,5220633e-f2ff-47a0-8397-c1c27d159410,Family,18-12-2024,58618,86,01-07-2020,28-06-2025,GB90ATTL62653008499300,5220633e-f2ff-47a0-8397-c1c27d159410,Scott Cain,"8404 Brown Glen South Donaldport, IN 39535",+1-580-151-1330x1101,padillacynthia@yahoo.com,No,09-05-2021,4608,Yes,Comprehensive Health Plan
78886627-df81-43c2-a0a0-a8d666b7e93a,CPT-43561,Annually,f9d06cf8-648b-40b5-a193-14ae095c7303,30028,Dr. Jonathan Caldwell,Ramirez-Hall,Treatment: Performed coronary artery bypass surgery successfully.','Admission Start Date:04-04-2021; Admission End: 23-02-2024; Treatment: Treatment: Performed coronary artery bypass surgery successfully.'',Story soon so on coach.,47689,"Vazquez, Cooper and Snyder",Approved,(113)912-8744x9654,"Woodard, Drake and Dalton",Protection from Growing Medical Expenses,d2916636-3c7e-4f65-a0d7-e941d2e198f8,Corporate,28-08-2023,62578,76,10-05-2020,14-04-2024,GB05LBMC89713285807988,d2916636-3c7e-4f65-a0d7-e941d2e198f8,Mary Day,"62958 Thompson Village South James, DE 34204",588-490-1984,marie37@yahoo.com,No,04-04-2021,2935,No,Senior Citizen Health Insurance Plans
61d7d97c-5e2b-47e2-95ba-97e2b7ff9c25,CPT-77704,Annually,7ae1dfbf-c739-47db-88a2-fdc315a33e1f,44060,Dr. Richard Knapp,"Wade, Randall and Mosley",Treatment: Assessed pre-surgery and provided comprehensive eye care instructions.','Admission Start Date:07-10-2020; Admission End: 11-08-2024; Treatment: Treatment: Assessed pre-surgery and provided comprehensive eye care instructions.'',Eye he stay not win health.,28657,Frederick Inc,Rejected,882-206-9730x88823,Marshall PLC,Covers Ambulance Fees,865fe886-1b90-4a78-9729-c600c8b2e56f,Family,02-11-2024,31348,883,27-05-2024,05-02-2025,GB07ZKZW28690090928305,865fe886-1b90-4a78-9729-c600c8b2e56f,Joseph Warren,"305 Benson Run North Jamesbury, FL 40281",001-266-375-8311x7337,grahamcarlos@gmail.com,No,07-10-2020,84,No,Senior Citizen Health Insurance Plans
9376754f-a330-4b4f-96b9-82d0773a6ca8,CPT-43950,Quarterly,4038534d-54f0-4711-87ee-066543b278eb,25805,Dr. Robert Andrews,"Rose, Simmons and Mcbride",Treatment: Provided prenatal care and routine ultrasound monitoring.',Skill concern threat choose believe generation.,Network lose fish either time.,32746,Wood-White,Approved,934.515.0070x839,Vasquez LLC,Dental Treatment Coverage,899be2df-23d5-4755-9059-3a5f4c94a35d,Family,17-06-2024,69232,434,28-06-2023,25-01-2025,GB44SCXV53344248024166,899be2df-23d5-4755-9059-3a5f4c94a35d,Lisa Jackson,"399 Angela Walk Apt. 567 West Sarafort, SC 62672",362-311-0340,jessemorris@hotmail.com,No,03-03-2021,918,No,Senior Citizen Health Insurance Plans
a4606ca9-14e8-427e-90d8-bf0897071882,CPT-30067,Monthly,0d8c2ca8-b7b6-4320-a0fe-1847eb5069a3,56556,Dr. Dale Cochran,White Ltd,Treatment: Conducted postpartum evaluation and counseling on lactation.',Write mind Congress idea may. Laugh others line open.,Hope leader meeting recognize wide rich.,64805,Hansen-Hill,Approved,287.915.5032x610,"Wood, Hampton and Walker",Critical Disease Specific Plans,716f31a5-0087-460e-a408-a4a2b55974ec,Individual,22-11-2023,72667,826,29-11-2021,24-02-2024,GB37LIVT66500471922772,716f31a5-0087-460e-a408-a4a2b55974ec,Rebecca Mitchell,"131 Crawford Green Suite 025 New Nicholas, WV 19950",+1-268-999-3319x18948,rebeccawalker@rios-ellison.info,Yes,17-06-2020,2389,Yes,Disease-Specific Health Insurance Plans
3d8a10f6-7a34-4978-a6a3-30936bfae03e,CPT-56457,Annually,e852c1e6-3e51-4884-af61-41e9b24b6067,85613,Dr. Andrea Olsen,"Cuevas, Lopez and Walker",Treatment: Administered peritoneal dialysis and provided post-treatment counseling.','Admission Start Date:30-09-2020; Admission End: 28-06-2022; Treatment: Treatment: Administered peritoneal dialysis and provided post-treatment counseling.'',Amount buy decide tend.,11451,Morgan PLC,Rejected,(764)374-0869x508,Baker-Young,Eye and Vision Care,e6be0a5e-177e-49ca-9681-abf85b6a4f17,Corporate,19-04-2023,61215,929,27-09-2022,10-03-2024,GB17CCIB40371007583069,e6be0a5e-177e-49ca-9681-abf85b6a4f17,Joseph Acosta,"2655 Keith Loaf Kelleyland, IN 10044",001-487-184-6123x815,ytrevino@hotmail.com,Yes,30-09-2020,4665,No,Comprehensive Health Plan
ecad18cf-bbb8-4f61-8053-a94f00c080c7,CPT-19082,Monthly,3917debd-0ad3-4f58-a458-c5918e23aef6,71949,Dr. Joseph Hunt,Frank-Sutton,Treatment: Administered post-operative eye drops and advised on vision recovery.',Wrong end stock. Reveal country go.,Policy and many three anyone until company.,39632,Henderson and Sons,Approved,589-884-2237x6639,"Allen, Sexton and Peterson",Diabetes-Specific Benefits,5fed6601-01c0-4d0a-9f1a-58e88e61ad3a,Family,16-12-2024,33322,885,09-11-2023,30-01-2025,GB56MBTW25999863645827,5fed6601-01c0-4d0a-9f1a-58e88e61ad3a,Patrick Bruce,"433 Rodriguez Ramp Mcknightstad, TX 69088",9106497085,afrazier@gmail.com,Yes,19-09-2021,3711,Yes,Senior Citizen Health Insurance Plans
f09e1e10-06fe-4804-9a3a-a9e1ef76c33d,CPT-47255,Quarterly,aef81639-7743-4284-9539-7bfe2f56f05c,1504,Dr. Matthew Jackson,Berry Inc,Treatment: Conducted surgical intervention for lung cancer patients.',Could television politics remember. Investment theory fall seat by.,Writer recognize sell fear with one blue pull.,28800,"Hopkins, Miller and Miller",Rejected,827.014.9762x896,Crawford-Howard,Covers Ambulance Fees,0fbbb029-f31a-457c-aed4-abc75b4c8f0d,Family,11-10-2023,24077,226,29-09-2022,15-01-2024,GB51MPYB78264877174191,0fbbb029-f31a-457c-aed4-abc75b4c8f0d,Monica Rhodes,"396 Norris Haven Suite 644 Adamborough, MO 77270",001-996-518-9273,cindyfrank@swanson.net,Yes,25-06-2021,8814,No,Senior Citizen Health Insurance Plans
e1240582-7ce5-4e1b-bbf4-eb75801e8f11,CPT-99310,Quarterly,f817b83a-ffd7-4626-9ec1-09edfb07e5f9,28728,Dr. Trevor Johnson,"Lewis, Lopez and Herrera",Treatment: Administered pain relief for post-operative recovery.',Significant represent development church almost reason media upon. Compare prove that quite.,View piece tough eat no. Bit unit section eye.,54498,"Mckinney, Fuentes and Dean",Rejected,496-204-1461x010,"Carpenter, White and Adams",Critical Disease Specific Plans,bd4ae0c9-079e-44a6-9552-851829a3a227,Corporate,25-02-2023,58446,78,22-04-2022,03-06-2023,GB17IOXL00643868774939,bd4ae0c9-079e-44a6-9552-851829a3a227,Brian Meyers,"237 Courtney Village Apt. 017 North Erica, CT 09752",+1-408-742-0955x257,carrielee@jones.com,No,04-03-2021,1907,No,Disease-Specific Health Insurance Plans
7d47b59e-d4ab-4956-bacf-11baae7a73c8,CPT-96791,Quarterly,3880c64e-3e2d-4c14-a980-0395c0e3795e,73909,Dr. Christine Hardy,"Murray, Miller and Gill",Treatment: Administered post-operative eye drops and advised on vision recovery.',Available town wind them. Media administration recognize interesting.,Professional people note.,49340,"Mcgrath, Roman and Perez",Approved,001-713-717-8441,Medina-Brown,Critical Disease Specific Plans,949c62cc-cd10-4989-8fcf-eb00bc4520d1,Family,25-09-2021,65501,519,19-12-2020,30-01-2022,GB03TPRN56756231919467,949c62cc-cd10-4989-8fcf-eb00bc4520d1,Danielle Berry,"PSC 2262, Box 6881 APO AE 58053",818.070.5336,hwilliams@hotmail.com,Yes,11-05-2023,3739,Yes,Disease-Specific Health Insurance Plans
ec10429c-28b5-4493-906b-3c2fc9286154,CPT-66736,Quarterly,9bcb943d-c59a-468b-83ba-00dfdfb55735,89366,Dr. Brandon Casey,"Poole, Jones and Hernandez",Treatment: Administered antibiotics for infection control.',Mean ahead physical over front go.,Me herself scientist kind cost.,10306,Moore Inc,Rejected,001-076-190-9990x617,Castillo Inc,Cardiovascular Health,b60e294e-9c55-48ae-92a9-826d156d2da6,Corporate,28-02-2024,66604,592,15-07-2022,09-01-2025,GB61KTRY84674382597195,b60e294e-9c55-48ae-92a9-826d156d2da6,Brandy Rodriguez,"57109 Nancy Skyway South Samantha, WI 64066",342-516-2155x0198,david63@gmail.com,Yes,15-03-2020,2570,Yes,Senior Citizen Health Insurance Plans
3acaa553-5268-4b86-8d1a-8af3ad69ac13,CPT-84631,Annually,f0dc13ca-a6f4-4e5c-90c2-bd892baff386,60706,Dr. Michael Williams,Blake Inc,Treatment: Performed coronary artery bypass surgery successfully.','Admission Start Date:01-07-2024; Admission End: 14-06-2025; Treatment: Treatment: Performed coronary artery bypass surgery successfully.'',Least major spend sign.,87630,"Hill, Scott and Carroll",Rejected,206.098.8950x5968,"Wilson, Singh and Rodriguez",Eye and Vision Care,5f3364b2-d2d4-41b3-be41-1ed2f21c1b0d,Corporate,18-10-2024,15756,801,11-05-2024,31-08-2025,GB17HAHC22879743054081,5f3364b2-d2d4-41b3-be41-1ed2f21c1b0d,Vickie Santos,"5233 Nguyen Squares Williamsfort, WA 16781",233.856.2811,wjones@yahoo.com,Yes,01-07-2024,268,Yes,Comprehensive Health Plan
672e3ef2-874e-427e-8527-2f43665904d4,CPT-20157,Quarterly,ac3bb599-b008-4065-afa6-9e3cb2798c0a,50149,Dr. Stephanie Turner,Cross-Clayton,Treatment: Provided ventilator support for respiratory failure caused by severe pneumonia.','Admission Start Date:29-08-2023; Admission End: None; Treatment: Treatment: Provided ventilator support for respiratory failure caused by severe pneumonia.'',Seem charge generation yeah public form white.,88058,"Ramos, Miller and Weber",Approved,007.869.0516x4325,"Kirby, Griffin and Munoz",Covers Ambulance Fees,d11f5873-7cd6-48b9-a3bc-86135f9f8171,Family,19-03-2022,79127,809,27-05-2021,09-07-2022,GB92TQIV60453628845222,d11f5873-7cd6-48b9-a3bc-86135f9f8171,Rebecca Tate,"28718 Jesse Fall Apt. 396 Rodriguezfort, WI 79946",-5612,elizabeth27@wolf.com,Yes,29-08-2023,8692,Yes,Senior Citizen Health Insurance Plans
da786b4e-8e27-42b8-a574-3c568b7204e4,CPT-63326,Monthly,d39344ce-9a48-43a5-8800-72c468fd1b86,48721,Dr. John Willis,"Taylor, Baker and Lindsey",Treatment: Administered supplements for maternal health and fetal development.',Police stage visit nor white step middle information.,Parent employee can hot music wall large.,68715,Keller Inc,Approved,001-971-590-7439x837,"Odom, Cantu and Edwards",Diabetes-Specific Benefits,221caf96-36e2-4539-8ad5-1c88e93490a2,Individual,22-02-2024,58760,578,27-09-2022,02-11-2024,GB80XEBA65673487125456,221caf96-36e2-4539-8ad5-1c88e93490a2,Justin Henson,"140 Perry Plaza Suite 429 Christyton, HI 02868",5983355918,fletcherwilliam@gmail.com,No,01-05-2020,1704,No,Senior Citizen Health Insurance Plans
a999aa3b-f1e6-44fb-b801-e540cea1e977,CPT-64562,Monthly,401c779c-03cb-416e-a9ae-300fa1744228,8853,Dr. Joseph Beck,Lewis and Sons,Treatment: Conducted surgical intervention for lung cancer patients.',Ahead exactly close garden best. Front artist protect chance.,Than pattern father speech fill data western.,26532,Weeks LLC,Rejected,(065)137-6934x363,"Deleon, Ryan and Edwards",Critical Disease Specific Plans,f2e6a974-826e-4498-b267-6ba18da81436,Family,15-08-2022,84059,137,30-05-2020,14-10-2022,GB83NRNA90669107659699,f2e6a974-826e-4498-b267-6ba18da81436,Erik Kerr,"3106 Laura Shores North Alyssa, RI 78089",670-162-4752x0103,alexis74@yahoo.com,Yes,30-01-2022,6485,Yes,Disease-Specific Health Insurance Plans
314884d1-1739-4206-95c1-8aa6c18fefa6,CPT-11709,Monthly,b09a79b1-8e5f-4a6c-ac1a-88d33e357938,49021,Dr. Dr. Stephanie Smith,Carter-Young,Treatment: Provided care for acute kidney injury requiring urgent dialysis.','Admission Start Date:21-08-2022; Admission End: None; Treatment: Treatment: Provided care for acute kidney injury requiring urgent dialysis.'',Mind share language.,29548,"Rhodes, Macias and Gomez",Rejected,(749)016-5182x8915,Calderon Inc,Protection from Growing Medical Expenses,db4fe61f-230b-4fa3-a21c-9b164ffb4b5b,Corporate,10-05-2021,30514,892,10-03-2020,05-06-2021,GB63LNHY54922630973097,db4fe61f-230b-4fa3-a21c-9b164ffb4b5b,Jonathan Bartlett,"39478 Martin Drive North Jimmy, WY 31592",-1405,charles79@gmail.com,No,21-08-2022,1814,No,Senior Citizen Health Insurance Plans
65ffd1c9-45fa-4258-a812-a319f1a9a51a,CPT-68696,Annually,9333c713-082c-4082-b802-416adefc0d95,78185,Dr. Denise Mclaughlin,Carpenter-Washington,Treatment: Provided physiotherapy for mobility improvement.',Beautiful anything ready. Throughout really choose show rule they.,Idea allow teacher worry animal yourself.,44150,Lee Group,Approved,2628310126,Cabrera-Davidson,Critical Disease Specific Plans,11c02cc6-eeb9-4ebd-ac50-9b112aeb9e52,Corporate,25-08-2023,57238,184,16-09-2022,05-04-2024,GB61XWHI25599016533483,11c02cc6-eeb9-4ebd-ac50-9b112aeb9e52,Michael West,"PSC 1089, Box 0185 APO AA 21645",001-413-449-3453x56838,salinasmatthew@gmail.com,No,27-05-2020,6446,Yes,Disease-Specific Health Insurance Plans
713fb6ad-4cea-49f5-8cb8-7f42f5a41d67,CPT-31238,Monthly,94f13bca-b432-412e-bf25-77880dbc8324,61506,Dr. Zachary Young,"Hartman, Walker and Wade",Treatment: Conducted follow-up after laser cataract surgery.Monitored and managed platelet count through blood transfusion during dengue fever.','Admission Start Date:08-04-2020; Admission End: 08-06-2024; Treatment: Treatment: Conducted follow-up after laser cataract surgery.Monitored and managed platelet count through blood transfusion during dengue fever.'',Say defense across account.,64773,Martinez Ltd,Approved,(765)462-6571x177,Rojas-Martinez,Covers Ambulance Fees,1d293fb6-6b46-4aac-be39-1839604792b9,Corporate,02-09-2023,93783,689,12-03-2022,29-06-2024,GB73ZHRP34022995473432,1d293fb6-6b46-4aac-be39-1839604792b9,Amber Taylor,"4503 King Forges Apt. 756 North Karitown, ID 58201",-2466,jeremy35@hotmail.com,No,08-04-2020,9511,No,Senior Citizen Health Insurance Plans
2f995327-2d09-41eb-8620-cc419b5e25ea,CPT-56444,Monthly,d8e49cdc-8d47-468b-8d75-6562640efa46,51412,Dr. Megan Gardner,Harris-Lynch,Treatment: Administered pain relief for post-operative recovery.',Not believe mean similar television present investment. Trouble our shoulder standard full against cup.,Edge lay pattern entire first.,63468,"Riley, Mays and Davenport",Approved,(578)861-5605,Lee-Lee,Critical Disease Specific Plans,4a2adeab-6537-46c3-b25c-4fc6153de00e,Corporate,24-08-2024,41128,82,09-08-2024,14-05-2025,GB66HKML24561498317460,4a2adeab-6537-46c3-b25c-4fc6153de00e,Jennifer Lawrence,"077 Carolyn Lodge Apt. 045 Denisemouth, WI 14687",(498)094-5677,suarezthomas@gmail.com,Yes,19-09-2023,2640,No,Disease-Specific Health Insurance Plans
33717760-65f8-4b23-9025-2ca933233e82,CPT-83839,Monthly,6ce2eece-6b4a-4dd0-babe-592ffb70af41,69017,Dr. Corey Wilson,Foster-Alexander,Treatment: Administered supplements for maternal health and fetal development.',Direction consider hundred name plant against develop while.,Evening easy rate many arrive.,70987,Holloway Group,Rejected,016.546.6702x0090,Wolf-Lopez,Hospitalisation Benefits,f216645e-4b9c-4e14-b359-56024e842d06,Family,16-02-2024,67101,654,28-06-2021,08-01-2025,GB54OHBX97397463103457,f216645e-4b9c-4e14-b359-56024e842d06,James Smith,"947 James Run Apt. 226 Karenmouth, CT 53927",(823)838-4556x96077,christinanavarro@gmail.com,Yes,12-05-2023,2529,No,Comprehensive Health Plan
83201436-5c93-48fa-9087-b944c8d2eb7b,CPT-50026,Monthly,e2967535-245a-431b-a373-8cfe7b8e0e7b,63066,Dr. Kevin Diaz,"Guzman, Hughes and Montoya",Treatment: Conducted surgical intervention for lung cancer patients.',Painting score responsibility everything central race.,Party nothing successful.,67352,"Anderson, Howard and Gross",Approved,+1-101-550-7043x40108,"Snyder, Anderson and Bailey",Critical Disease Specific Plans,5c5aab52-7d18-4a90-92dc-07ed346215f4,Family,18-08-2023,27529,693,01-06-2023,15-05-2024,GB26IYED67429870977532,5c5aab52-7d18-4a90-92dc-07ed346215f4,Savannah Ryan,"77401 Melissa Circle North Kimberlyfurt, MT 41897",001-456-549-8381x49478,qarroyo@gmail.com,Yes,04-02-2021,5994,Yes,Disease-Specific Health Insurance Plans
97e057da-9df3-4105-a7af-d497318c253e,CPT-57159,Monthly,7666931c-c731-4fb0-9bb1-cbc96ebb7539,61679,Dr. Michele Monroe,Anderson-Orr,Treatment: Administered antipyretics and managed symptoms of dengue hemorrhagic fever.','Admission Start Date:19-02-2023; Admission End: 12-04-2023; Treatment: Treatment: Administered antipyretics and managed symptoms of dengue hemorrhagic fever.'',Old majority full top between.,7732,Conner-Mcgee,Approved,039.438.2331x821,Harrison Group,Respiratory Health,89f7d033-79bf-47eb-a14c-cabd27e71eca,Family,19-10-2023,44422,245,05-10-2021,21-10-2023,GB36QBKZ82119500438531,89f7d033-79bf-47eb-a14c-cabd27e71eca,Zachary Mccall,"32082 Kathy Motorway Apt. 147 South Miguel, MS 26525",(196)055-6170,stephenjohnson@petty-moore.org,Yes,19-02-2023,5630,No,Senior Citizen Health Insurance Plans
3751a380-c0a3-4beb-a61b-7abc1a259b83,CPT-91833,Monthly,1a1f508c-234c-4545-b8e0-98d6d9ef4d7f,18557,Dr. Tina Thompson,Scott-Munoz,Treatment: Conducted hospital-based monitoring for critical dengue shock syndrome cases.','Admission Start Date:16-04-2020; Admission End: 23-10-2024; Treatment: Treatment: Conducted hospital-based monitoring for critical dengue shock syndrome cases.'',Step imagine month attorney game process leader.,79652,Jimenez Ltd,Approved,196-109-3128,"Thompson, Brooks and Combs",Cardiovascular Health,9ba82e94-d063-471d-90a1-0345793b218b,Corporate,17-08-2024,17980,916,03-05-2024,23-02-2025,GB46LMHN25814446140556,9ba82e94-d063-471d-90a1-0345793b218b,Douglas Smith,"0852 Mckinney Extension Baileyport, OK 02597",+1-151-120-4351x1190,ryan72@hotmail.com,No,16-04-2020,7533,Yes,Senior Citizen Health Insurance Plans
1d814652-2b3e-4640-9f60-b27b78e8ccb6,CPT-21759,Quarterly,1a841b3d-2da2-42ab-a4ad-b3c953bb9bd7,83329,Dr. Eric Dennis,"Hernandez, Diaz and Howard",Treatment: Administered post-operative care for valve replacement surgery.','Admission Start Date:07-05-2022; Admission End: 13-02-2023; Treatment: Treatment: Administered post-operative care for valve replacement surgery.'',Purpose base today these career to state.,61383,Lucas-Jones,Approved,201-545-3234x18248,"Rivers, Chaney and Alvarez",Critical Disease Specific Plans,89e3f2fd-0833-4929-984f-c63ee6567945,Individual,27-06-2024,74223,866,19-07-2020,02-02-2025,GB16EFBP15462590316364,89e3f2fd-0833-4929-984f-c63ee6567945,David Brown,"77616 Davis Groves Apt. 408 New Stephen, IN 85404",871429091,yharris@spencer.com,Yes,07-05-2022,579,Yes,Disease-Specific Health Insurance Plans
7ad0a303-9b49-4466-a625-8e3f4a792686,CPT-91675,Quarterly,7c88dfba-dba4-45e3-94a3-f47c902c4174,67080,Dr. Virginia Hanson,"Williams, Porter and Duarte",Treatment: Provided cardiac rehabilitation and prescribed medications for recovery.',Store son whatever involve. Social single pretty also hair.,Cup candidate alone foreign quickly where appear.,812,Smith-Richard,Approved,260-246-0045x4378,"Robbins, Wilson and Williams",Critical Disease Specific Plans,23975d28-890e-4689-9199-f0aff13317dc,Individual,15-11-2024,13312,926,24-07-2024,03-10-2025,GB20XNLM34960177046653,23975d28-890e-4689-9199-f0aff13317dc,Cassie Frazier,"515 Kennedy Club Martinezburgh, AK 23745",966-608-1691,bryanbrooks@vaughn.net,No,18-05-2020,9502,Yes,Disease-Specific Health Insurance Plans
98ed7fcf-5970-4564-bb03-0346d3477d64,CPT-22463,Quarterly,9c2a5921-15e1-4c25-8f73-6ad0cc85fb57,74650,Dr. Wesley Holden,Morgan Inc,Treatment: Administered antipyretics and managed symptoms of dengue hemorrhagic fever.','Admission Start Date:17-05-2020; Admission End: 06-03-2022; Treatment: Treatment: Administered antipyretics and managed symptoms of dengue hemorrhagic fever.'',Style partner father history difference.,11793,Thornton-Morton,Approved,001-891-414-6778,Martin and Sons,Hospitalisation Benefits,08d3b9b2-9cbf-4aa8-9fca-46b48b3ff571,Family,02-04-2022,82993,781,19-09-2021,19-07-2022,GB36PIST67470451361982,08d3b9b2-9cbf-4aa8-9fca-46b48b3ff571,Monique Walsh,USCGC Mendez FPO AE 73348,(568)501-4512x5851,mallen@yahoo.com,Yes,17-05-2020,9225,No,Comprehensive Health Plan
8899961a-edf7-4384-a1f2-0b0978149d46,CPT-65452,Quarterly,9d884254-b043-4c04-aea7-86535b917c45,40599,Dr. Crystal Mcgee,Rice Group,Treatment: Performed hemodialysis for renal failure with continuous monitoring of vitals.','Admission Start Date:06-05-2024; Admission End: 05-07-2024; Treatment: Treatment: Performed hemodialysis for renal failure with continuous monitoring of vitals.'',Place real allow direction.,8311,Johnson-Valencia,Rejected,048-843-1001x61353,"Ryan, Lewis and Mccall",Critical Disease Specific Plans,b4cdaf76-8aac-4ee7-81ce-ff7f09af6d31,Corporate,19-02-2025,9509,898,06-09-2024,07-01-2026,GB17WRPU93421710279537,b4cdaf76-8aac-4ee7-81ce-ff7f09af6d31,Sabrina Martin,"65761 Larry Prairie North Adamport, MD 38044",(538)591-1473,williamssarah@hotmail.com,No,06-05-2024,5231,Yes,Disease-Specific Health Insurance Plans
ea429d6a-f5bd-4fe9-b61a-7af8db3589cf,CPT-52461,Annually,073df9a2-f7d3-4447-b04c-ac94406e366a,18019,Dr. Adrian Bradley,Nelson-Black,Treatment: Provided cardiac rehabilitation and prescribed medications for recovery.',Left how since career pay.,That sit body lay trouble between red.,90315,Williams and Sons,Rejected,471-835-6435x539,Smith Inc,Critical Disease Specific Plans,ef8ea790-956d-4435-8886-039425d2e15e,Individual,30-03-2024,50513,994,05-03-2024,24-10-2024,GB85BJTC98614893162229,ef8ea790-956d-4435-8886-039425d2e15e,Ashlee Hayden,"76242 Wright Islands East Mathew, NV 84852",+1-168-775-1774x07033,ricky75@giles-weaver.com,No,30-03-2021,9351,No,Disease-Specific Health Insurance Plans
de1735fd-631a-4359-a3fd-fe7094612b74,CPT-81136,Annually,61f86a5f-df37-48ca-ba28-b0a5b11505e3,28549,Dr. Cameron Boyd,Thompson-Lowe,Treatment: Performed minor surgery for injury repair.','Admission Start Date:31-10-2024; Admission End: None; Treatment: Treatment: Performed minor surgery for injury repair.'',Month friend general follow Mr speech open.,97659,Fields and Sons,Rejected,432.415.7722,"Thomas, Daniel and Woods",Critical Disease Specific Plans,e2a91abc-7c44-4704-b26d-edce59d9b9e1,Corporate,11-01-2022,33195,742,09-11-2020,13-04-2022,GB07AQUT63296996104777,e2a91abc-7c44-4704-b26d-edce59d9b9e1,Frank Padilla,"55290 Carroll Road Apt. 253 South Robert, LA 28425",-9847,edward74@hotmail.com,No,31-10-2024,3973,No,Disease-Specific Health Insurance Plans
4f02be65-1beb-4b8c-a30e-cba9540a5d3c,CPT-59719,Monthly,09e80f95-7819-4cc5-953a-910b80a7c12c,58649,Dr. Carla Werner,Morgan Ltd,Treatment: Conducted routine check-up and prescribed vitamins.',Group statement go add discuss movement agency I.,Economy condition sport fine offer.,77036,Walker-Davis,Rejected,121.611.8946,Sparks-Schwartz,Critical Disease Specific Plans,574b98b1-030c-45fb-a3df-68c9294fb6a4,Family,23-12-2024,58433,360,24-04-2023,04-08-2025,GB72GFAQ56139156171648,574b98b1-030c-45fb-a3df-68c9294fb6a4,Jennifer Ingram,"193 Hernandez Cliff Suite 683 Patelmouth, IA 76962",139.853.9363x419,moranrobert@hotmail.com,Yes,31-07-2022,4075,Yes,Disease-Specific Health Insurance Plans
538f8898-789b-44af-a443-1cb0a4f9537b,CPT-48857,Annually,538edb2b-7902-4e23-902c-22fa7b2578ea,23077,Dr. Megan Berry,Mccarthy-White,Treatment: Performed minor surgery for injury repair.','Admission Start Date:03-06-2023; Admission End: 19-08-2024; Treatment: Treatment: Performed minor surgery for injury repair.'',Wait federal husband share.,79340,"Aguilar, Glenn and Smith",Approved,2506879144,"Salinas, Thompson and Lang",Protection from Growing Medical Expenses,20795c38-e334-47a8-a58b-964fb310fe9b,Family,29-12-2023,93604,734,08-08-2022,28-11-2024,GB93RHID31845499336347,20795c38-e334-47a8-a58b-964fb310fe9b,Taylor Patrick,"0645 Jonathan Islands Lake Johnland, MI 76840",7960542031,michael78@gonzalez.com,No,03-06-2023,1340,Yes,Senior Citizen Health Insurance Plans
e684bf22-6725-430a-83a1-a0865587bb28,CPT-60514,Monthly,620c32db-f1a1-4ad9-9bab-02341825edbd,92037,Dr. Scott Mccormick,Fisher LLC,Treatment: Conducted routine check-up and prescribed vitamins.',Test network far firm fine least national unit. Mr well outside officer rate.,Hold shoulder free have today security.,76095,Simon Ltd,Rejected,8461283376,"Fischer, Mercado and Burns",Covers Ambulance Fees,f39597d1-3ae4-43cb-9fee-0fe74e698f76,Individual,24-07-2024,20313,557,09-12-2022,05-04-2025,GB03WFLY08162954324221,f39597d1-3ae4-43cb-9fee-0fe74e698f76,Warren Ferguson,"43938 Alexander Flats Belltown, GA 35942",(752)845-6356,mark35@vincent.org,Yes,18-02-2022,697,Yes,Senior Citizen Health Insurance Plans
c8e20e9f-e906-4ef0-b379-822c3b0a3502,CPT-86855,Annually,7eb9c799-dc48-4e1e-956c-7824fd080c7e,94223,Dr. Sara Salazar,Harris LLC,Treatment: Conducted angioplasty and monitored for complications.',Inside situation your. Experience step leg too guess product four.,Discuss set hotel cause might huge employee.,2777,Weaver-Donaldson,Approved,686-742-4837,Hall-Rojas,Critical Disease Specific Plans,71a5d6eb-5873-47d4-991f-512dfb0c1859,Individual,21-12-2024,28500,128,27-06-2024,19-10-2025,GB46TADJ63779668630466,71a5d6eb-5873-47d4-991f-512dfb0c1859,Nicole Strickland,"60538 Jeff Ports Apt. 702 Port Steven, KS 62126",851.466.3652x4440,jcollins@yahoo.com,No,23-01-2025,3479,Yes,Disease-Specific Health Insurance Plans
dc2c7000-cfba-42da-9b59-bbba554d2c37,CPT-34910,Annually,b8c92357-9ac8-4117-8263-ef41776aa87e,5722,Dr. Laura Adams,Jenkins-Ball,Treatment: Conducted postpartum evaluation and counseling on lactation.',Enter policy physical especially. Sell return these onto thousand start.,Partner water TV home idea court.,93661,"Smith, Smith and White",Approved,001-256-793-7103x567,"Baker, Romero and Anthony",Critical Disease Specific Plans,9f972e53-e1b9-49f0-b1cb-d448634bb673,Family,12-12-2023,70470,145,17-01-2020,10-10-2024,GB38HRXG77601751061546,9f972e53-e1b9-49f0-b1cb-d448634bb673,Angel Wang,"4877 Wang Roads Yatesland, MS 56946",(848)528-2391x5643,gordonlyons@yahoo.com,Yes,26-11-2022,7146,No,Disease-Specific Health Insurance Plans
3ebac715-2c6f-4d60-aae3-24a354a8d87b,CPT-25470,Annually,8884ada6-01fe-4173-bef8-2514de170ac2,52036,Dr. Melissa Taylor,Kelly PLC,Treatment: Performed minor surgery for injury repair.','Admission Start Date:23-06-2022; Admission End: 07-04-2025; Treatment: Treatment: Performed minor surgery for injury repair.'',Class chair look.,98623,"Sanchez, Waters and Frank",Approved,+1-032-103-0297x15807,Lee-Carr,Includes Yearly Medical Check-Ups,9011d89f-7211-4022-89ca-9cdd89df8ffe,Family,21-02-2025,7755,750,21-01-2025,28-07-2025,GB86AWYM33672733914337,9011d89f-7211-4022-89ca-9cdd89df8ffe,Dawn Carter,"PSC 8473, Box 2424 APO AE 64480",619.439.3020,angela91@fischer.com,Yes,23-06-2022,234,No,Comprehensive Health Plan
8654af69-84f3-47e6-b44d-2c12a357a8fe,CPT-69538,Annually,05f8896e-8b59-4600-a060-78faad3a5e5d,3219,Dr. Bryan Murillo,Gonzalez-Patterson,Treatment: Administered post-operative eye drops and advised on vision recovery.',Peace write range only.,Relate chair staff heart eight.,53833,"Smith, Ortiz and Poole",Approved,305-481-1059x091,Rivera Inc,Critical Disease Specific Plans,1634806d-02d0-46bf-ae1e-40d5e7ce93a0,Family,22-06-2024,34555,907,05-04-2020,23-01-2025,GB50QHPF38111687295559,1634806d-02d0-46bf-ae1e-40d5e7ce93a0,Eric Johnson,"748 Montgomery Mall West Kevinburgh, GA 27175",+1-311-349-5013x8962,janet70@hotmail.com,Yes,12-02-2023,3624,Yes,Disease-Specific Health Insurance Plans
aeff6f70-8d83-4029-8eb1-3a1aefdbfd37,CPT-26951,Quarterly,8ef4cffc-b5d3-43e6-b7c7-cf751a69599b,64375,Dr. Courtney Navarro,Brown-Fields,Treatment: Administered antipyretics and managed symptoms of dengue hemorrhagic fever.','Admission Start Date:22-01-2020; Admission End: 08-09-2024; Treatment: Treatment: Administered antipyretics and managed symptoms of dengue hemorrhagic fever.'',Sit middle then add. Us nature even special.,53260,"Brown, Blevins and Yoder",Approved,(916)723-7758x131,Faulkner-Lee,Includes Yearly Medical Check-Ups,53d031f6-dc65-4a63-81f7-4af1da260610,Corporate,25-04-2024,58070,21,03-12-2023,19-12-2024,GB95ULCN83175943269565,53d031f6-dc65-4a63-81f7-4af1da260610,Tracy Kramer,"37047 Andrew Brook Apt. 677 Sarahborough, IN 16509",(955)870-9021x3632,johnnyryan@hendricks-green.org,Yes,22-01-2020,1966,Yes,Senior Citizen Health Insurance Plans
8bc8e548-357f-44f5-84cf-846b01306868,CPT-17909,Annually,556a756e-87de-49a2-8bd5-a75b80d42b07,22552,Dr. April Savage,"Steele, Fisher and Rice",Treatment: Administered antipyretics and managed symptoms of dengue hemorrhagic fever.','Admission Start Date:02-07-2023; Admission End: 26-12-2023; Treatment: Treatment: Administered antipyretics and managed symptoms of dengue hemorrhagic fever.'',Recently able surface meet peace become.,94083,Cooley-Brewer,Rejected,(131)940-3742x925,"Aguilar, Walker and Ayala",Critical Disease Specific Plans,aa3d1866-2cb6-4934-9bd3-d715c597053e,Family,11-05-2024,49143,757,26-02-2023,07-10-2024,GB22FEFW98789846304919,aa3d1866-2cb6-4934-9bd3-d715c597053e,Kaitlyn Collier,"3813 Smith Mews Suite 308 Kristyland, PA 13761",520-063-0047,sgarcia@gmail.com,No,02-07-2023,3027,Yes,Disease-Specific Health Insurance Plans
1c696981-15dd-4578-97ee-373d3b70067e,CPT-65009,Annually,9aa44f03-1248-4a25-b200-1d3749a489e9,44039,Dr. Adrienne Jones,"Chavez, Larson and Walsh",Treatment: Provided ventilator support for respiratory failure caused by severe pneumonia.','Admission Start Date:22-01-2025; Admission End: None; Treatment: Treatment: Provided ventilator support for respiratory failure caused by severe pneumonia.'',Agree possible name reveal.,85181,Jordan-Weaver,Approved,885-118-0607,Hughes PLC,Hospitalisation Benefits,1cd3fb1c-d6c9-4473-92e9-9e5ec60c3c74,Family,20-11-2020,73602,786,16-03-2020,16-10-2021,GB78KQRK56035362665117,1cd3fb1c-d6c9-4473-92e9-9e5ec60c3c74,Michelle Hendricks,"3609 Andrew Field Suite 487 Lake Sandramouth, CO 34839",167.201.1639,chapmanjill@yahoo.com,No,22-01-2025,9901,Yes,Senior Citizen Health Insurance Plans
9ff1d843-0b60-4bce-b8e2-5c6e9eed0320,CPT-26203,Quarterly,dcddbb20-8bb4-4569-a589-7006a34f4aca,27868,Dr. Julie Smith,"Case, Jensen and Lee",Treatment: Provided cardiac rehabilitation and prescribed medications for recovery.',Specific learn major strategy. Explain box statement full fall.,Suffer popular whatever evening scene.,84333,Davis Group,Rejected,001-098-426-3137x4308,Hayes PLC,Maternity Benefits,299c8993-15d6-4a05-8104-853eb48cdd56,Corporate,22-11-2022,41000,896,22-04-2021,25-07-2023,GB30ORSO07471710443639,299c8993-15d6-4a05-8104-853eb48cdd56,Michelle Hooper,"8088 Linda Orchard Campbellbury, NV 21310",813.107.7753x57819,mfernandez@hotmail.com,No,01-10-2023,2965,No,Comprehensive Health Plan
32ad5655-5c77-42a3-9128-fc05d5293222,CPT-44460,Annually,0f0cb7b4-fa94-4f3f-b917-f2e0a8c6ba92,73887,Dr. James Murray,Lane PLC,Treatment: Performed cataract removal and implanted intraocular lens.',Produce culture store quality figure short.,Interview worker over base. Represent rock type.,3992,Rosales Group,Approved,+1-689-914-1192x95277,Wright Group,Eye and Vision Care,f9dc2925-bb2f-4a60-ba0c-21882124d56d,Corporate,21-01-2025,79460,420,28-07-2021,28-06-2025,GB46LXLI92345309424288,f9dc2925-bb2f-4a60-ba0c-21882124d56d,Lindsay Butler,"44410 Williams Glen New Johnstad, LA 19749",862-949-8558x26644,yboyd@davis.net,Yes,26-07-2023,20,No,Comprehensive Health Plan
bfa4add3-f5fe-4961-966c-04c1250bc50a,CPT-18532,Monthly,baa3d355-cc31-4c39-99a5-5f90a6ab3411,70306,Dr. Kyle Lee,"Mitchell, Salazar and Ross",Treatment: Administered bronchodilators and oxygen therapy for chronic obstructive pulmonary disease (COPD).',Mind turn have someone morning speak.,Run institution stand contain west rather school.,46818,Adkins-Carroll,Rejected,+1-703-378-0703x05522,Martin Inc,Critical Disease Specific Plans,f0253dce-8db5-4395-a4ba-da9e77c72e42,Family,19-07-2022,39397,92,26-12-2020,12-06-2023,GB28FXNS99785047617144,f0253dce-8db5-4395-a4ba-da9e77c72e42,Taylor Leon,"8774 Silva Vista Michelleville, TX 48809",-6072,ramoswilliam@andrews.net,No,26-06-2023,9655,No,Disease-Specific Health Insurance Plans
39db65ef-9dc3-43a8-9794-fddc46165478,CPT-92744,Annually,de480eb1-5dea-447f-9c6a-be536f92fd19,23459,Dr. Samantha Garcia,"Fuentes, Hobbs and Lloyd",Treatment: Conducted follow-up after laser cataract surgery.Monitored and managed platelet count through blood transfusion during dengue fever.','Admission Start Date:26-07-2021; Admission End: 16-10-2022; Treatment: Treatment: Conducted follow-up after laser cataract surgery.Monitored and managed platelet count through blood transfusion during dengue fever.'',Foreign perform produce feel subject.,38822,Richardson PLC,Approved,(242)406-8679x16134,Woods PLC,Covers Ambulance Fees,432a163b-856b-4b94-b3db-7fd972c7022d,Individual,09-08-2024,33340,189,03-03-2020,10-04-2025,GB11JUHO84819590951560,432a163b-856b-4b94-b3db-7fd972c7022d,Benjamin White,"72489 Clay Views Suite 330 Hernandezbury, MA 44353",(717)085-9157,davidkelly@lewis-trujillo.org,Yes,26-07-2021,9268,Yes,Senior Citizen Health Insurance Plans
63bf4285-f96c-4377-9409-e303bbf5e8e3,CPT-56297,Quarterly,c791d2dd-9cb5-4c45-bf3b-5a980843e240,45230,Dr. Joseph Cummings,"Munoz, Fox and Johnson",Treatment: Provided physiotherapy for mobility improvement.',Agreement five sister require.,Area continue energy it.,95376,"Price, Holland and Ortiz",Rejected,380.109.9172,Best-Brooks,Hospitalisation Benefits,98282edd-0ee7-4135-9c71-197d3c5338d9,Individual,06-12-2024,12346,496,15-02-2023,10-05-2025,GB95NFCY02844771450557,98282edd-0ee7-4135-9c71-197d3c5338d9,Misty Smith,"21445 Robert Creek Apt. 398 West Jennifer, HI 52405",849-976-2360x07243,matthew37@long-murray.com,No,20-06-2020,2941,No,Senior Citizen Health Insurance Plans
51cebfd7-2bc5-4fe2-9a8c-c6cc0dec02fb,CPT-16635,Monthly,d904dfac-dfd9-460f-aae9-3bd5afbb16db,23233,Dr. Amanda Ibarra,"Chandler, Nelson and Jacobs",Treatment: Hospitalized for treatment of severe asthma exacerbation with corticosteroids.',First three bring same ask citizen question.,Somebody buy always.,49600,Vega Ltd,Rejected,6871229625,Brown-Davis,Protection from Growing Medical Expenses,27a454dd-bd65-4a71-b0b6-41b08eb0b3b7,Corporate,11-12-2023,12082,695,15-11-2020,23-01-2024,GB70GDZL74701159920668,27a454dd-bd65-4a71-b0b6-41b08eb0b3b7,Haley Moore,"067 Daniel Isle New Kyle, MA 24995",(436)665-3903,schmidtrachel@bailey.net,Yes,17-03-2021,7636,No,Senior Citizen Health Insurance Plans
75d2fc31-d25a-41b7-85f7-4453ac93fb41,CPT-91163,Quarterly,5fd730e3-5756-4452-a5e2-8241e4903828,78326,Dr. Anthony Thomas,Morris Group,Treatment: Conducted follow-up after laser cataract surgery.Monitored and managed platelet count through blood transfusion during dengue fever.','Admission Start Date:06-02-2022; Admission End: None; Treatment: Treatment: Conducted follow-up after laser cataract surgery.Monitored and managed platelet count through blood transfusion during dengue fever.'',Short history business reflect money power.,49248,Rowland Ltd,Approved,334-269-3948,Pierce Group,Eye and Vision Care,e1c2ece9-00ef-4a13-9ade-8a2e96c112fe,Corporate,17-08-2021,68739,853,09-12-2020,03-01-2022,GB90PINF92945414587191,e1c2ece9-00ef-4a13-9ade-8a2e96c112fe,Jessica Washington,"230 Jamie Dale Apt. 529 Port Annhaven, PA 06031",(886)243-1074,cunninghamsarah@gmail.com,No,06-02-2022,603,No,Comprehensive Health Plan
190bfe40-0997-48c0-a69f-938e2c9ae5c9,CPT-20749,Monthly,cf5cd287-7aa3-4e2d-9d0d-0a1efba45244,7620,Dr. Thomas Manning,Johnson-Ramirez,Treatment: Administered antipyretics and managed symptoms of dengue hemorrhagic fever.','Admission Start Date:21-12-2024; Admission End: None; Treatment: Treatment: Administered antipyretics and managed symptoms of dengue hemorrhagic fever.'',Leave study short rate feel commercial.,20233,Alvarado and Sons,Approved,727.554.5257x01488,Brady-Hardy,Critical Disease Specific Plans,cca7a14a-4efb-48f2-bb76-643522db129a,Individual,26-12-2023,23518,407,05-08-2023,19-05-2024,GB15PEXA39844399715796,cca7a14a-4efb-48f2-bb76-643522db129a,Lisa Turner,"771 Edward Hills New Joe, OR 30726",+1-274-689-5534x97173,sampsongary@hotmail.com,No,21-12-2024,398,No,Disease-Specific Health Insurance Plans
2285e189-3565-46ed-b7f3-4700d2b196f3,CPT-86075,Monthly,137d2d76-b3f6-4d7a-b622-360bdd1db59f,70025,Dr. Edward Shaw,Wood Inc,Treatment: Administered antipyretics and managed symptoms of dengue hemorrhagic fever.','Admission Start Date:18-03-2023; Admission End: 05-08-2024; Treatment: Treatment: Administered antipyretics and managed symptoms of dengue hemorrhagic fever.'',Any today strong risk.,93183,Mitchell and Sons,Rejected,174.100.5797x900,Smith and Sons,Critical Disease Specific Plans,e5d634d9-74c5-4e49-84c8-8a08b2ace460,Individual,30-09-2024,955,674,13-01-2024,25-02-2025,GB26TYYC13617180484140,e5d634d9-74c5-4e49-84c8-8a08b2ace460,Dylan Evans,"4294 Villegas Ridges Suite 359 Jessicaburgh, NE 46394",857-441-9821x473,amberberry@klein.com,No,18-03-2023,3838,No,Disease-Specific Health Insurance Plans
dc9fd2c9-8e38-46fa-999c-170c48eaace5,CPT-46371,Annually,f777ef6d-0765-4734-a00d-a56662480e16,5748,Dr. Derek Garcia DDS,Alexander-Dean,Treatment: Administered supplements for maternal health and fetal development.',Next million least reveal detail specific billion.,But about exactly account agree try nothing.,50245,Olson LLC,Approved,955.771.3431x21488,"Grant, Olsen and Blake",Critical Disease Specific Plans,c6efaa50-c46b-4145-8107-004a6fe72f87,Individual,28-04-2024,47047,443,02-11-2023,11-01-2025,GB41PCAS76955098481510,c6efaa50-c46b-4145-8107-004a6fe72f87,Joseph Smith,"8471 Patricia Wall North Michaelstad, NM 65220",3614736363,mmann@young.com,No,21-09-2023,2925,No,Disease-Specific Health Insurance Plans
6eebb0aa-48ad-4bcb-ae8a-28942679ae78,CPT-38125,Quarterly,7cdd0384-f2d7-4925-b591-8a7ee35d5a58,91359,Dr. Eric Richardson,Brady-Savage,Treatment: Provided prenatal care and routine ultrasound monitoring.',Camera PM adult.,Mr room ok often.,52078,Bishop Ltd,Approved,653.615.7923x22176,Harrell Group,Critical Disease Specific Plans,2c64f46a-0d89-4398-a297-8e8891877322,Family,28-10-2024,96803,579,04-02-2023,09-01-2025,GB40IALR45364685583801,2c64f46a-0d89-4398-a297-8e8891877322,Michele Ford,"34018 Barrera Cliff Apt. 007 South Saraton, NJ 48159",(444)127-6950x077,lacey54@martinez.net,No,02-08-2021,9875,Yes,Disease-Specific Health Insurance Plans
21919819-7594-4ac2-9977-9ecc4cb6cac5,CPT-26589,Quarterly,f1b92261-3f5a-4cc7-890e-630430dfece4,40067,Dr. Keith Walters,"Wilson, Peterson and Baldwin",Treatment: Performed hemodialysis for renal failure with continuous monitoring of vitals.','Admission Start Date:24-11-2023; Admission End: 25-06-2025; Treatment: Treatment: Performed hemodialysis for renal failure with continuous monitoring of vitals.'',Truth including serve there become discuss score.,18532,Davenport Inc,Rejected,001-880-094-3719x46275,Phelps LLC,Eye and Vision Care,b617bba3-fedd-4fff-a584-f3ff51c4c5ed,Corporate,09-02-2025,43425,573,19-01-2025,10-07-2025,GB75XWXT79881004237907,b617bba3-fedd-4fff-a584-f3ff51c4c5ed,Troy Martin,"21475 Christopher Neck Port Crystal, CA 51945",681.818.2872,barrettkendra@rodgers-weaver.net,No,24-11-2023,7490,No,Comprehensive Health Plan
6f489aee-8f55-429f-80cc-d05264b22816,CPT-57227,Quarterly,ce01991b-ee28-4daf-9ab9-b5f6538b3382,50475,Dr. Erin Wheeler,Thompson-Lara,Treatment: Provided counseling for mental health support.',Nation yes teach put else.,Measure yourself agree.,19629,Logan and Sons,Approved,1095588400,Richards-Gomez,Includes Yearly Medical Check-Ups,f8f773cd-4b7a-492e-982f-ff81523c2234,Individual,18-09-2024,2669,899,03-02-2024,16-05-2025,GB42IPON06272211078569,f8f773cd-4b7a-492e-982f-ff81523c2234,Shannon Jimenez,"667 Rhodes Pike Apt. 399 Rickyberg, AL 74797",(111)624-5686,christopherharmon@evans.biz,No,22-03-2022,7843,Yes,Senior Citizen Health Insurance Plans
59c05f8f-fc0a-426d-a421-d8641d420bac,CPT-99603,Quarterly,11a3087c-d391-4c0e-9e42-b59f6475cdb2,10490,Dr. Frank Johnson,Smith Inc,Treatment: Conducted routine check-up and prescribed vitamins.',Offer I figure question north window. Budget north far focus.,Think outside show true south door or cell.,43364,"Conley, Andersen and Leon",Rejected,490.656.8386,Strickland and Sons,Respiratory Health,3ee2ad2e-10cd-4a62-9c6f-3665d9aa0a32,Individual,30-06-2024,72166,227,21-09-2023,27-10-2024,GB45ZAXS39369022123046,3ee2ad2e-10cd-4a62-9c6f-3665d9aa0a32,Juan Gibson,"264 Tracey Garden Apt. 385 New Carl, VT 05505",001-516-443-9891x9461,rioslauren@rich.net,Yes,24-05-2021,454,No,Senior Citizen Health Insurance Plans
ae53357f-e453-488d-b732-b886e5e5a6ef,CPT-62521,Annually,497d3aae-b5ee-4edd-a06a-95526bda1875,51157,Dr. James Anderson,Johnson LLC,Treatment: Provided ventilator support for respiratory failure caused by severe pneumonia.','Admission Start Date:05-05-2024; Admission End: 29-12-2024; Treatment: Treatment: Provided ventilator support for respiratory failure caused by severe pneumonia.'',Court four reflect seven common case difficult.,53230,"Baker, Castro and Carlson",Rejected,+1-954-099-5643x8910,Patel-Mathis,Critical Disease Specific Plans,7e4f26aa-a12f-4f44-aec8-39cdfbbee066,Corporate,19-03-2024,91300,758,19-05-2020,04-01-2025,GB32JPOM28789656748279,7e4f26aa-a12f-4f44-aec8-39cdfbbee066,Mr. Christopher Marshall,"96803 Garza Fork Apt. 449 North Pamelaport, VT 67888",(831)203-2687x8934,millertimothy@fowler.info,Yes,05-05-2024,3230,No,Disease-Specific Health Insurance Plans
193572b4-3b7a-44d6-818d-8a3ce4f2b56f,CPT-74641,Annually,e3b9e877-e14b-4d7c-94c7-36f390eb453a,17617,Dr. Mark Sharp,Shaffer LLC,Treatment: Assisted with delivery and provided neonatal care.',Significant loss look do mouth war. Necessary more reach economic fear become.,Let us indeed front nature impact democratic.,113,Ayala LLC,Approved,054.257.3219x994,Houston-Williams,Critical Disease Specific Plans,732407a7-21fe-440b-aaa6-be8f388591ff,Corporate,20-01-2022,51327,335,01-01-2022,21-12-2022,GB02QWFG34409143755438,732407a7-21fe-440b-aaa6-be8f388591ff,William Simon,"PSC 4555, Box 4248 APO AA 16174",(950)098-8766,boltonapril@elliott.com,Yes,14-02-2020,8078,No,Disease-Specific Health Insurance Plans
f95a5153-9479-4b86-a9f1-5ec6a3559c95,CPT-77667,Annually,f7c3452b-0e0c-4e43-b311-2fed8f73c65d,32623,Dr. Douglas Gray,"Chavez, Maxwell and Price",Treatment: Provided counseling for mental health support.',Just only enjoy country option exactly above could. Voice property own news first relationship.,From low resource investment magazine ahead.,53275,"Taylor, Dominguez and Freeman",Approved,001-454-888-4760x5973,Porter-Bryan,Hospitalisation Benefits,ac109621-a053-4bb4-9279-48f046bdd748,Individual,22-11-2021,20943,404,17-08-2021,19-01-2022,GB82GAWN60705534852941,ac109621-a053-4bb4-9279-48f046bdd748,Tracy Price,USNS Henderson FPO AA 85284,429.529.1565,zsexton@hotmail.com,No,09-12-2024,2802,Yes,Senior Citizen Health Insurance Plans
614bbf0c-78af-41d8-a8de-610785203004,CPT-66759,Quarterly,30d69ca8-7e80-43f0-9a7d-e5b6e5dc2c6c,19930,Dr. Patricia Cruz,Kline-Gomez,Treatment: Administered post-operative care for valve replacement surgery.','Admission Start Date:13-09-2020; Admission End: 10-05-2023; Treatment: Treatment: Administered post-operative care for valve replacement surgery.'',Seek general along life week.,97446,Nelson-Perez,Approved,8381507457,Brooks and Sons,Critical Disease Specific Plans,517967c4-7a19-41bd-8402-bfba5b0c5f7c,Corporate,16-09-2023,8344,366,15-02-2022,01-03-2024,GB63ZLVK99173297345316,517967c4-7a19-41bd-8402-bfba5b0c5f7c,Chris Torres,"PSC 7821, Box 2304 APO AA 61668",(034)686-3370x746,monicabell@lewis.com,No,13-09-2020,4591,Yes,Disease-Specific Health Insurance Plans
5b4b011d-88bc-4b7c-8be5-d6f511e9b2df,CPT-46819,Monthly,fe3e4c3c-4904-4f68-9b4f-2234557e6d84,81975,Dr. Raymond Weber,Brown-Charles,Treatment: Administered antipyretics and managed symptoms of dengue hemorrhagic fever.','Admission Start Date:26-08-2020; Admission End: 16-01-2023; Treatment: Treatment: Administered antipyretics and managed symptoms of dengue hemorrhagic fever.'',Apply art production when worry pull avoid.,7822,"Ryan, Harrison and Simmons",Rejected,856.904.4274x50960,Davis-Mckay,Covers Ambulance Fees,9915698f-83c8-4ed8-95f0-8d21fd32df0c,Corporate,20-09-2023,40545,559,09-02-2022,27-11-2023,GB79ADKT28774014381207,9915698f-83c8-4ed8-95f0-8d21fd32df0c,Michael Rush,"1451 Hailey Burgs Apt. 346 Danielleside, NJ 58401",980.638.1025,qshea@dixon-roach.info,No,26-08-2020,8144,Yes,Senior Citizen Health Insurance Plans
c1433499-4dae-48c9-ae4a-09c2bdd6e20e,CPT-80832,Annually,b65eb1b2-196f-4649-bd02-b2aa76d39dbc,68406,Dr. Cynthia Alvarado,Calderon Inc,Treatment: Assessed pre-surgery and provided comprehensive eye care instructions.','Admission Start Date:15-01-2024; Admission End: 17-04-2024; Treatment: Treatment: Assessed pre-surgery and provided comprehensive eye care instructions.'',Certain either main again.,62823,White Group,Approved,024-706-7302,Stevens-Frederick,Diabetes-Specific Benefits,cb1490ce-9de4-41e7-ae14-4f3dde547bd6,Corporate,17-10-2023,79376,920,16-04-2023,28-05-2024,GB39LFKJ93646801598591,cb1490ce-9de4-41e7-ae14-4f3dde547bd6,Mark Gray,"830 Henderson Lights Apt. 593 Bryanberg, NC 31397",5552706894,ugeorge@sanchez.com,Yes,15-01-2024,9945,No,Senior Citizen Health Insurance Plans
7d6d68e8-d001-4a98-9e7e-6c52b41b3b3d,CPT-71395,Monthly,929a022a-ed65-48c2-976e-29a5b090f306,75010,Dr. Mr. Kenneth Gonzalez,Estes-Wise,Treatment: Administered pain relief for post-operative recovery.',Discover claim really law.,Again energy subject sister husband.,80951,"Dodson, Espinoza and Romero",Approved,301-431-5594,Moore Group,Critical Disease Specific Plans,0ac80413-9d97-43c6-bd82-4ac8b75b1c5c,Family,04-04-2022,56034,152,16-06-2020,26-04-2022,GB74XTEF08583439835107,0ac80413-9d97-43c6-bd82-4ac8b75b1c5c,Martha Hutchinson,"300 Tapia Mill New Lauren, MO 67373",001-534-710-7181x355,moorechristopher@wiley-edwards.com,No,28-06-2021,5630,No,Disease-Specific Health Insurance Plans
4eaf70d2-6e82-46e6-9596-51d669499368,CPT-97943,Monthly,41af0319-d44b-4ad6-a608-de76b346f695,22751,Dr. David Hopkins,Hall LLC,Treatment: Vi',Garden soon major speech field science. Class rate meeting consumer information rock.,Shake include believe store realize.,36850,"Rodriguez, Peters and Villarreal",Approved,(228)949-2275x3973,Owens-Patterson,Dental Treatment Coverage,ddf565a6-a8d0-4c82-83ef-e80e9c1355a4,Individual,22-12-2023,22349,729,21-09-2023,11-07-2024,GB04KLVH71424652313647,ddf565a6-a8d0-4c82-83ef-e80e9c1355a4,Summer Campbell,"6433 Garcia Locks Tracystad, NY 73290",351-579-0847,brycecook@gmail.com,Yes,28-11-2023,3938,No,Senior Citizen Health Insurance Plans
fffe61cf-46fa-4fdf-8c91-5931ef4735cd,CPT-19644,Annually,423ef323-28d6-4355-abf0-f6d25196a238,19256,Dr. Zachary Haynes,"Griffin, Jackson and York",Treatment: Provided counseling for mental health support.',Attention next its meeting.,So company month play mention fight.,91910,Miranda and Sons,Rejected,(783)745-4756,Richards PLC,Critical Disease Specific Plans,d8f17079-a177-4494-8912-d44b8a54dd67,Individual,02-02-2025,48445,588,01-01-2023,30-09-2025,GB38JIKD69460528460344,d8f17079-a177-4494-8912-d44b8a54dd67,Christina Ewing,"1142 Mcknight Knoll Apt. 262 Joseburgh, AZ 26974",330.242.8594,christopher11@chan.com,Yes,30-10-2022,7416,Yes,Disease-Specific Health Insurance Plans
d0cebd3d-8c03-4d82-bbf8-cf512aad04a2,CPT-67875,Quarterly,cd985ac9-339d-462e-81c2-5e4148ed1d48,72666,Dr. Calvin Thomas,Warren Inc,Treatment: Provided physiotherapy for mobility improvement.',Ahead story us especially.,Others recently color toward ok next yes it.,19591,Garrison-Gomez,Approved,146-173-5945x5133,Holmes-Galvan,Eye and Vision Care,a7600ac3-2353-4a1f-a988-c5f68882f476,Corporate,23-09-2023,50370,204,13-05-2023,10-05-2024,GB67VWNY08994495377778,a7600ac3-2353-4a1f-a988-c5f68882f476,Wesley Cole,"95382 Mitchell Camp Suite 834 North Samuel, AZ 80644",001-329-894-1022,rick53@whitaker.biz,Yes,02-11-2024,4256,No,Comprehensive Health Plan
77dc502c-28b8-4cc7-b515-1c8d4e87ebdc,CPT-92814,Quarterly,3f6de274-fa90-4b24-9044-b76b07042259,34680,Dr. Chad Baldwin,"Stewart, Brown and Stewart",Treatment: Provided counseling for mental health support.',Edge news serious green east necessary.,Degree kitchen free at.,19085,Mccarty-Thomas,Approved,377.971.9835x02470,"Rivera, Brown and Taylor",Respiratory Health,56554264-3ebc-4938-9cec-ff31ba359e78,Individual,10-05-2023,75488,707,21-01-2021,12-09-2023,GB15RLIK75098347889969,56554264-3ebc-4938-9cec-ff31ba359e78,Zachary Clarke,"8504 Stevens Rapids Karenmouth, NM 44055",+1-291-132-4789x834,heathbrenda@jones-whitaker.info,Yes,18-02-2020,8946,Yes,Senior Citizen Health Insurance Plans
5dadb830-26c1-41b4-80a6-6df4d6e69a34,CPT-25208,Annually,6b0947d7-2dd1-483d-9ee8-c6952ad69270,69702,Dr. Casey Burgess,"Hamilton, Carney and Lewis",Treatment: Administered pain relief for post-operative recovery.',Staff enter wait.,Reach understand difficult citizen.,80291,"Parker, Little and Hunt",Approved,(165)732-5839x093,Lopez and Sons,Hospitalisation Benefits,9baef8fe-b43f-42d0-8084-6e4f38cda1b0,Individual,14-09-2024,68549,775,20-07-2024,09-11-2024,GB25IHDK70948384000491,9baef8fe-b43f-42d0-8084-6e4f38cda1b0,Anthony Contreras,"70794 Catherine Square Suite 322 Lake Michael, OR 59466",846.690.0117x405,oedwards@hotmail.com,Yes,25-02-2023,1537,Yes,Comprehensive Health Plan
91e7e1fe-ac22-40a2-bf0b-4861de06bbab,CPT-76828,Annually,ed2c9657-0eda-412e-a248-aed381edd38b,56315,Dr. Tyler Clay,Knox LLC,Treatment: Conducted surgical intervention for lung cancer patients.',Still condition benefit budget find hour.,Herself fine Congress fish lawyer what prepare.,79688,"Fields, Perez and Gutierrez",Approved,291.470.3387x268,"Rodriguez, Garcia and Sherman",Includes Yearly Medical Check-Ups,a1dc6cac-b4d8-445e-bb13-32101dacec89,Corporate,16-02-2024,70687,225,28-09-2021,17-07-2024,GB22YKXA11795145362108,a1dc6cac-b4d8-445e-bb13-32101dacec89,Jodi Ross,"8418 Hernandez Plaza North Deborahberg, AK 01893",091-213-0040,tcampbell@yahoo.com,Yes,31-07-2024,3316,Yes,Senior Citizen Health Insurance Plans
7c8eece4-e153-4d71-b28b-5822d399d128,CPT-48696,Monthly,f5e84272-e2af-420f-9158-d43bf6aeb4ff,92851,Dr. Shannon Gomez,Wang PLC,Treatment: Administered supplements for maternal health and fetal development.',Eat whose that let.,Make soon somebody life prove size instead.,12646,"Frederick, Vega and Kelly",Approved,181-284-6663,Lewis Inc,Critical Disease Specific Plans,b08f2f0b-0082-47f1-bfa8-3fc5dd068c8a,Corporate,13-12-2024,74895,694,18-03-2024,24-09-2025,GB92SMNM56137306391902,b08f2f0b-0082-47f1-bfa8-3fc5dd068c8a,Mary Butler,"17299 Ethan Flats Suite 270 Danielsfort, LA 08669",047-404-8506,fosterjudy@mcclure-walker.com,No,21-03-2023,538,Yes,Disease-Specific Health Insurance Plans
c4676a28-b08c-47ba-a46e-baf2aaa43333,CPT-72936,Quarterly,1b11633c-ab39-4349-9a2c-332e353c42c2,69707,Dr. Cynthia Mclaughlin,Wade-Dunn,Treatment: Conducted angioplasty and monitored for complications.',Will shake natural marriage. Fine fall also network maybe inside perform.,Everybody issue understand rock executive whole.,8664,Johnson PLC,Approved,357-880-1608,Wood-Stephens,Dental Treatment Coverage,bc6671ae-93a0-4ffd-bc6b-79151d4f6ec2,Corporate,24-06-2024,23098,274,04-05-2024,10-06-2025,GB69KODI35862700374351,bc6671ae-93a0-4ffd-bc6b-79151d4f6ec2,Haley Jones,"29772 Montes Cliff Apt. 510 Port Ashleyberg, NM 90460",(221)744-8356x99871,daustin@mcdonald.info,No,02-08-2021,7905,Yes,Senior Citizen Health Insurance Plans
7c0ed877-840f-48bd-b10c-1ee85b362ea9,CPT-73731,Monthly,0af997dc-21ca-4f25-a869-3a289cbf978c,20704,Dr. Gerald Morrow,"Hardy, Williams and Odonnell",Treatment: Performed cataract removal and implanted intraocular lens.',Home last car fast side time. General as player point down.,Customer upon provide economic employee trade.,58162,"Wiley, Mendoza and Cochran",Rejected,4538677852,"Adams, Pearson and Ford",Protection from Growing Medical Expenses,6c45d80a-4824-47b3-b653-eacdff4d0b06,Individual,04-10-2020,26115,198,30-07-2020,22-04-2021,GB25DJKZ25013772032034,6c45d80a-4824-47b3-b653-eacdff4d0b06,Brooke Bradley,"0537 Michael Views Romerochester, MT 96454",(322)331-8965x967,stephanie79@wood-garcia.com,No,10-08-2021,8975,Yes,Senior Citizen Health Insurance Plans
cca5e2d8-38b8-4311-b909-6bac4e27a509,CPT-79461,Quarterly,db3c56f8-1f37-4306-af19-fb896bd58ef9,96331,Dr. Susan Craig,"Clark, Jackson and Maynard",Treatment: Provided prenatal care and routine ultrasound monitoring.',Evidence approach nearly character career. Money wonder require still professional travel.,Will Mr produce should cold represent even money.,93796,Mooney Ltd,Approved,001-557-593-7430x85362,"Ingram, Fisher and Phillips",Hospitalisation Benefits,6375a511-0133-4950-b570-c39220c46a80,Corporate,24-01-2025,83489,393,21-06-2023,08-08-2025,GB77RSUB53558732583377,6375a511-0133-4950-b570-c39220c46a80,Bryan Smith,"863 Beth Creek Suite 557 Brownberg, CT 49610",883-182-8855x371,kellyjonathan@smith.com,No,02-01-2022,4231,No,Comprehensive Health Plan
0f90c9b3-a48e-4140-b366-492ff53123e1,CPT-18237,Annually,fc0370db-bf45-4122-9a22-6c062df638c1,48605,Dr. Alexis Johnson,"Rodriguez, Ramos and Holmes",Treatment: Provided intravenous fluids and electrolyte therapy for severe dehydration.',Adult choose television.,Camera know peace impact article edge plant.,25891,"Smith, Smith and Morton",Rejected,001-771-343-4149,Jacobs and Sons,Critical Disease Specific Plans,18f184bf-f9d2-4419-9067-3069d348c09f,Individual,26-09-2024,90502,13,09-11-2022,24-12-2024,GB25GHYO90328634642177,18f184bf-f9d2-4419-9067-3069d348c09f,Ashley Burke,Unit 4518 Box 1618 DPO AE 90847,+1-045-917-2736x618,randall04@hotmail.com,No,10-08-2024,5702,No,Disease-Specific Health Insurance Plans
c94b23bb-bcbd-4814-b1fb-6f4400be9b60,CPT-15810,Annually,217bf15d-b661-42dc-95ef-3ceb7ee2f06a,94482,Dr. John Byrd,"Nelson, Fuentes and Carpenter",Treatment: Conducted postpartum evaluation and counseling on lactation.',Way image ground property long. Stuff reveal race any maintain civil among.,Push fear there memory both rock.,75170,Williams LLC,Approved,(635)804-4021x8366,Vargas LLC,Maternity Benefits,c12239f5-9208-47ff-9866-ea65c475f283,Individual,10-03-2025,15178,895,09-03-2025,02-04-2025,GB36QQXQ70675653135363,c12239f5-9208-47ff-9866-ea65c475f283,Andrea Frye,"427 Ana Views Apt. 242 East Brianberg, NY 77287",001-124-172-8283x285,katherinehawkins@maldonado-tucker.com,No,26-09-2020,8586,No,Comprehensive Health Plan
7b90d3cf-0d06-4649-b7e4-900c3d2a5dff,CPT-77078,Annually,18c5ef7c-4a3e-4ed1-b6f2-374da7c3c5bf,99333,Dr. Jennifer Villa,"Manning, Cannon and Black",Treatment: Assessed pre-surgery and provided comprehensive eye care instructions.','Admission Start Date:13-05-2022; Admission End: 29-09-2024; Treatment: Treatment: Assessed pre-surgery and provided comprehensive eye care instructions.'',Success safe price. Well age baby affect hundred.,55859,Mann Ltd,Approved,824.460.3202x421,"Keller, Eaton and Ali",Low-Cost Premium for Young People,4eb99339-c071-4b4c-8c8b-9bc9160f1c28,Corporate,29-03-2024,78729,383,22-02-2023,04-10-2024,GB78GJKS18378253082364,4eb99339-c071-4b4c-8c8b-9bc9160f1c28,Michael Torres,"5788 Schneider Avenue Nicolebury, WY 17149",4863760386,andrewsrobert@sampson.com,No,13-05-2022,5232,Yes,Comprehensive Health Plan
52347bf7-a79d-4c9e-bab7-d0913998a478,CPT-33490,Annually,0c41cc02-fade-49d7-b62e-70453874512d,91302,Dr. Anthony Hogan,Wilson Ltd,Treatment: Managed acute pulmonary embolism through anticoagulation therapy under close supervision.',Until magazine authority billion. Reduce buy test century.,Effect prevent cut front.,81201,Griffith-Johnson,Rejected,417-656-2527x7998,"Evans, Burnett and May",Covers Ambulance Fees,10ef7595-c322-4228-be10-bdd002285655,Family,09-09-2021,95669,115,11-10-2020,28-02-2022,GB70JXWY98547042104644,10ef7595-c322-4228-be10-bdd002285655,Aimee Coleman,"741 Kathy Walk Suite 530 Sandrashire, KS 98309",001-772-907-6129,lindsaybarber@yahoo.com,No,11-07-2023,4581,No,Senior Citizen Health Insurance Plans
bfa23918-e80b-417d-bf6f-de08defed657,CPT-29617,Annually,aab52632-9c80-445f-902b-840b15f8c54d,92626,Dr. Carrie Smith,Boone-Bryant,Treatment: Conducted follow-up after laser cataract surgery.Monitored and managed platelet count through blood transfusion during dengue fever.','Admission Start Date:17-11-2022; Admission End: 10-09-2023; Treatment: Treatment: Conducted follow-up after laser cataract surgery.Monitored and managed platelet count through blood transfusion during dengue fever.'',Range member program career serious civil maybe.,50857,Bryant Ltd,Rejected,343.640.8184,Jimenez-Hall,Cardiovascular Health,c6afe2c3-eb21-4d0c-965c-7e489d0fba62,Individual,12-01-2023,80357,886,12-06-2020,25-09-2023,GB59ARSV17495047106594,c6afe2c3-eb21-4d0c-965c-7e489d0fba62,Curtis Stokes,"4662 Mitchell Station Deborahport, CT 65238",(523)173-8883x50795,riosbilly@yahoo.com,No,17-11-2022,9172,Yes,Senior Citizen Health Insurance Plans
c45db390-503f-4e30-bcaf-a437da3d5367,CPT-88829,Monthly,bc68aae4-db39-4268-ba08-1c44498fba8c,83337,Dr. Kathy Wu,Reynolds-Pitts,Treatment: Administered supplements for maternal health and fetal development.',Feel specific main remember kid model black.,Outside live air yeah beat response.,86265,Williams PLC,Approved,(219)811-1493,Sims and Sons,Protection from Growing Medical Expenses,56f12192-e502-4579-9560-e55b43de5f43,Corporate,14-03-2022,35486,316,05-03-2022,14-06-2022,GB55JFTK27434534643394,56f12192-e502-4579-9560-e55b43de5f43,Alexandria Cooper,"98669 William Key West Matthew, MN 43826",(390)691-1601,carlos21@khan.net,Yes,21-04-2021,3568,No,Senior Citizen Health Insurance Plans
0215a95c-08b5-4e17-bcd9-cce89a89ce90,CPT-58659,Monthly,034bd43a-113a-4542-acbe-60d35eb268d9,95407,Dr. Pamela Leonard,Brown-Obrien,Treatment: Conducted routine check-up and prescribed vitamins.',Cover white avoid heart worker on author.,Interview ask successful especially.,43074,Cooper and Sons,Approved,046-359-7057x631,"Lowe, Bradford and Hughes",Includes Yearly Medical Check-Ups,8d3e6a93-e96c-4e78-9aed-272f97c9a731,Corporate,17-10-2023,36885,811,31-03-2022,20-09-2024,GB06MCGC19163659224023,8d3e6a93-e96c-4e78-9aed-272f97c9a731,Derek Klein,USNV Sherman FPO AP 08254,001-495-128-9668x07614,jennaberger@dodson-moyer.com,No,17-07-2020,7755,No,Senior Citizen Health Insurance Plans
ada93bd1-025b-4123-8598-73f588e5ce25,CPT-74657,Monthly,69107771-a7c8-4ec4-9801-31d02db178b6,63871,Dr. Alicia May,"Camacho, Green and Evans",Treatment: Hospitalized for treatment of severe asthma exacerbation with corticosteroids.',Form professor collection outside pass upon. American act across inside thought keep.,Pay prove score conference career she.,37457,Jackson-Anderson,Rejected,225-281-8616,"Hill, Lopez and Herrera",Critical Disease Specific Plans,3bd38a25-c824-4eae-a2d2-6426a52eee3f,Family,03-12-2024,80919,479,14-09-2024,19-07-2025,GB30FTIB51750743069391,3bd38a25-c824-4eae-a2d2-6426a52eee3f,Chad Ruiz,"585 Heidi Springs Curtisshire, OR 18659",001-043-367-9417x6376,yadams@pope.com,Yes,04-12-2024,8707,No,Disease-Specific Health Insurance Plans
9f4f3f5c-6af4-4efc-8d7c-17d5280275ad,CPT-11706,Monthly,88340c1d-899c-4bfa-8d99-acf52d6c09d8,63812,Dr. Jose Ramirez,Bowen Group,Treatment: Provided cardiac rehabilitation and prescribed medications for recovery.',Item evidence sport law bar sense. Item cover leader discuss consider you fall.,Own need scientist owner cause.,88785,"Lee, Hale and Jackson",Approved,077-600-0831x420,"Dunlap, Higgins and Williams",Critical Disease Specific Plans,d108e9db-6b65-4b82-9e3c-d68f5e10a8e2,Individual,14-08-2022,79255,42,03-08-2020,02-02-2023,GB22HYMH98743862290324,d108e9db-6b65-4b82-9e3c-d68f5e10a8e2,Eric Thomas,"0245 Brown Vista South Douglasborough, KY 70053",702.376.2680x7529,heather01@sanchez.org,No,13-09-2021,5871,Yes,Disease-Specific Health Insurance Plans
e873a0a8-6fa5-460e-8872-bc28ba149a82,CPT-43074,Annually,e5302af9-88cf-4200-b809-b8ffb5200b13,69610,Dr. Richard Lamb,Weaver-Lopez,Treatment: Conducted angioplasty and monitored for complications.',Travel since not like owner value degree.,List policy history somebody coach unit.,94088,Little-Simpson,Rejected,189-680-9858x9773,Warren Group,Respiratory Health,04f0e920-c3be-478d-932c-1d11f293cd56,Corporate,26-06-2024,13525,740,02-04-2024,18-01-2025,GB07XKIG45152249238215,04f0e920-c3be-478d-932c-1d11f293cd56,Judy Sexton,"7903 Kara Neck Apt. 342 East Emily, NV 45431",+1-729-681-3554x143,powellkelly@gmail.com,Yes,11-11-2022,4559,No,Senior Citizen Health Insurance Plans
97c50228-792b-4316-a732-09dcf0ca5e01,CPT-82643,Monthly,cd9f0448-448a-487a-b2fb-c3004836379c,61366,Dr. Jack Flores,"Lin, Garcia and Guzman",Treatment: Administered bronchodilators and oxygen therapy for chronic obstructive pulmonary disease (COPD).',Third born most opportunity.,But young increase project nearly.,40526,White-Ibarra,Rejected,6728079265,"Cunningham, Griffith and Shepard",Critical Disease Specific Plans,a741b2a3-eb2c-4462-905a-d76557405b89,Individual,02-07-2024,79565,155,06-07-2023,14-04-2025,GB31HRXY54557839066614,a741b2a3-eb2c-4462-905a-d76557405b89,Jon Fisher,"110 Caleb Manor South George, WV 38027",001-896-098-8676x302,uvelez@gonzalez.org,Yes,30-05-2023,6939,No,Disease-Specific Health Insurance Plans
fa5e786c-4dac-40cb-8274-e5c5d87ba6d1,CPT-89828,Quarterly,08cc1616-801f-4ee6-911d-d8c08da487db,62037,Dr. Donna Martinez,"Martin, Tran and Sanchez",Treatment: Conducted follow-up after laser cataract surgery.Monitored and managed platelet count through blood transfusion during dengue fever.','Admission Start Date:14-02-2024; Admission End: None; Treatment: Treatment: Conducted follow-up after laser cataract surgery.Monitored and managed platelet count through blood transfusion during dengue fever.'',Choice half on visit main size win.,93943,Reynolds-Christian,Rejected,377-085-1817x76159,Powell-Morrow,Mental Health Care,b797f0fd-c94c-413d-8b6b-6e9c4976b586,Family,05-03-2023,57193,586,11-07-2020,21-07-2023,GB56UNSY44275637122551,b797f0fd-c94c-413d-8b6b-6e9c4976b586,Diana Guerrero,"5237 Stephanie Cove Apt. 840 Deborahmouth, WA 80440",(319)384-9654x671,ssmith@hotmail.com,Yes,14-02-2024,4549,No,Comprehensive Health Plan
975fba46-939f-4425-9bc9-60405b4ea7c8,CPT-25256,Annually,1e9a5fbb-6415-48e8-8a21-a5aa8810628d,23188,Dr. Rhonda Snyder,Garcia-Johnston,Treatment: Conducted routine check-up and prescribed vitamins.',After time hand thought job chair. Do Congress us material large matter.,Stand coach relate interesting.,95591,Atkinson Inc,Rejected,-6998,"Turner, Miller and Valdez",Critical Disease Specific Plans,ae68cb53-6d8a-46b8-9df6-eea713ba0226,Individual,04-03-2025,46304,44,26-02-2025,04-04-2025,GB76KEBV74061493635992,ae68cb53-6d8a-46b8-9df6-eea713ba0226,Curtis Thompson,"468 Butler Divide Rhondamouth, NE 63013",962.293.3408,logan90@gmail.com,Yes,19-09-2024,4851,No,Disease-Specific Health Insurance Plans
a0c9b8d8-cc3a-4944-a371-f4265c2e0063,CPT-27144,Annually,75473014-bc7d-42c7-85d5-8354a3a37528,44349,Dr. Jessica Kane,Lloyd-Bates,Treatment: Provided prenatal care and routine ultrasound monitoring.',Alone finish but west decade.,Skill whole answer black enjoy usually.,54442,"Rodriguez, Walker and Flowers",Rejected,713.308.2070,"Higgins, Walter and Moore",Critical Disease Specific Plans,777a4f37-5e10-40aa-bfe2-c1c20006abf2,Family,02-06-2024,14345,123,11-11-2021,12-02-2025,GB94AYBK01219867837654,777a4f37-5e10-40aa-bfe2-c1c20006abf2,Anthony Schroeder,"44832 Jerry Grove Reginaldhaven, AK 21914",389-285-3571x40276,kimberlystanley@williams.info,No,17-12-2021,6066,No,Disease-Specific Health Insurance Plans
4ea0ab7a-e2a6-4274-8d23-77fe62724700,CPT-22992,Quarterly,479005be-18f6-451c-967c-94e20068a83a,3584,Dr. Kenneth Wood,Hernandez-Ellison,Treatment: Managed complications of chronic kidney disease through hospitalization and dialysis sessions.','Admission Start Date:24-06-2020; Admission End: 21-12-2024; Treatment: Treatment: Managed complications of chronic kidney disease through hospitalization and dialysis sessions.'',Charge participant wind lot.,69449,Long Ltd,Rejected,818-850-0533,Bradford LLC,Critical Disease Specific Plans,318cf4c7-235e-4c69-a6c2-b9aaf2b14909,Individual,06-03-2025,92661,873,06-03-2025,15-06-2025,GB94VYPD80846399519576,318cf4c7-235e-4c69-a6c2-b9aaf2b14909,Alicia Herring,"5503 Warner Lake Lake Lindabury, LA 27425",(738)590-8767x249,qhoffman@leonard-humphrey.com,Yes,24-06-2020,9760,No,Disease-Specific Health Insurance Plans
56ddb637-a3fa-439a-9b7b-28200ed89921,CPT-14677,Quarterly,69a8d557-ca0b-469c-b165-f99402507e20,71145,Dr. Christopher Ortega,Flowers Inc,Treatment: Conducted follow-up after laser cataract surgery.Monitored and managed platelet count through blood transfusion during dengue fever.','Admission Start Date:04-07-2022; Admission End: 02-06-2025; Treatment: Treatment: Conducted follow-up after laser cataract surgery.Monitored and managed platelet count through blood transfusion during dengue fever.'',Water add idea nor research create fast.,72321,"Snow, Silva and Gibson",Rejected,(983)115-6175x0135,"Nelson, James and Olson",Low-Cost Premium for Young People,c7fe3702-638f-4383-9498-3e218655de03,Family,07-01-2025,63877,728,18-05-2020,13-06-2025,GB49LVAQ73606665682517,c7fe3702-638f-4383-9498-3e218655de03,Keith Hobbs,"5491 Michael Ranch Suite 604 North Ryanmouth, NC 74671",001-966-489-7301x05808,christopherellis@gmail.com,No,04-07-2022,2158,No,Comprehensive Health Plan
4d63e892-6e06-4343-a166-1c07029c7ee9,CPT-57651,Annually,31b5155c-f2ad-4d81-bcf7-629715f43102,19089,Dr. Shane Daniels,Williamson-Anderson,Treatment: Assisted with delivery and provided neonatal care.',Out today court method ground past wait.,Citizen identify garden include three whole.,80958,Brewer LLC,Approved,(843)383-4252x6315,Barker PLC,Eye and Vision Care,9b2a0443-0c2b-4422-b266-7da651286ddf,Individual,09-03-2024,13274,577,16-07-2021,06-07-2024,GB23SPZO79077858898612,9b2a0443-0c2b-4422-b266-7da651286ddf,Megan Green,"PSC 9220, Box 8227 APO AA 14567",8053509258,laurie83@hotmail.com,Yes,16-01-2022,8826,No,Comprehensive Health Plan
be4fc6b6-d06a-470a-991c-c9e07de1d809,CPT-34801,Annually,7187cc1b-47bd-4b77-b3d3-75fb5b3029e0,32168,Dr. Shelby Bradley,"George, Martinez and Martinez",Treatment: Administered post-operative care for valve replacement surgery.','Admission Start Date:07-01-2021; Admission End: 16-11-2024; Treatment: Treatment: Administered post-operative care for valve replacement surgery.'',Particular among cut build likely him American.,81692,Rhodes and Sons,Approved,001-995-653-2627,Oneill Group,Critical Disease Specific Plans,4bfcc18b-68a0-4559-8a56-f043f9c0134a,Corporate,23-02-2025,28092,474,04-02-2025,06-07-2025,GB16TDCM25362684408153,4bfcc18b-68a0-4559-8a56-f043f9c0134a,Cynthia Myers,"32164 Foley Highway Lindseyland, ID 79766",290.615.0247x559,diana90@zimmerman-ortega.biz,Yes,07-01-2021,5911,No,Disease-Specific Health Insurance Plans
ec36027e-f493-40ae-a907-10612f20fe72,CPT-18337,Annually,bfbf23ac-bdeb-4499-8caa-ea907378c73d,47222,Dr. Kelly Campbell,Waters Group,Treatment: Administered post-operative eye drops and advised on vision recovery.',Without career rate direction. Training number throw chair.,Ten bring people either job former evidence.,54223,"Hughes, Smith and Edwards",Rejected,796-010-7771,Cook Ltd,Respiratory Health,558e3744-a9e2-4630-bc37-308d6caea556,Individual,22-09-2024,65411,35,31-12-2023,06-09-2025,GB54TZWE03134336267064,558e3744-a9e2-4630-bc37-308d6caea556,Angela Reed,"25183 Huber Ports Suite 374 Swansonmouth, NE 24066",001-521-644-5829,xrose@mcguire.biz,No,18-05-2021,808,No,Senior Citizen Health Insurance Plans
26d16825-43b1-4439-bc34-092a347cc749,CPT-75339,Monthly,43389214-0c6d-4632-882c-00d71d45c331,37003,Dr. Andrew Robinson,"Mason, Watson and Lawson",Treatment: Administered supplements for maternal health and fetal development.',Which enter reflect month doctor event.,Camera character out production.,66904,Hernandez-Richmond,Rejected,+1-552-732-5499x013,Kim-Velasquez,Maternity Benefits,d9d39841-9282-4774-a223-b2ed7446708e,Individual,24-12-2024,907,718,21-06-2023,19-08-2025,GB66AUQO78202727769204,d9d39841-9282-4774-a223-b2ed7446708e,Bradley Moore,"3013 Austin Junction Suite 959 Meyermouth, SD 74558",(558)993-9752,davisstephen@flores-reyes.biz,Yes,02-11-2022,6945,Yes,Comprehensive Health Plan
b5337645-2e5a-4251-abc1-01b18dbb5dd4,CPT-58206,Monthly,4001bb83-23d3-4959-8e3c-74b2294bb09d,18417,Dr. Carla Bryant,Bradley and Sons,Treatment: Administered bronchodilators and oxygen therapy for chronic obstructive pulmonary disease (COPD).',Fly technology worker know. Forward morning fish whatever name enter.,Lose sure blood west.,60722,Willis-Ferguson,Rejected,271-345-7952x8287,Miller-Rivera,Diabetes-Specific Benefits,fab844c8-1a63-40b7-a104-72fc46ebcc4c,Family,10-10-2023,59196,489,14-02-2023,20-07-2024,GB29VSWU13900748182042,fab844c8-1a63-40b7-a104-72fc46ebcc4c,Michelle Brown,"78789 Tiffany Prairie Apt. 595 North Melissaville, NM 81099",247-831-6236x25568,qphillips@reynolds.com,No,12-06-2021,7654,Yes,Senior Citizen Health Insurance Plans
d5d278d5-e910-4779-a341-035c420a6aa9,CPT-35637,Annually,0336b2b0-dfe8-495b-8319-f722b9215a64,38705,Dr. Margaret Sims,"Hart, Price and Page",Treatment: Assessed pre-surgery and provided comprehensive eye care instructions.','Admission Start Date:30-01-2020; Admission End: 28-07-2022; Treatment: Treatment: Assessed pre-surgery and provided comprehensive eye care instructions.'',Better do lose let your him. Leave chair no.,17454,Lee-Mcgee,Approved,932-626-3840,Cain Ltd,Skin and Dermatology Care,82a1fd53-ffa3-4c96-abf2-1a1bc37c4e10,Family,28-10-2023,59541,592,01-07-2022,01-08-2024,GB96YNYM53666673935176,82a1fd53-ffa3-4c96-abf2-1a1bc37c4e10,Diane Knight,"PSC 8823, Box 3867 APO AP 91485",(049)219-7946x994,jeffstrickland@stanton.org,Yes,30-01-2020,2303,Yes,Comprehensive Health Plan
341ac236-4e95-448d-9491-c428778ccbde,CPT-97877,Annually,5dde052e-c0a0-43c9-bf52-efd460624ea6,95569,Dr. William Fuentes,Ali-Meyer,Treatment: Administered pain relief for post-operative recovery.',Throw picture true fund how less.,Computer forget skin church let beat remain.,20852,"Woods, Hicks and Williams",Approved,+1-932-697-2314x1713,"Washington, Carroll and Silva",Respiratory Health,14fb9524-31f1-49f0-a117-6baa37dd2367,Individual,31-10-2024,85648,464,21-04-2023,23-02-2025,GB10VDJP98644416762651,14fb9524-31f1-49f0-a117-6baa37dd2367,Katie Robinson,"714 Eric Crescent Port Nicole, MT 74515",253.122.9032,wchavez@hotmail.com,No,03-06-2020,8283,No,Senior Citizen Health Insurance Plans
9cebda93-b472-4f83-8fb3-bdca4fb4dcbf,CPT-72314,Annually,97e0e0dc-cff8-4a9e-8da3-ec5e16392391,89248,Dr. Christian Williams,Holt-Skinner,Treatment: Performed coronary artery bypass surgery successfully.','Admission Start Date:04-08-2022; Admission End: 05-01-2024; Treatment: Treatment: Performed coronary artery bypass surgery successfully.'',Above hundred back appear pretty.,69920,Carter PLC,Rejected,679.598.3784,"Schmidt, Carpenter and Miller",Cardiovascular Health,452feda3-c96d-46d7-9e96-0ab64cfc7c36,Family,31-05-2024,59785,348,16-08-2020,30-03-2025,GB74KPSV56091309526420,452feda3-c96d-46d7-9e96-0ab64cfc7c36,Derrick Brooks DDS,"622 Desiree Street Sheltonmouth, MO 06474",-1066,andrewclark@hotmail.com,Yes,04-08-2022,2420,Yes,Senior Citizen Health Insurance Plans
240599b8-2727-4680-adaa-2319b5527841,CPT-47548,Annually,b31a4f26-7981-410e-a388-65e3405d65c3,63710,Dr. Douglas Patton,Stephenson Inc,Treatment: Conducted hospital-based monitoring for critical dengue shock syndrome cases.','Admission Start Date:12-10-2023; Admission End: 21-04-2025; Treatment: Treatment: Conducted hospital-based monitoring for critical dengue shock syndrome cases.'',Protect television more her everything yeah.,59545,Haley LLC,Rejected,072-697-5615x509,Reyes-Young,Critical Disease Specific Plans,c1eb813b-d81b-4c52-8d59-3f81bfcca04a,Individual,18-02-2025,17922,52,06-11-2024,27-12-2025,GB52ASUU59581910633754,c1eb813b-d81b-4c52-8d59-3f81bfcca04a,Angela Robinson,"276 Hughes Track Apt. 495 Shaneton, GA 29224",209.929.6558x509,qwyatt@hotmail.com,No,12-10-2023,8965,No,Disease-Specific Health Insurance Plans
7a666807-e03f-4231-bf3e-10205610db56,CPT-71158,Monthly,e00d02b7-3b58-41a3-86d3-feff033369f3,80163,Dr. Erin Morrow,Mendez and Sons,Treatment: Hospitalized for treatment of severe asthma exacerbation with corticosteroids.',Phone little Democrat reason. Natural interest there become.,Beat deep offer box whole month.,92975,Thompson PLC,Rejected,(189)364-2291x511,"Harper, Wagner and Johnson",Diabetes-Specific Benefits,c325d707-fa43-48fd-9a7d-8fde74fb69cf,Family,16-08-2024,46618,133,08-10-2021,16-09-2024,GB31LOXJ61649274651655,c325d707-fa43-48fd-9a7d-8fde74fb69cf,Julie Patton,"5936 Mark Parkways West Lindsaytown, TN 04756",540-938-3209,spenceralexis@hotmail.com,Yes,24-03-2020,4338,Yes,Senior Citizen Health Insurance Plans
2482cee2-3e62-4332-b8f3-40d8ec5d65e5,CPT-55031,Quarterly,7fb5c368-65f5-453a-aa31-3f400bf493c4,95595,Dr. Garrett Hodge,Jackson LLC,Treatment: Managed complications of chronic kidney disease through hospitalization and dialysis sessions.','Admission Start Date:06-04-2023; Admission End: 02-08-2025; Treatment: Treatment: Managed complications of chronic kidney disease through hospitalization and dialysis sessions.'',Thing enter memory hundred up part her huge.,77395,Poole-Smith,Rejected,239-745-1160x61516,"Wilson, Shaffer and Reed",Critical Disease Specific Plans,85d2e705-0eba-4d0e-b50a-900f08b0ccae,Corporate,01-11-2024,70420,951,22-09-2024,06-10-2025,GB14JAIF18521948819727,85d2e705-0eba-4d0e-b50a-900f08b0ccae,Laura Lane,"96128 Porter Views Suite 011 Guerreroside, ME 52609",961.274.3251x89312,krystal04@gregory.com,No,06-04-2023,9720,Yes,Disease-Specific Health Insurance Plans
eab1ba98-03f1-468e-b213-0f5685034beb,CPT-52855,Monthly,228711c4-a511-44cd-aed7-108c0018dcbd,52877,Dr. Tasha Frye,Rogers Inc,Treatment: Administered post-operative eye drops and advised on vision recovery.',Sort attention save special debate member likely.,Them fight true necessary.,5402,"Johnston, Rios and Cruz",Approved,(747)291-5739,Dean-Miller,Hospitalisation Benefits,970fefc6-9b66-46c7-b5cb-b9feb78a879c,Corporate,01-12-2024,9943,425,18-02-2024,29-12-2024,GB67YABA35842908599240,970fefc6-9b66-46c7-b5cb-b9feb78a879c,David Mccullough,"5754 Micheal Freeway Apt. 147 Kaylaview, TN 50534",967.438.6335x86178,vsalinas@thompson-johnson.com,Yes,15-09-2021,4885,No,Senior Citizen Health Insurance Plans
46ad98ed-733d-4fbd-96c1-566ffa5f6501,CPT-47619,Annually,9503cd55-6c03-4804-b034-4677cae26eed,61515,Dr. Anthony Moore,Wilkinson Ltd,Treatment: Hospitalized for treatment of severe asthma exacerbation with corticosteroids.',Window ok explain view else source word hot. Memory parent century nice for perhaps.,Red why stop meet nation herself.,12942,Bradford-Edwards,Approved,7541151898,Long Inc,Critical Disease Specific Plans,2903c831-c799-47e7-8ca5-18572fc2cf28,Corporate,25-09-2021,64924,909,03-06-2021,30-01-2022,GB51LMZC60406973461903,2903c831-c799-47e7-8ca5-18572fc2cf28,Mrs. Natalie Mercado,"PSC 2753, Box 3281 APO AP 90270",101-236-7396,christopherhughes@yahoo.com,No,24-01-2022,7749,Yes,Disease-Specific Health Insurance Plans
27e73fa9-1283-45bd-86de-b06d33b7f76d,CPT-39717,Annually,28b6712e-fa83-451a-b90b-4b4b45094224,98902,Dr. Nicholas Walker,Miller and Sons,Treatment: Provided counseling for mental health support.',Including picture institution suffer. For thank performance fill.,Third ground however smile much.,83270,"Fernandez, Johnson and Miller",Approved,(141)692-7177x35393,"Mcdonald, Wyatt and Melendez",Critical Disease Specific Plans,94afda1f-6f37-453f-8619-54d9b163346e,Family,05-10-2021,36856,814,30-08-2021,21-10-2021,GB59ZDSV80010957836932,94afda1f-6f37-453f-8619-54d9b163346e,Mary Stewart,"0480 Emma Harbor Suite 964 Wellston, MD 23527",001-273-361-6081,jamiecamacho@green.org,No,17-02-2023,1077,No,Disease-Specific Health Insurance Plans
a784a88c-d428-4f6f-ba06-dba650990970,CPT-85687,Monthly,480f5aab-38cc-46d9-b0dc-9561a414572a,88408,Dr. Sharon Key,Lopez-Gilbert,Treatment: Administered antibiotics for infection control.',Prevent light owner will garden treatment church determine.,Weight she admit your challenge white truth.,36266,Carroll PLC,Rejected,(166)026-6648,Thomas-Leon,Critical Disease Specific Plans,89878ee8-c3d6-414e-aee3-80b114dcef6e,Individual,03-10-2023,79000,26,01-02-2022,30-12-2023,GB60SRUN67511299249265,89878ee8-c3d6-414e-aee3-80b114dcef6e,Dawn Morales,"558 Nicole Mill Apt. 438 North Paulmouth, CO 33567",(536)338-5830x38285,jennifer57@moore.com,Yes,28-04-2020,7040,No,Disease-Specific Health Insurance Plans
e69bb125-8821-4992-9c9c-b99cb05f8784,CPT-30428,Monthly,4c61493f-114f-45d9-bace-7f4acdee609d,92211,Dr. Eric Curtis,Williams Inc,Treatment: Provided prenatal care and routine ultrasound monitoring.',Under heart then fill along. Relate community avoid six protect say.,Piece mention road treatment.,86188,Cook-Payne,Approved,624-204-1375x0451,Mendoza PLC,Includes Yearly Medical Check-Ups,93f6bb53-129a-4aae-9b9a-b8ef082b7f88,Individual,19-05-2022,17339,245,13-06-2021,08-11-2022,GB63JNZC58263623516411,93f6bb53-129a-4aae-9b9a-b8ef082b7f88,Marc Parsons,"3255 Christopher Field South Maria, AZ 17270",001-434-830-9750x019,rachelgriffin@gmail.com,Yes,16-04-2022,7017,No,Senior Citizen Health Insurance Plans
c32ac292-9cb2-4833-a70b-961d8db0d762,CPT-51085,Monthly,e7804977-20b2-4833-9d72-b3764b5662fa,98994,Dr. Melanie Bonilla,Medina-Perez,Treatment: Administered bronchodilators and oxygen therapy for chronic obstructive pulmonary disease (COPD).',Five food eight three interest science.,Ten know its positive.,58211,"King, Tate and Riley",Rejected,004-195-7279x10462,Myers Inc,Critical Disease Specific Plans,349cac91-cf27-4fcd-ad83-294561c8423d,Individual,13-10-2024,54474,843,10-09-2023,15-09-2025,GB82PVMZ29456810109652,349cac91-cf27-4fcd-ad83-294561c8423d,Randy Lambert,"7822 Ramos Crossroad Kiddhaven, HI 42349",997-681-3079x40390,ckemp@hotmail.com,Yes,27-09-2020,6697,No,Disease-Specific Health Insurance Plans
6794aec5-420b-4f21-8cb1-5df68cf50994,CPT-57956,Annually,975659bb-436b-45bb-8bab-d6acbce0c8da,73769,Dr. Sabrina Henderson,Graham-Bradley,Treatment: Assessed pre-surgery and provided comprehensive eye care instructions.','Admission Start Date:08-07-2023; Admission End: None; Treatment: Treatment: Assessed pre-surgery and provided comprehensive eye care instructions.'',Nice much consumer evening.,87277,Mcguire Group,Rejected,1893504870,Gray-Williamson,Includes Yearly Medical Check-Ups,ed9d2291-4d14-432c-91b7-a16f706e77e6,Family,07-12-2021,11209,232,04-11-2021,01-06-2022,GB98NFVT56415249874337,ed9d2291-4d14-432c-91b7-a16f706e77e6,Vicki Hernandez,"53558 Larry Pines North Christinefort, SD 36164",001-105-479-7831x16629,floresjeanette@mitchell.com,Yes,08-07-2023,5001,No,Comprehensive Health Plan
3df3728e-1bde-48fd-872e-05ec6f356462,CPT-81411,Monthly,5e2a5c4a-d3f0-4383-b320-49f6066e17f8,2478,Dr. Linda Lynch,Johnson-Wilson,Treatment: Administered antipyretics and managed symptoms of dengue hemorrhagic fever.','Admission Start Date:05-02-2021; Admission End: 26-05-2024; Treatment: Treatment: Administered antipyretics and managed symptoms of dengue hemorrhagic fever.'',Enter itself strategy reason contain.,9432,"Morgan, Stewart and Smith",Approved,054-618-9795,"Wells, Phillips and Johnson",Mental Health Care,54c96f3d-41be-4e48-80c2-d2e0a20a5877,Family,11-08-2024,84517,73,23-04-2024,21-10-2024,GB32YIHD07086259337219,54c96f3d-41be-4e48-80c2-d2e0a20a5877,Molly James,"41287 Thomas Terrace Apt. 820 Jaimeside, SD 98100",(786)408-8344x957,nina55@burke.com,Yes,05-02-2021,6085,No,Comprehensive Health Plan
6cc439cb-e9c1-41c0-b356-ade5f9e3deb8,CPT-66223,Annually,1c85d6e4-088f-41f6-8fe4-aca9e038c925,54894,Dr. Debbie Carlson,"Roberts, Henry and Webb",Treatment: Conducted hospital-based monitoring for critical dengue shock syndrome cases.','Admission Start Date:08-11-2021; Admission End: 29-06-2023; Treatment: Treatment: Conducted hospital-based monitoring for critical dengue shock syndrome cases.'',Good activity catch protect who major.,51932,"Robertson, Weaver and Morgan",Approved,765-954-1311x64845,Carter PLC,Eye and Vision Care,d86f0c26-f212-4994-8332-4f216b34ba5c,Individual,16-02-2025,94123,712,25-12-2024,19-05-2025,GB38PLBN66825513691864,d86f0c26-f212-4994-8332-4f216b34ba5c,Mrs. Karen Perry MD,"900 Marshall Motorway Suite 685 Lake Tamara, DE 98281",(712)539-8057,scott80@gmail.com,No,08-11-2021,2141,Yes,Comprehensive Health Plan
3aa1c25a-0c98-4ebe-97ce-27aa3907a107,CPT-11922,Annually,3a086d82-65f9-4196-8922-3df58a38c6d9,27515,Dr. Michelle Wood,Archer PLC,Treatment: Managed complications of chronic kidney disease through hospitalization and dialysis sessions.','Admission Start Date:01-02-2023; Admission End: 30-04-2024; Treatment: Treatment: Managed complications of chronic kidney disease through hospitalization and dialysis sessions.'',Interview look time best rich experience.,1628,Pratt LLC,Rejected,(822)147-3841x903,Chen LLC,Dental Treatment Coverage,37900f5e-50ac-47da-8ff4-4ef306d44646,Family,05-01-2025,38966,80,27-12-2024,03-06-2025,GB38FVUL65464963458103,37900f5e-50ac-47da-8ff4-4ef306d44646,Jennifer Williams,"87243 Kevin Junction Apt. 728 Kaylabury, OH 30806",+1-201-567-3886x5175,simsholly@jackson.net,No,01-02-2023,8840,No,Senior Citizen Health Insurance Plans
699bdfc3-5f5b-4667-af19-d3d6405892ea,CPT-20813,Quarterly,d3de798c-f7f0-42fb-b3b9-e38e721c2bc1,24331,Dr. Mrs. Hannah Kidd,Nelson-Cummings,Treatment: Administered supplements for maternal health and fetal development.',Range as box pattern step.,Before current century too suddenly.,40792,Reyes PLC,Rejected,001-190-113-7395,George-Santos,Maternity Benefits,37041f59-3fcc-497d-8f0e-fc47b120de82,Corporate,14-04-2024,19733,767,14-03-2024,20-03-2025,GB40BGII05202075326634,37041f59-3fcc-497d-8f0e-fc47b120de82,Jared Flynn,Unit 5177 Box 4622 DPO AA 30823,001-166-563-2912,teresarios@yahoo.com,No,06-12-2020,8931,Yes,Comprehensive Health Plan
f607113e-a1f4-4dea-9f48-543a4a2e5bda,CPT-40676,Annually,8bf063a1-0ba3-4dd6-b62c-8b5928206d7f,35010,Dr. Kimberly Williams,Cooper LLC,Treatment: Administered pain relief for post-operative recovery.',Director alone wind the whose it. Whatever future break church.,Interview local respond toward.,11668,Walker Inc,Approved,(303)381-7356x09024,Hamilton LLC,Hospitalisation Benefits,e084049c-efb0-4c52-8c72-03da0061ff72,Corporate,29-01-2023,80136,327,21-07-2022,30-11-2023,GB33GJLI44855042689614,e084049c-efb0-4c52-8c72-03da0061ff72,Amy Hart,"47434 King Run Suite 449 Bernardland, WI 48917",001-769-774-7269x113,andersonbrandon@carpenter.biz,No,04-02-2025,7741,Yes,Comprehensive Health Plan
687cb316-c7b4-4fee-8b0f-6f3db3f2783f,CPT-78044,Monthly,2a09cac9-731a-4fec-8496-6caf8e5d4dff,54531,Dr. Melissa Wilson,"Lang, Liu and Byrd",Treatment: Provided cardiac rehabilitation and prescribed medications for recovery.',Win blood soon behind light will.,Record relate call fall against.,45310,"Fischer, Brown and Harvey",Rejected,001-458-039-9962x5437,"Bean, Kelly and Lindsey",Cardiovascular Health,319dcf51-e813-44a4-a33e-607a2af428b9,Family,31-08-2024,58258,474,28-08-2022,14-12-2024,GB42ZELZ19881426833777,319dcf51-e813-44a4-a33e-607a2af428b9,Cameron Obrien,"58479 Murray Crescent Apt. 958 New Jamestown, CT 63032",001-640-280-9800x13836,vfrank@johnson-little.com,Yes,16-10-2020,8900,No,Senior Citizen Health Insurance Plans
49072756-263a-4591-9673-4f979f834366,CPT-69833,Annually,f2beb494-d513-4065-84ec-5f70ecc7604f,62774,Dr. Paige Sanchez,"Simmons, Hernandez and Wall",Treatment: Hospitalized for treatment of severe asthma exacerbation with corticosteroids.',Never suddenly century network decision majority. Indicate us article many.,Agent race radio card.,4883,Rios-Mathews,Approved,7034152368,English-Hunt,Critical Disease Specific Plans,a661abc4-35d3-4e6e-967f-0375491e61e3,Individual,22-01-2025,3848,451,01-02-2023,18-12-2025,GB59XBLB63458664353196,a661abc4-35d3-4e6e-967f-0375491e61e3,David Harris,"32488 Anna Plains Apt. 774 Port Christophermouth, NV 15890",001-131-953-0439x1477,emilymassey@miller.com,No,31-07-2021,1641,No,Disease-Specific Health Insurance Plans
cccf9002-8045-467b-ac3c-5ceb606941a7,CPT-15345,Quarterly,8e1afe37-714a-4e6f-b247-d8f63d279c7a,35201,Dr. Lori Pittman,"Lopez, Fischer and Griffin",Treatment: Performed cataract removal and implanted intraocular lens.',Fight interest happen authority notice successful social.,Around to sometimes staff although.,26312,Underwood-Rodgers,Approved,447.566.2079,"Ramirez, Frye and Barber",Critical Disease Specific Plans,ea5c2702-8ec1-4d2c-8cb2-2dd00f9a320f,Corporate,17-05-2024,23824,252,28-04-2024,11-02-2025,GB49CFWK61438020766837,ea5c2702-8ec1-4d2c-8cb2-2dd00f9a320f,Christian Tucker,"102 Joseph Stravenue Suite 675 Matthewview, GA 78374",+1-229-473-7591x509,gutierrezrobert@gmail.com,Yes,14-06-2020,4497,No,Disease-Specific Health Insurance Plans
8b7e20e4-7de7-42bc-abc8-5c2a9818b9f5,CPT-63690,Monthly,0942cfe4-c1bf-439c-8c2d-27bdb5fac761,26972,Dr. Donna Moore,Kennedy-Baker,Treatment: Conducted follow-up after laser cataract surgery.Monitored and managed platelet count through blood transfusion during dengue fever.','Admission Start Date:16-09-2023; Admission End: None; Treatment: Treatment: Conducted follow-up after laser cataract surgery.Monitored and managed platelet count through blood transfusion during dengue fever.'',Doctor method food exactly interview pay member.,40959,Williams-Duarte,Approved,912-265-8672,Taylor and Sons,Includes Yearly Medical Check-Ups,2d61aaf6-b9fc-4a2d-b67e-0cae7b2761b1,Family,10-09-2021,20487,190,31-01-2021,11-10-2021,GB96LGIX62541585047635,2d61aaf6-b9fc-4a2d-b67e-0cae7b2761b1,Alan Murray,"458 Mueller Way Byrdview, MA 17780",(676)589-7432,choward@hotmail.com,Yes,16-09-2023,9417,No,Comprehensive Health Plan
a74cdd2e-64a6-4dec-a070-88de4061bf33,CPT-75696,Monthly,2776c66c-169c-4fa4-a4d5-2be1dae42e28,8431,Dr. Michael Ross,Callahan PLC,Treatment: Conducted surgical intervention for lung cancer patients.',The window opportunity probably.,Less also ground away.,76614,Cantrell Inc,Rejected,001-703-715-3120x1760,Olsen-Wagner,Includes Yearly Medical Check-Ups,7890ff10-1fe6-4a77-acb6-e8ac1a7b302e,Corporate,09-10-2024,10496,39,10-02-2023,22-08-2025,GB69OBIE83836015521689,7890ff10-1fe6-4a77-acb6-e8ac1a7b302e,Jason Weeks,"95385 Logan Isle Apt. 966 Lake Patriciafurt, UT 21438",641.790.3503x571,sarathompson@henderson-pitts.org,No,25-06-2022,945,No,Senior Citizen Health Insurance Plans
fe092213-54b0-42f3-8c28-ea675ea1a61b,CPT-13872,Quarterly,16259e2b-8802-4280-b2ca-e2df2e11e896,92394,Dr. Tara Woods,Jones Group,Treatment: Administered supplements for maternal health and fetal development.',Statement reflect listen who economic clear field. Where money mean candidate key.,Affect kid can way.,25475,Nelson-Hull,Rejected,(472)095-9668,Chang and Sons,Covers Ambulance Fees,ba03d7cd-68f1-46fe-bde4-473d57e1dc67,Individual,17-03-2023,79532,182,28-12-2022,29-09-2023,GB51BEEU83448470238404,ba03d7cd-68f1-46fe-bde4-473d57e1dc67,Elizabeth Stephens,"77876 Melissa Crescent Apt. 589 Ramirezberg, UT 60139",+1-761-546-6690x937,laura65@williams-tucker.com,No,31-12-2022,3460,Yes,Senior Citizen Health Insurance Plans
5a8e087a-24dd-4e23-bf84-3b77eb3a369c,CPT-66561,Monthly,7b87e13f-2083-4c77-a731-16019910a92f,79715,Dr. Debra Hodges,Kelly-Novak,Treatment: Administered pain relief for post-operative recovery.',Little song level above.,Dog kind plant maintain. Them and work pick.,55086,Turner-Solomon,Rejected,8434892864,Kelly-Lee,Critical Disease Specific Plans,b1bad4b4-3e34-43d0-8d33-2b4310009f63,Individual,01-09-2024,65813,108,29-06-2024,17-05-2025,GB69CABL85672756941291,b1bad4b4-3e34-43d0-8d33-2b4310009f63,Vanessa Guerra,"889 John Courts Apt. 848 West Sharon, KY 13843",685-308-1303,benjamin02@gregory.com,Yes,08-09-2021,3897,Yes,Disease-Specific Health Insurance Plans
dc4a2a20-2b51-431d-b163-f8bf3e128e3c,CPT-48445,Quarterly,1b823c2e-87f1-4f2e-addb-f27cae2af175,28899,Dr. Benjamin Norton,Rodriguez-Schroeder,Treatment: Conducted postpartum evaluation and counseling on lactation.',General them eat away work. Book strategy your senior least three.,Hundred entire to.,30622,Williams-Stafford,Approved,+1-338-557-7111x87744,Campbell Ltd,Respiratory Health,66aaecd4-dd06-4165-903b-511e64b9f093,Individual,11-04-2024,55884,203,28-08-2021,12-03-2025,GB89JABD09627612487566,66aaecd4-dd06-4165-903b-511e64b9f093,Lisa White,"0337 Chandler Manor North Rebeccaside, CO 81641",(755)232-8411,shortlindsey@yahoo.com,No,03-01-2025,524,No,Senior Citizen Health Insurance Plans
3d4d2991-96e6-4361-8154-251a8fd69b3f,CPT-43240,Annually,28ef1d8f-873f-4a59-a190-caff2c7b91ee,97343,Dr. Carrie Smith,"Reese, Adams and Travis",Treatment: Hospitalized for treatment of severe asthma exacerbation with corticosteroids.',Image conference style difference on get specific medical. Moment right ground rate including reflect knowledge.,Company dinner same control answer hold speak.,17979,Velez-Wilson,Approved,181-779-1573,Neal LLC,Includes Yearly Medical Check-Ups,89a0911f-0869-4810-a30c-35c5d7c4a47d,Corporate,13-02-2025,9100,566,08-12-2021,18-02-2025,GB53YFBB96342284017625,89a0911f-0869-4810-a30c-35c5d7c4a47d,Loretta Johnson,"6471 Ruiz Valley Cartershire, WV 03432",(411)448-0184,samuel01@hotmail.com,Yes,21-02-2020,7715,Yes,Senior Citizen Health Insurance Plans
0f8126dd-b96f-43eb-a2c6-c247cbdc475d,CPT-21092,Quarterly,c41c9f40-81a4-4606-9c5d-a09312a5272c,3147,Dr. Carrie Bailey,Key PLC,Treatment: Administered supplements for maternal health and fetal development.',Low pull sing. Spend professor medical opportunity nearly.,Address much big evening.,58948,Barrett-Cannon,Approved,4531285452,Potter-Holmes,Critical Disease Specific Plans,76e617f1-8db8-407e-9f25-696eee47eb7c,Family,13-08-2023,46856,858,08-07-2022,27-04-2024,GB92GJBU81546450335521,76e617f1-8db8-407e-9f25-696eee47eb7c,Wendy Holmes,"2236 Jones Brooks Xavierfort, MD 95598",(938)787-6617x210,adawson@flores.com,No,22-01-2020,3746,No,Disease-Specific Health Insurance Plans
b910a7fc-3ca9-4ccb-8f3c-797f3bd39e8b,CPT-88207,Quarterly,a39ed3a9-298c-44a9-840c-5d6041ae969e,61667,Dr. Lucas Lee,Harding Inc,Treatment: Provided intravenous fluids and electrolyte therapy for severe dehydration.',South military nature near cell.,Two war agree decide late people.,13165,"Barnes, Jones and Carlson",Rejected,052.630.2525,Harris and Sons,Mental Health Care,08bec3a5-3a05-4543-986e-cde31a47ec70,Individual,12-05-2021,24529,5,04-02-2021,21-03-2022,GB47SOJU88764250826173,08bec3a5-3a05-4543-986e-cde31a47ec70,Jesse Dodson,"93178 Dylan Court Suite 901 Caitlintown, FL 44397",(525)789-5793x699,odavis@alexander.info,No,04-02-2021,9292,No,Comprehensive Health Plan
40b9e941-25e6-440d-a524-8a271bc5b068,CPT-71895,Annually,2c8127f7-c3ec-402c-80df-b57ceccdc554,26210,Dr. Andrea Schmidt,Pearson-Moore,Treatment: Managed acute pulmonary embolism through anticoagulation therapy under close supervision.',Range realize unit record century front guy. Cover early great pressure knowledge value.,Where fine industry face. Sound yes lead idea.,77329,Mcgee and Sons,Rejected,343-518-1822x845,Byrd-Davis,Includes Yearly Medical Check-Ups,16478e97-5664-4955-a8cf-b5781cf76b24,Individual,11-09-2022,53134,830,29-06-2022,04-08-2023,GB56LXPM50308526558693,16478e97-5664-4955-a8cf-b5781cf76b24,Kathryn Doyle,"177 Porter Mountain West Jenniferborough, KY 20751",908.074.5299x232,evaldez@yahoo.com,Yes,01-04-2021,6525,No,Senior Citizen Health Insurance Plans
9b278d5a-9222-4839-bcf4-1885cb67da4c,CPT-59540,Monthly,1b13b318-a9a1-4880-a3c9-a1e4530fedc8,89052,Dr. Cameron Jones,"Fuller, Bailey and Murphy",Treatment: Managed acute pulmonary embolism through anticoagulation therapy under close supervision.',Manage than week no research just ready entire.,Free art top economy magazine.,60860,Carter PLC,Approved,845.718.9126x63284,"Smith, Sullivan and Weaver",Low-Cost Premium for Young People,a30142a4-9ca6-4a35-b0d0-9f1f3a8e6b90,Corporate,08-07-2021,43221,58,07-04-2020,18-06-2022,GB36VZFI67063967118438,a30142a4-9ca6-4a35-b0d0-9f1f3a8e6b90,Jason Gonzalez,"06047 Maria Ports Carlbury, NV 06872",100.424.4987,campbellaustin@brown.com,No,07-02-2023,9427,Yes,Comprehensive Health Plan
44039d0d-b18c-4c2d-b430-2fdbe3e99ac4,CPT-13308,Monthly,72ff23c9-dda4-44cd-9042-c9c8dd95d741,69741,Dr. Joel Brown,Avery-Hutchinson,Treatment: Performed hemodialysis for renal failure with continuous monitoring of vitals.','Admission Start Date:13-02-2024; Admission End: 24-05-2024; Treatment: Treatment: Performed hemodialysis for renal failure with continuous monitoring of vitals.'',None stage management hope.,41572,"Lutz, Shaw and Thomas",Approved,(378)991-5659x36791,"Watson, Jones and Hayden",Includes Yearly Medical Check-Ups,f8bbbb30-0018-48de-bff0-09fe7ec374c3,Individual,26-02-2025,89269,538,25-01-2021,16-02-2026,GB13NSUQ13914691648458,f8bbbb30-0018-48de-bff0-09fe7ec374c3,Bryan Pittman,"27654 George Lodge Suite 265 Robinside, TX 57731",348.180.7608,nielsenholly@yahoo.com,No,13-02-2024,3471,Yes,Comprehensive Health Plan
90a70e71-c834-4350-a65a-f1f4f73a3b49,CPT-50785,Quarterly,1835d331-b02a-405c-a520-6908374067ca,97443,Dr. Jessica Chase,"Barker, Lewis and Garcia",Treatment: Performed hemodialysis for renal failure with continuous monitoring of vitals.','Admission Start Date:31-07-2021; Admission End: 29-10-2024; Treatment: Treatment: Performed hemodialysis for renal failure with continuous monitoring of vitals.'',Interesting pay usually little organization safe.,40786,Ward Inc,Approved,001-448-162-4567x924,Livingston PLC,Eye and Vision Care,1b815a88-423f-40e1-924c-ff9a7db8886b,Corporate,20-12-2024,76960,88,29-11-2024,19-08-2025,GB13FFXR99751626319374,1b815a88-423f-40e1-924c-ff9a7db8886b,Daniel Johnson,"67418 Michelle Lodge Apt. 671 Sarahmouth, OH 07223",(246)367-8224,oweiss@stone.com,No,31-07-2021,4002,No,Comprehensive Health Plan
3b27a43a-6d01-4658-af72-f6f72bb8be13,CPT-58394,Quarterly,6edafe31-0069-4647-89c9-07eb084bb432,25861,Dr. Megan Walker,Dixon-Cole,Treatment: Provided prenatal care and routine ultrasound monitoring.',Right prove whether world other interesting.,Resource claim song mouth assume.,97111,Patterson Inc,Approved,(369)128-0605,White Ltd,Critical Disease Specific Plans,1fd75708-103b-4798-8d86-e0d6c38b4594,Individual,02-02-2021,17114,432,15-09-2020,28-03-2021,GB69SLKX89309933769549,1fd75708-103b-4798-8d86-e0d6c38b4594,Sandra Holland,"2795 Bailey Mission West Shannon, IA 66563",001-021-313-0906x530,ihanna@carr.info,Yes,17-09-2023,2934,No,Disease-Specific Health Insurance Plans
277fdd4d-47aa-43d2-9032-80c1254c7f18,CPT-75998,Monthly,82b27281-9457-40e5-9b97-7058eade1e72,62259,Dr. Kristen Santiago,"Briggs, Martinez and Ramos",Treatment: Administered antibiotics for infection control.',Place economy billion billion fall firm cover southern. Likely future interview campaign international likely.,Join follow it animal light various nation kid.,70193,"Allen, Smith and Stevens",Rejected,369.020.4864,Macdonald-Johnson,Critical Disease Specific Plans,ff33aa41-285a-4d25-96e8-e39d32266887,Family,06-04-2021,18418,666,09-09-2020,12-05-2021,GB23GCWH99499796786745,ff33aa41-285a-4d25-96e8-e39d32266887,Katherine Serrano,"13827 Mathews Stravenue North James, CO 07573",2856059669,gbrown@vang.com,Yes,30-01-2025,8172,Yes,Disease-Specific Health Insurance Plans
2ccf8123-0785-4660-9054-6d7098452c37,CPT-98948,Monthly,43d5c616-0ab4-49e1-99f3-cc7ac6251820,34685,Dr. Ashley Green,"Baker, Baker and Green",Treatment: Provided counseling for mental health support.',Check that expert.,Wrong act who kind reason age test.,24599,Clark Ltd,Approved,573-493-9448x7366,Morales-Lara,Hospitalisation Benefits,7fc5accc-f7ca-41be-98f6-9ed562fc4465,Corporate,14-12-2024,50562,101,10-11-2023,11-11-2025,GB63XYFX09300476371385,7fc5accc-f7ca-41be-98f6-9ed562fc4465,Nancy Parker,"51929 Jerry Crest Suite 776 Port Mikeside, DC 88728",(539)831-4503x3062,xmontoya@hunt.com,No,20-07-2021,7207,No,Senior Citizen Health Insurance Plans
ef60ca59-975c-4db3-beb3-53d8f2405fdb,CPT-56172,Annually,2cc8240c-9d42-4bac-af20-322ae48e37a9,33567,Dr. Sara Bowen,Williams-David,Treatment: Administered peritoneal dialysis and provided post-treatment counseling.','Admission Start Date:27-01-2024; Admission End: 16-05-2025; Treatment: Treatment: Administered peritoneal dialysis and provided post-treatment counseling.'',Blood marriage capital chance I single.,35527,"Jones, Perkins and Curtis",Approved,+1-844-798-9881x197,Estrada Group,Critical Disease Specific Plans,0b994115-ae1a-42f7-a085-ad92e948dfac,Family,12-08-2024,26927,304,13-03-2022,05-08-2025,GB66QQKC93140007705808,0b994115-ae1a-42f7-a085-ad92e948dfac,Mrs. Rebecca Mcdonald,"5921 Valdez Islands Jaredmouth, NH 36680",745.021.3120x87325,ian99@yahoo.com,Yes,27-01-2024,8919,No,Disease-Specific Health Insurance Plans
84691626-7bb3-4481-bded-c39d0b470b30,CPT-91430,Monthly,8ec167db-85ec-45c0-9b79-5e3df347ffd6,55581,Dr. Robert Vasquez,"Adams, Horton and Gibson",Treatment: Conducted routine check-up and prescribed vitamins.',Woman sea cell then follow. Professor walk participant change push husband.,They pressure song interview word increase.,69338,"Hansen, Stone and Castillo",Approved,+1-471-112-0051x470,Wright-Williams,Critical Disease Specific Plans,971bfb9c-1bac-4510-8d0a-d8660e0baa30,Individual,05-07-2022,27846,321,22-11-2021,03-03-2023,GB08OROB19506594039205,971bfb9c-1bac-4510-8d0a-d8660e0baa30,Samuel Martin,"239 Allen Meadows Josephhaven, FL 12018",(527)262-0642,efriedman@hotmail.com,Yes,09-07-2023,9373,Yes,Disease-Specific Health Insurance Plans
58aa133e-489c-45a7-9ed4-e34caf0713db,CPT-61499,Monthly,eea0d735-4fa1-49bc-83cd-abc13116d956,41621,Dr. Thomas Hart,"Martinez, Conner and Taylor",Treatment: Provided counseling for mental health support.',Reduce morning pull matter painting notice.,Food memory reveal thing pull once provide past.,7083,Booth-Weaver,Approved,001-382-839-3353x3833,"Stewart, Johnson and Ryan",Critical Disease Specific Plans,f000fec7-64ae-4aef-99c8-87730db436d4,Family,27-08-2023,88561,320,26-05-2022,29-05-2024,GB76MEIS99124579595519,f000fec7-64ae-4aef-99c8-87730db436d4,Kimberly Brown,"PSC 6890, Box 4020 APO AE 81826",781.467.2539,angela95@gmail.com,Yes,13-02-2024,7971,No,Disease-Specific Health Insurance Plans
aa22f1a8-4b5e-407e-be2d-6b29dc2438b8,CPT-79912,Annually,ab81a93e-391c-4111-b364-e2d0a5ed0724,59187,Dr. Jesse Thompson,Morris PLC,Treatment: Provided ventilator support for respiratory failure caused by severe pneumonia.','Admission Start Date:21-09-2022; Admission End: 01-04-2024; Treatment: Treatment: Provided ventilator support for respiratory failure caused by severe pneumonia.'',That truth rate agency. Your region enjoy follow.,89806,Bowen-Peck,Approved,-3905,"Miller, Robinson and Short",Critical Disease Specific Plans,9eb91ffc-8306-4516-af5c-0d0ac2712536,Individual,10-09-2023,47530,197,30-04-2020,18-05-2024,GB54GMZE57620484596128,9eb91ffc-8306-4516-af5c-0d0ac2712536,Sherry Stanton,Unit 9270 Box 1544 DPO AE 46021,2339586862,catherine61@hotmail.com,No,21-09-2022,9157,No,Disease-Specific Health Insurance Plans
58db417a-9ea8-4ff1-a8ae-8a01fda4cc01,CPT-54903,Annually,e6ebf3b6-5e40-40b6-bfe0-c942fc8d25ae,8904,Dr. Paul Jordan,"Wilkins, Holt and Hendrix",Treatment: Provided cardiac rehabilitation and prescribed medications for recovery.',Show ten teacher she. Trouble fish fact tend.,When fine adult quite song pass.,53805,"Lopez, Shah and Wells",Rejected,-3745,Johnson-Walker,Critical Disease Specific Plans,5571f9da-85e7-4ee1-ad9f-5fc7e7f1dd5f,Individual,20-11-2024,17664,519,12-09-2024,20-07-2025,GB33CCIW39434589331935,5571f9da-85e7-4ee1-ad9f-5fc7e7f1dd5f,Michelle Frank,USNS Reed FPO AP 83329,381.093.4203x02771,stephencurtis@gmail.com,No,13-09-2021,6494,Yes,Disease-Specific Health Insurance Plans
e5bac39a-3079-4493-8001-7fda8828d9fa,CPT-41012,Quarterly,5458064f-1211-4ce7-8504-02ae102621ec,28964,Dr. Matthew Chavez,"Vasquez, Jenkins and Johnson",Treatment: Administered bronchodilators and oxygen therapy for chronic obstructive pulmonary disease (COPD).',Require wind far process ok fill.,According her while her matter institution whose.,68910,Lee-James,Rejected,+1-386-035-2683x75882,"Graham, Ball and Barker",Critical Disease Specific Plans,ea90b0e8-a58f-4d4b-9eef-30b86fda2912,Corporate,05-11-2021,69551,606,08-07-2021,03-11-2022,GB40OUNS91377077088061,ea90b0e8-a58f-4d4b-9eef-30b86fda2912,Darren Hernandez,"63355 Hart Trail Lake Jimmyberg, NH 98561",732.315.9499x6597,greenryan@hotmail.com,Yes,17-12-2021,7877,Yes,Disease-Specific Health Insurance Plans
cb3f23df-7cde-4a3b-84e4-be5fda731f68,CPT-33811,Annually,7927b22a-328d-4b50-8489-c00a68b3c70a,46418,Dr. Todd Clark,"Gutierrez, Johnson and Robinson",Treatment: Conducted angioplasty and monitored for complications.',Night move culture stuff build idea happen.,Hear wish national.,94806,"Stark, Baldwin and Garcia",Approved,(354)687-8341x116,Cooper Group,Critical Disease Specific Plans,a58ab6fb-c1ce-41e7-9585-77d5d3047b21,Corporate,14-08-2024,26421,194,23-03-2023,16-09-2024,GB79LJSZ02714040376456,a58ab6fb-c1ce-41e7-9585-77d5d3047b21,Justin Hines,"9566 Andrew Village North Blakeside, MA 99133",001-302-578-2703,zmeadows@hotmail.com,No,20-06-2020,3674,No,Disease-Specific Health Insurance Plans
9e2d6b62-85bc-490f-80e0-2d3b7cf9bab7,CPT-82355,Annually,4687d8b4-7af7-4c37-b8e3-11e39ce596b7,40321,Dr. Patrick Mcneil,Cross Ltd,Treatment: Administered peritoneal dialysis and provided post-treatment counseling.','Admission Start Date:01-08-2022; Admission End: 11-03-2024; Treatment: Treatment: Administered peritoneal dialysis and provided post-treatment counseling.'',Upon degree our argue officer green small.,64080,Sanchez and Sons,Approved,132.799.9945x51493,"Martin, Gillespie and Sanders",Hospitalisation Benefits,ce09d49b-3ac9-455b-9c92-38a50e1c6960,Corporate,26-08-2023,80225,537,31-10-2022,20-04-2024,GB48KGIZ92046510310746,ce09d49b-3ac9-455b-9c92-38a50e1c6960,Ricky West,"549 Jeffrey Valleys Apt. 271 Walkerbury, DE 08868",890-773-9708,todd48@mclaughlin.net,No,01-08-2022,577,Yes,Senior Citizen Health Insurance Plans
934509ad-cb3c-4ba6-a01f-c2eaa369b91c,CPT-28076,Quarterly,42d0bad4-5260-4d27-8ccb-9a0b16724ff2,64185,Dr. Jacob Moore,Bailey LLC,Treatment: Conducted hospital-based monitoring for critical dengue shock syndrome cases.','Admission Start Date:09-10-2023; Admission End: None; Treatment: Treatment: Conducted hospital-based monitoring for critical dengue shock syndrome cases.'',Least experience play well protect drug.,50778,Palmer PLC,Rejected,(993)745-4314x288,Mason-Washington,Skin and Dermatology Care,0371694e-d196-42f1-b604-0880218b0c93,Individual,20-09-2021,71310,76,02-04-2021,19-09-2022,GB84YUPP37831584794730,0371694e-d196-42f1-b604-0880218b0c93,Michael Adams,"22104 Andrea Brooks Port Jessicabury, OK 36620",460.203.8904x815,vroman@gibson.biz,No,09-10-2023,5579,No,Comprehensive Health Plan
0bc488bb-9109-4efe-88b7-813a73dc8db8,CPT-85794,Annually,304fc9ef-bd0f-459b-9940-f6bbfffbc9bf,72778,Dr. Aaron Jones,Medina Inc,Treatment: Performed coronary artery bypass surgery successfully.','Admission Start Date:10-07-2023; Admission End: 07-01-2024; Treatment: Treatment: Performed coronary artery bypass surgery successfully.'',Able reduce interesting care skill add amount.,56210,"Reynolds, Nichols and Lewis",Approved,165.264.9427x161,Nelson and Sons,Critical Disease Specific Plans,ab36da0c-9f82-434c-8d5d-39c80ac37b7c,Individual,11-12-2024,81093,433,22-10-2023,31-12-2024,GB21IVMQ71079324425414,ab36da0c-9f82-434c-8d5d-39c80ac37b7c,Crystal Suarez,"9864 Renee Knolls West Patriciastad, OK 87303",+1-691-924-9659x7443,wwoods@hotmail.com,Yes,10-07-2023,4070,Yes,Disease-Specific Health Insurance Plans
06306de9-494b-478f-8101-8e1b19fc909b,CPT-96949,Annually,92629f1e-68fc-4d0f-9fb0-bb87a430f079,50523,Dr. Jocelyn Palmer MD,"Scott, Ramos and Wolf",Treatment: Conducted hospital-based monitoring for critical dengue shock syndrome cases.','Admission Start Date:13-06-2023; Admission End: 27-06-2023; Treatment: Treatment: Conducted hospital-based monitoring for critical dengue shock syndrome cases.'',Have cut who serious speech report perhaps.,13124,"Gomez, Herrera and Smith",Approved,439.644.1280,Horton-Robbins,Skin and Dermatology Care,c7c7d231-2580-416c-90de-ff694f466815,Corporate,11-04-2023,19862,28,15-02-2023,09-07-2023,GB47IIIF27479737478588,c7c7d231-2580-416c-90de-ff694f466815,James Grimes,"530 Maria Burg Port Melissashire, MN 67345",711.849.8400,qfreeman@yahoo.com,Yes,13-06-2023,2507,No,Comprehensive Health Plan
4a3a2895-7267-45bb-a70c-f26678b2d041,CPT-29543,Monthly,93fe5114-362f-4e18-bf2a-9afab6c194ff,92393,Dr. Andrew Ellis,"Cuevas, Ferguson and Jones",Treatment: Conducted angioplasty and monitored for complications.',Why discuss laugh difference must already. Whose build anything.,Down series institution everybody cup size.,83539,"Vasquez, Boone and Peterson",Approved,954-672-3270,"Davila, Price and Mcmahon",Includes Yearly Medical Check-Ups,2e4ee1c4-df0a-4e1c-a36a-aed21855759c,Corporate,13-12-2024,49847,139,17-09-2024,23-05-2025,GB04VTLD23938724693644,2e4ee1c4-df0a-4e1c-a36a-aed21855759c,James Parrish,"2958 Tanner Tunnel Beanmouth, ME 35319",(674)867-3723,kerrimartinez@hotmail.com,Yes,31-05-2020,3259,No,Senior Citizen Health Insurance Plans
d574a2c2-992e-4ab3-9003-0fbf02543fb4,CPT-38566,Annually,b670b008-602b-49a5-a002-25da36cf9cfa,76443,Dr. Lori Moody,"Hutchinson, Williams and Holder",Treatment: Conducted routine check-up and prescribed vitamins.',Purpose during pull part once.,Will industry media table.,66610,Ruiz Group,Rejected,(281)415-6582x1314,Garcia Group,Critical Disease Specific Plans,dcaabe3d-a4c3-41b5-a900-0a2fa9da072e,Corporate,22-06-2024,86648,364,11-10-2023,24-09-2024,GB09UXHQ43319177829980,dcaabe3d-a4c3-41b5-a900-0a2fa9da072e,Angela Page,"07283 Ashley Club Dillonton, OH 10028",001-040-341-0978x876,nwatkins@hotmail.com,Yes,11-04-2023,1709,Yes,Disease-Specific Health Insurance Plans
ccfee397-3915-48d4-853a-15db88aebb46,CPT-11858,Quarterly,222477a0-4593-4200-9cc1-56ba2e7fbdf3,84140,Dr. Nathaniel Campbell,Clark LLC,Treatment: Administered antipyretics and managed symptoms of dengue hemorrhagic fever.','Admission Start Date:26-04-2020; Admission End: 16-02-2025; Treatment: Treatment: Administered antipyretics and managed symptoms of dengue hemorrhagic fever.'',Science hot would effort amount.,15152,Graham and Sons,Approved,001-602-734-1504x897,"Martinez, Smith and Johnson",Critical Disease Specific Plans,570db679-0eb2-4959-a17e-6ffa04693009,Individual,02-02-2025,73250,962,03-12-2024,23-10-2025,GB98JTQD99785828951654,570db679-0eb2-4959-a17e-6ffa04693009,Tracy Harrison,"96880 Ware Isle Maryfurt, TX 11820",(078)457-2409x7546,emartinez@grimes.net,Yes,26-04-2020,2765,Yes,Disease-Specific Health Insurance Plans
1cdb17ff-6753-4297-938d-1390400b4712,CPT-80089,Quarterly,59c773bf-418a-4575-af14-e123b9ee700c,95430,Dr. William Fuentes,"Pugh, Kennedy and Ortiz",Treatment: Conducted postpartum evaluation and counseling on lactation.',Bed station actually president. Gun first executive himself.,Onto old success.,88683,Doyle Inc,Approved,(659)024-8588x78732,"Wallace, Cross and Green",Cardiovascular Health,3d540002-a817-4025-9ea6-12d13424c10f,Corporate,26-05-2024,2922,374,09-06-2020,30-10-2024,GB27QZNC16729779500014,3d540002-a817-4025-9ea6-12d13424c10f,Jason Cruz,"29573 Nicole Road Mckaystad, WI 48145",894.000.9187,briantucker@gmail.com,No,05-12-2021,7355,Yes,Senior Citizen Health Insurance Plans
1949a95c-af05-4ed3-aae3-d75b30277e67,CPT-38647,Quarterly,1140736d-cb79-403d-9459-bb7c9e4666e9,24309,Dr. Nathan Stein,Ortiz-Mccormick,Treatment: Administered pain relief for post-operative recovery.',Wide lot food boy method clearly. Learn guy tax training.,Man reach happen writer store represent medical.,73079,"Holmes, Silva and Kelley",Rejected,+1-027-833-5197x306,Carroll-Estes,Eye and Vision Care,711f2156-5270-46f2-a517-00f0fd52717b,Individual,11-05-2024,30764,374,21-04-2024,09-11-2024,GB13UBIP48381996673914,711f2156-5270-46f2-a517-00f0fd52717b,Aaron Collins,"26404 Kim Plaza Suite 991 East Crystal, OR 10213",624.333.5435x9442,prestonana@sanchez.com,Yes,21-05-2021,2594,Yes,Comprehensive Health Plan
39479ee3-b855-499e-a3ba-0397587f21bb,CPT-99765,Quarterly,7480d058-5d34-43bc-bb36-41851e1a198c,99953,Dr. Amy Buckley,Perez-Rhodes,Treatment: Administered post-operative eye drops and advised on vision recovery.',They kind debate. Citizen by friend gas.,Rather pressure affect little doctor.,76372,"Adams, Edwards and Flores",Rejected,746-790-2507x97890,Cox-Aguirre,Includes Yearly Medical Check-Ups,b4004de5-35c7-4238-972e-51fcd242c44c,Individual,03-12-2021,1002,257,07-09-2020,01-09-2022,GB84TBLX87535025172665,b4004de5-35c7-4238-972e-51fcd242c44c,Monica Martin,"6028 Orr Street Suite 943 Lake Regina, UT 12280",001-741-141-6617,vincentparrish@gmail.com,Yes,26-08-2024,8319,No,Comprehensive Health Plan
724c2fa1-6f7c-4a1f-8a20-7d73ecaa57d9,CPT-89360,Monthly,4af179c3-d363-4ba9-95ad-5c2d2da91b01,403,Dr. Courtney Yoder,Jacobs-Porter,Treatment: Administered peritoneal dialysis and provided post-treatment counseling.','Admission Start Date:24-08-2021; Admission End: 14-07-2024; Treatment: Treatment: Administered peritoneal dialysis and provided post-treatment counseling.'',Share since often dream data.,37239,Williamson Inc,Approved,+1-507-487-6719x944,"Tran, Howe and Kelly",Critical Disease Specific Plans,8d213d05-591d-4b00-8273-9131015e9eb4,Individual,19-06-2024,61996,295,11-12-2021,27-03-2025,GB41HVQQ16517061026406,8d213d05-591d-4b00-8273-9131015e9eb4,Jason Coleman,"PSC 2400, Box 6067 APO AP 54342",294.872.1224,bethany38@garcia.com,Yes,24-08-2021,8821,Yes,Disease-Specific Health Insurance Plans
bfb896b7-69af-4b6c-92b4-37ab9a783338,CPT-79387,Quarterly,ef86538c-feb5-423b-bc04-9e548a3da33d,40364,Dr. Robert Holloway,Jackson Group,Treatment: Performed minor surgery for injury repair.','Admission Start Date:06-05-2020; Admission End: 27-09-2024; Treatment: Treatment: Performed minor surgery for injury repair.'',Teach modern should father box.,4288,Anderson Inc,Rejected,(114)354-5505,Hanna-Morales,Respiratory Health,5657e1d4-aebc-4c4a-b2e5-1d0edb440822,Family,05-08-2024,37606,101,16-06-2024,01-11-2024,GB88YIOM85855624281625,5657e1d4-aebc-4c4a-b2e5-1d0edb440822,Laura Jones,"43431 Yvonne Cape Lake Jennifer, IL 51233",159-531-5443,donna54@zavala-richards.com,Yes,06-05-2020,741,Yes,Senior Citizen Health Insurance Plans
344a1b6b-2590-4f5f-bc82-b6f70ad5d453,CPT-52980,Quarterly,69de4bf9-a86c-488e-bff7-9f4854e9fe81,62411,Dr. Mark Saunders,Kelley Ltd,Treatment: Hospitalized for treatment of severe asthma exacerbation with corticosteroids.',Sit fine exactly weight. Staff development house someone everyone fight.,Stand good produce.,24109,"Gilbert, Schaefer and Barnes",Approved,(759)369-7880,Moore-Bradford,Diabetes-Specific Benefits,02728705-3aa3-4280-8c8d-3e18d2a996a4,Individual,27-02-2020,27924,516,14-02-2020,01-03-2020,GB13DJCN01488402691902,02728705-3aa3-4280-8c8d-3e18d2a996a4,Susan Richard,"433 Lisa Rapid South Michelleside, PA 18108",109-180-4958x010,bergerloretta@howell.com,No,28-11-2022,9231,Yes,Senior Citizen Health Insurance Plans
9c4701aa-8fa5-4436-bda3-498026a18eea,CPT-10947,Monthly,501c4237-06ea-4e05-a2f2-17fbf68864ed,71699,Dr. Lisa Williams,Brown PLC,Treatment: Conducted surgical intervention for lung cancer patients.',Could couple quite or he far citizen.,Discussion surface decade civil first foot.,93492,"Gallagher, Nelson and Davis",Rejected,+1-900-407-5572x77230,King-Kelly,Respiratory Health,2cac5fe2-7561-477f-af46-58d674c9b72c,Individual,11-11-2020,87617,890,01-11-2020,12-07-2021,GB06VKCS98268522382842,2cac5fe2-7561-477f-af46-58d674c9b72c,Jorge Becker,"46960 Joshua Cliffs Suite 942 South Theresaborough, WY 15271",-5183,davidmyers@hotmail.com,Yes,19-02-2023,4270,No,Senior Citizen Health Insurance Plans
77bfb8a8-e64e-4ab4-a55a-9cfe46240dbe,CPT-66800,Monthly,0a664af9-e185-4b32-8683-1fce0f71f7ef,34755,Dr. Victoria Smith,"Diaz, Parker and Taylor",Treatment: Conducted postpartum evaluation and counseling on lactation.',Over baby for interest sport claim kind three.,Growth local hear face.,72135,Rios-Lewis,Rejected,001-944-804-1448,Collins-Collins,Protection from Growing Medical Expenses,c25341e1-9718-4079-873b-f5defdfb949e,Family,11-04-2024,59742,196,10-06-2022,15-04-2024,GB72XGZF77926603764145,c25341e1-9718-4079-873b-f5defdfb949e,Ralph Oneill,"85516 Copeland Well Apt. 409 Port Connie, MO 83203",001-005-223-4015x45716,tommy74@yahoo.com,No,27-12-2020,8564,No,Senior Citizen Health Insurance Plans
7a63a505-2c38-4edc-835b-986f6459c34f,CPT-47060,Quarterly,b92e6c3d-8752-449d-bb79-cac8cf63ea35,5437,Dr. Dakota Thompson,Horton-Lopez,Treatment: Conducted surgical intervention for lung cancer patients.',Two interest notice century pay car age.,Us many tax I.,5491,"Lynch, Wagner and Campbell",Approved,(817)093-8193x73452,George Inc,Hospitalisation Benefits,56e531c3-f31f-4bc3-95de-04c4d4566579,Family,14-06-2024,16983,753,21-05-2023,22-01-2025,GB49OUID76252622664490,56e531c3-f31f-4bc3-95de-04c4d4566579,Cesar Thompson,"16250 Steve Oval Apt. 958 South Ashley, TX 19027",195-846-4839x322,zcollins@yahoo.com,Yes,05-03-2025,6174,No,Senior Citizen Health Insurance Plans
83ea45f0-f985-4808-9d9c-f5190dbc1566,CPT-48832,Monthly,13564687-8c17-4a0e-b902-8e4ce96bb301,53017,Dr. Chelsea Hunter,Bass-Morgan,Treatment: Conducted hospital-based monitoring for critical dengue shock syndrome cases.','Admission Start Date:09-11-2020; Admission End: 08-04-2024; Treatment: Treatment: Conducted hospital-based monitoring for critical dengue shock syndrome cases.'',Charge far either mother.,57783,Green and Sons,Approved,(220)108-2514x806,Marks-Young,Mental Health Care,fd350d78-3aa8-499c-a5eb-a3c4afd76616,Individual,02-09-2024,198,12,23-01-2020,04-11-2024,GB13VBYJ60891490551616,fd350d78-3aa8-499c-a5eb-a3c4afd76616,Michael Riggs,"764 Rocha Shoal Crystalchester, NE 96752",(409)888-5958x787,goodrandy@lamb-martin.org,No,09-11-2020,5360,No,Comprehensive Health Plan
391ad73d-64eb-476b-8782-db1ca38887d1,CPT-47990,Monthly,9787f4c9-e203-4daa-9d59-ea82e2b351e5,51051,Dr. Sabrina Davis,Roberson-Maxwell,Treatment: Administered post-operative care for valve replacement surgery.','Admission Start Date:01-04-2022; Admission End: 28-01-2024; Treatment: Treatment: Administered post-operative care for valve replacement surgery.'',Tree enter learn research control.,56118,"Harris, Padilla and Hammond",Approved,(696)841-7242x64908,Kane LLC,Critical Disease Specific Plans,34903096-89e7-4762-9e4c-021993a6fe73,Individual,19-12-2024,23462,349,29-03-2023,10-07-2025,GB70LVML07726386260643,34903096-89e7-4762-9e4c-021993a6fe73,Manuel Spence,"974 Bridges Bypass East Michaelport, NC 70751",(808)829-4467,jimenezbrian@floyd.com,No,01-04-2022,5890,No,Disease-Specific Health Insurance Plans
8f9da9b6-a41e-4787-99ab-118c6b862091,CPT-37943,Quarterly,daf76b3f-1785-441f-a541-f1153b676aa7,80995,Dr. Brandy Cox,"Pittman, Hamilton and Fischer",Treatment: Performed minor surgery for injury repair.','Admission Start Date:31-10-2021; Admission End: 23-05-2022; Treatment: Treatment: Performed minor surgery for injury repair.'',Car speak positive even.,34828,Monroe PLC,Rejected,001-856-788-8942,Petersen Group,Protection from Growing Medical Expenses,cdd3716e-6018-4ac5-9d6e-e232803c3c71,Corporate,25-07-2022,63570,87,01-05-2020,22-08-2022,GB26OPIL15026039725544,cdd3716e-6018-4ac5-9d6e-e232803c3c71,Joanna Martin,"7269 Ali Garden South Joanna, AZ 61322",-11360,rbrown@yahoo.com,Yes,31-10-2021,4959,Yes,Senior Citizen Health Insurance Plans
b0394ccd-a39b-4e40-b05b-28472a76f0e7,CPT-67074,Monthly,fffe8016-4d7d-48ca-bb26-9685ecd22d87,33342,Dr. Charles Brennan,Hanna Ltd,Treatment: Provided counseling for mental health support.',Real management into. Indeed it national six.,Attack fact end.,55147,"Dawson, Cunningham and Vasquez",Rejected,-3213,Reyes PLC,Covers Ambulance Fees,10faf9f9-4740-4475-9309-34e40db4d23a,Individual,04-08-2024,19784,117,22-04-2024,03-03-2025,GB33RXZW13189887798690,10faf9f9-4740-4475-9309-34e40db4d23a,Natalie White,"048 Yesenia Port Apt. 016 Port Michele, GA 49348",(103)802-5280,jthomas@scott.com,No,01-08-2024,983,No,Senior Citizen Health Insurance Plans
14549eca-1361-4cf0-a21f-e24c891c8fb8,CPT-73513,Annually,76bf4881-1e1c-451a-a0f3-05c1f8b2a2d6,68358,Dr. Luis Mendoza,"Harris, Torres and Fuentes",Treatment: Administered post-operative care for valve replacement surgery.','Admission Start Date:02-07-2021; Admission End: 27-06-2023; Treatment: Treatment: Administered post-operative care for valve replacement surgery.'',Arm and determine.,10429,"Phelps, Webb and Dominguez",Approved,223.094.4044x04797,Hanson LLC,Hospitalisation Benefits,c35ba580-ccf7-4ace-b033-c209464784fa,Corporate,11-02-2023,16424,12,07-12-2021,26-11-2023,GB78BUPA60295214949797,c35ba580-ccf7-4ace-b033-c209464784fa,Tamara Johnson,"62989 Drake Cliffs Apt. 834 West Nathanielfurt, TX 17902",(246)935-8768x0724,laura74@anderson.com,No,02-07-2021,4289,No,Senior Citizen Health Insurance Plans
52bc3f02-1508-42bb-bca5-a715455fb532,CPT-86304,Annually,ee773c5e-4853-4d2c-b58d-6ffb0113b5ab,45524,Dr. Renee Carlson,Sanchez-Peterson,Treatment: Performed coronary artery bypass surgery successfully.','Admission Start Date:18-10-2023; Admission End: 19-02-2024; Treatment: Treatment: Performed coronary artery bypass surgery successfully.'',Reveal someone and newspaper.,79654,Yates-Henry,Rejected,(690)365-9780,Cox Group,Includes Yearly Medical Check-Ups,365ef8db-e307-42c2-8445-7276abb69cfd,Individual,17-10-2023,59870,245,16-04-2023,20-02-2024,GB30HILX83510995935711,365ef8db-e307-42c2-8445-7276abb69cfd,Charles Moore,Unit 8008 Box 8499 DPO AA 80043,-11612,kathyherrera@cook.com,No,18-10-2023,5071,No,Comprehensive Health Plan
17da9607-0334-47a3-9633-0db2286b5de7,CPT-46679,Annually,ac9f3fb9-b300-4ecd-882b-459c0274a938,21739,Dr. Michele Duarte,Roberts PLC,Treatment: Provided prenatal care and routine ultrasound monitoring.',Health few could politics. Ever sign indeed coach star model.,Quickly type rule effort. Term teach open worry.,92660,"Horne, Wilson and Myers",Approved,389.256.8175x4626,Brewer LLC,Critical Disease Specific Plans,06c86a91-241c-4115-ada4-629b633cfb5c,Family,25-11-2024,96523,845,30-03-2020,03-11-2025,GB17SIGR39838749048626,06c86a91-241c-4115-ada4-629b633cfb5c,Jennifer Mason,"698 Shannon Dale Hawkinsside, DE 39455",001-921-317-0363x038,ogriffin@clark.com,Yes,19-09-2020,6673,No,Disease-Specific Health Insurance Plans
2a619854-d098-4a9c-a1e1-9c6aa5dfdf53,CPT-22245,Annually,df4038d4-4e07-4ef0-ad86-c66d2fe8455d,34334,Dr. John Cook,Mccoy-Carpenter,Treatment: Conducted postpartum evaluation and counseling on lactation.',Mother image close candidate energy campaign increase.,Shake tough image fear.,34268,Rose Group,Rejected,001-627-802-7193,Campbell Ltd,Critical Disease Specific Plans,5f66000c-880c-4a7a-8c51-9b874ffaafdd,Corporate,01-02-2023,99824,969,01-06-2021,03-01-2024,GB88VCZT35608501277502,5f66000c-880c-4a7a-8c51-9b874ffaafdd,Amber Washington,"0864 Gutierrez Glens South Baileybury, DC 07885",(190)817-2455x75509,deborah08@gmail.com,Yes,18-06-2024,841,No,Disease-Specific Health Insurance Plans
eed290e9-4374-4f2c-963c-eca039c2de70,CPT-81085,Quarterly,1a459697-627c-4fa2-ad80-7a915c0fba4b,40686,Dr. Karen Guzman,"Williams, Parrish and Davenport",Treatment: Provided physiotherapy for mobility improvement.',Worker individual economic particularly admit arrive star.,Similar production remain behavior.,89536,"Perez, Wallace and Jackson",Approved,(306)898-4302x986,"Smith, Brewer and Holland",Includes Yearly Medical Check-Ups,888b5d40-7855-4dbd-906a-04a2694e1fa6,Individual,09-12-2021,28531,910,26-02-2021,05-01-2022,GB05WDDB58149924599049,888b5d40-7855-4dbd-906a-04a2694e1fa6,Dwayne Reynolds,"0266 Daniel Expressway West Ashley, NH 96906",525-227-2323x70995,henrysydney@duke.com,Yes,25-02-2020,3782,Yes,Senior Citizen Health Insurance Plans
7bde5c1a-b50a-4826-aeaf-1324aee0318b,CPT-45303,Quarterly,29712d91-8efc-4a48-b525-44f66e938bc9,5265,Dr. James Richardson,Wilson-Morgan,Treatment: Administered antipyretics and managed symptoms of dengue hemorrhagic fever.','Admission Start Date:31-01-2020; Admission End: 18-12-2022; Treatment: Treatment: Administered antipyretics and managed symptoms of dengue hemorrhagic fever.'',Class certainly machine inside both.,37138,"Smith, Phillips and Bowman",Rejected,5167814754,Young Inc,Critical Disease Specific Plans,a8162149-4fe7-47ce-8c6f-d868d269bb41,Family,23-04-2024,68708,786,09-02-2021,14-07-2024,GB08UCQX15429135304962,a8162149-4fe7-47ce-8c6f-d868d269bb41,Gordon Barton,"16386 Flores Village Suite 931 Williamsborough, CA 13016",977.822.5463,david08@summers.org,No,31-01-2020,345,Yes,Disease-Specific Health Insurance Plans
0ebd3c19-f883-41bd-b988-4b30d192ca3e,CPT-39778,Quarterly,ac21fd5b-d727-4f7e-bcb4-f5485ca9b634,51984,Dr. Wanda Herrera,"Johnson, Humphrey and Wiley",Treatment: Conducted routine check-up and prescribed vitamins.',Reality technology too still lay deal total.,Two from low experience issue option.,65660,"Smith, Nguyen and Murphy",Approved,001-224-002-5244,"Roberts, Johnson and Maldonado",Critical Disease Specific Plans,b90c80b8-807b-4c44-beda-650232c34b18,Corporate,17-07-2021,90607,770,20-02-2020,16-04-2022,GB94FWYB07548872900654,b90c80b8-807b-4c44-beda-650232c34b18,Brian Sweeney,USS Powell FPO AE 89566,926-077-0440,dawnstevens@yahoo.com,Yes,05-05-2024,1116,No,Disease-Specific Health Insurance Plans
fd334b7a-ee9b-46cb-b568-504cc1fe3289,CPT-89176,Annually,2704383e-224f-4d7e-950f-14a0a66d262e,33914,Dr. Stephanie Luna,"Castro, Smith and Lang",Treatment: Conducted follow-up after laser cataract surgery.Monitored and managed platelet count through blood transfusion during dengue fever.','Admission Start Date:11-01-2023; Admission End: 11-04-2024; Treatment: Treatment: Conducted follow-up after laser cataract surgery.Monitored and managed platelet count through blood transfusion during dengue fever.'',Great game move leg account house glass.,74099,Benton-King,Rejected,473-100-8975x7444,"Bond, Moore and Young",Skin and Dermatology Care,a18c459c-cfeb-4056-b36d-dd55ad1b13ee,Individual,26-11-2024,5675,62,13-08-2024,10-03-2025,GB19EXMK51072070283725,a18c459c-cfeb-4056-b36d-dd55ad1b13ee,Taylor Parrish,Unit 5923 Box 6854 DPO AA 55420,402.652.6187x8654,donaldrogers@hotmail.com,Yes,11-01-2023,1315,No,Comprehensive Health Plan
8f8aef0a-55f0-4654-9b4b-451b032bd6a4,CPT-37331,Quarterly,7036e74d-d4dc-47d5-95c4-82da4aba9271,19962,Dr. Gavin Hernandez,"Gutierrez, Gilmore and Wright",Treatment: Hospitalized for treatment of severe asthma exacerbation with corticosteroids.',Tv four team center.,Several quality director story.,64718,"Baldwin, Brooks and Mann",Approved,001-075-996-5208x679,Reed-Patterson,Maternity Benefits,7fcac807-7ec8-4ce8-bda2-1940a33c632d,Family,03-11-2024,25699,872,14-03-2021,30-03-2025,GB90IDVS92546468684915,7fcac807-7ec8-4ce8-bda2-1940a33c632d,Glenn Turner,"0740 Brittany Plaza Suite 771 Williamsside, OR 00920",-8733,alexcarpenter@yahoo.com,No,24-10-2020,6500,Yes,Comprehensive Health Plan
e1fe8058-b08b-4354-86bd-cebb064a6440,CPT-98067,Quarterly,ef223e49-194a-48b1-8ea4-8963069217cf,57894,Dr. Gregory Jones,"Briggs, Wilson and Pugh",Treatment: Provided intravenous fluids and electrolyte therapy for severe dehydration.',What information democratic mission bring civil. Hotel room well him.,Entire few enough food today news necessary.,2035,Bailey Ltd,Rejected,-8265,"Robinson, Marks and Graham",Low-Cost Premium for Young People,b7d45ad5-ebd2-488f-a725-ac295356a7cb,Individual,14-04-2023,51077,381,18-03-2020,19-09-2023,GB24NIIF34199677929710,b7d45ad5-ebd2-488f-a725-ac295356a7cb,Jon Smith,USNV Long FPO AP 71888,991.328.8994x243,jamesross@cooper.com,Yes,13-07-2020,5842,No,Comprehensive Health Plan
e8aa25a6-672b-415c-84fa-8c9fa4f5e4af,CPT-68438,Monthly,340b39af-ad8f-4e1d-a9e2-58ca81c09a52,52675,Dr. Stacy Gonzalez,"Martin, Chen and Pierce",Treatment: Conducted follow-up after laser cataract surgery.Monitored and managed platelet count through blood transfusion during dengue fever.','Admission Start Date:12-09-2023; Admission End: 06-11-2023; Treatment: Treatment: Conducted follow-up after laser cataract surgery.Monitored and managed platelet count through blood transfusion during dengue fever.'',So candidate build mouth argue agree.,53744,Simpson-Harris,Rejected,680-456-1650x7182,Foster Ltd,Respiratory Health,3d26c891-639b-4a55-9878-b018621ca9f8,Corporate,19-08-2023,38845,496,05-08-2022,04-03-2024,GB46FXOY32805578071758,3d26c891-639b-4a55-9878-b018621ca9f8,Connie Ford,"2371 Roberson Locks Suite 332 Trujilloton, NE 30156",001-993-590-8870,gary12@marquez-white.com,Yes,12-09-2023,2872,Yes,Senior Citizen Health Insurance Plans
a3122bf4-5fd2-4876-81fb-3830e58f15d4,CPT-44316,Quarterly,913aa1ee-6326-485a-876c-f21d14a09807,39193,Dr. Melissa Wilson,Parker-Brown,Treatment: Provided prenatal care and routine ultrasound monitoring.',Walk bring public your dog.,Sport realize account free turn most strategy.,7835,Robinson LLC,Approved,9685638912,Gonzalez-Barton,Maternity Benefits,35fdd305-7e06-43ec-af2d-b610f6f9d26e,Individual,11-02-2025,613,35,18-12-2023,30-09-2025,GB47FUZK43922913148316,35fdd305-7e06-43ec-af2d-b610f6f9d26e,Mr. Christopher Miller,"429 Lisa Turnpike Joshuachester, RI 30514",1773156020,salazarwilliam@hotmail.com,Yes,09-12-2024,5973,No,Comprehensive Health Plan
e1c2c651-b800-4984-b6f3-c7f351c47e41,CPT-69353,Monthly,bc93f6cf-3b68-4cc7-95fd-3eec3d36bd24,14881,Dr. Chad Lang,"Mitchell, Smith and Day",Treatment: Conducted surgical intervention for lung cancer patients.',Improve affect scientist ever. Return wife happy hope discover employee civil.,Always too another personal wish.,8399,"Clarke, Dean and Gomez",Rejected,165.886.7717,Stevens-Hess,Hospitalisation Benefits,61438f69-e079-4d58-8478-be3b82dd004b,Family,13-04-2024,76215,269,19-11-2023,18-12-2024,GB36AMYV56158088091329,61438f69-e079-4d58-8478-be3b82dd004b,Richard White,"66980 Tucker Landing Suite 061 Sullivanfort, AZ 94715",653.476.3161,brian16@yahoo.com,No,11-11-2021,8912,Yes,Comprehensive Health Plan
6fb4a9f9-a005-41fd-8dd8-bdf9f0e1d4ac,CPT-50444,Annually,d29f22a9-4e65-4288-9cb0-82b4695157ee,36357,Dr. Fred Rivera,"Simmons, Wolfe and Fry",Treatment: Administered peritoneal dialysis and provided post-treatment counseling.','Admission Start Date:16-04-2023; Admission End: None; Treatment: Treatment: Administered peritoneal dialysis and provided post-treatment counseling.'',Difference boy send sit room.,29098,James LLC,Rejected,162-572-3300,"Murillo, Graves and Peters",Critical Disease Specific Plans,75de8703-c1af-415c-8f5e-7f2eda83450a,Corporate,17-05-2022,44650,835,16-05-2022,11-09-2022,GB52PZBV24774239692929,75de8703-c1af-415c-8f5e-7f2eda83450a,Amanda Sanchez,"754 Kevin River Elizabethland, NV 58004",5608249180,wthomas@evans-harvey.com,No,16-04-2023,1547,Yes,Disease-Specific Health Insurance Plans
2d5abc9f-f094-42ec-8d5f-77d680033462,CPT-54223,Monthly,65fc17c7-6e93-44d1-a6f3-560afc8dd002,29817,Dr. Christopher Roman,Mooney Group,Treatment: Administered antipyretics and managed symptoms of dengue hemorrhagic fever.','Admission Start Date:20-02-2023; Admission End: 05-06-2023; Treatment: Treatment: Administered antipyretics and managed symptoms of dengue hemorrhagic fever.'',Common reason marriage let low such would how.,33028,"Gordon, King and Levy",Rejected,562.887.1569,Cunningham-Dunn,Cardiovascular Health,57b82040-9b9e-492b-8b73-d6b5352fe33b,Corporate,06-02-2025,59389,150,19-08-2024,30-05-2025,GB50HUCE10984861284472,57b82040-9b9e-492b-8b73-d6b5352fe33b,Katherine Stevens,"799 Julie Keys Solomontown, VT 79194",024.957.9317x650,sullivantammy@jacobs-jimenez.com,No,20-02-2023,4147,Yes,Senior Citizen Health Insurance Plans
0f0824d4-9059-46d3-915f-d2fe9b7df03b,CPT-38188,Monthly,c347d1fd-25cc-444a-9100-f373b99082c9,43667,Dr. Carolyn Whitehead,Jones-Kemp,Treatment: Conducted routine check-up and prescribed vitamins.',Reality picture foreign appear agency life group half.,Think history board.,76102,Alexander Ltd,Rejected,001-167-749-7744,Wright PLC,Covers Ambulance Fees,a899bf0e-2cb4-481e-8917-77fbe8409021,Family,14-07-2024,47628,531,07-06-2020,16-07-2024,GB50QBIC14975975846032,a899bf0e-2cb4-481e-8917-77fbe8409021,Christopher Jordan,"31502 Alexandria Plaza North Edwardhaven, AK 55690",077-756-4884,natalie93@robertson.com,Yes,08-06-2024,5639,No,Senior Citizen Health Insurance Plans
59a1b207-89dc-4276-b51c-01eb1f077c3e,CPT-83923,Annually,a81a0fe6-3981-40cc-97c1-b1653fc95a15,11608,Dr. Vickie Anderson,Salazar Inc,Treatment: Conducted surgical intervention for lung cancer patients.',News few plant challenge in behavior.,Senior attorney and hope.,42008,Zhang-White,Approved,(106)694-8999x2574,Shaw-Charles,Low-Cost Premium for Young People,f434e466-b835-48f9-bc59-b26afa949e59,Family,19-10-2024,21865,910,13-04-2022,18-04-2025,GB16SKOR46059419986377,f434e466-b835-48f9-bc59-b26afa949e59,David Watson,"07106 Angela Greens Apt. 164 Johnnyside, MN 40667",676-783-3041,browndustin@martin.com,Yes,07-11-2022,2397,Yes,Comprehensive Health Plan
ae3dc148-bd37-4afa-a664-39dde9f2754a,CPT-19948,Annually,9379c1fe-ee11-4617-871b-aab2a7ac9e2c,50262,Dr. Denise Gomez,Coleman Ltd,Treatment: Conducted hospital-based monitoring for critical dengue shock syndrome cases.','Admission Start Date:21-03-2024; Admission End: 24-04-2025; Treatment: Treatment: Conducted hospital-based monitoring for critical dengue shock syndrome cases.'',If nature attorney single sister serious.,27924,Yang-Watson,Rejected,001-035-235-9404x940,Wood PLC,Includes Yearly Medical Check-Ups,32595c4d-8453-42d8-b29a-2c9fa29cf0d3,Corporate,28-09-2024,45169,674,13-04-2023,27-05-2025,GB82RSJQ05033792049389,32595c4d-8453-42d8-b29a-2c9fa29cf0d3,Robert Campbell,"044 Thomas Mount Apt. 223 Gillespieside, AL 86405",+1-068-819-6080x4275,adamsanita@yahoo.com,Yes,21-03-2024,4303,No,Comprehensive Health Plan
776b9869-cf12-4129-8653-9d2e6ae1a2c5,CPT-69179,Quarterly,6e1e5234-f48a-48fe-ba91-a76ac58e1eb5,64509,Dr. Stephanie Olsen,Green-Long,Treatment: Conducted routine check-up and prescribed vitamins.',Tv within soon indeed PM for.,Enter throughout including allow style.,5056,"Martinez, Torres and White",Rejected,644-543-1548,Gregory Ltd,Respiratory Health,373829b7-2e8a-420e-a676-b47fa265c31e,Family,05-06-2022,51350,668,03-10-2020,19-05-2023,GB32TXGF73097595936305,373829b7-2e8a-420e-a676-b47fa265c31e,Emily Olsen,"33300 Melanie Shores Wendymouth, CA 10112",259.717.2661x40311,bernarddiana@peck-rice.biz,No,28-01-2025,8286,No,Senior Citizen Health Insurance Plans
ca4bdd2c-5030-4b55-88ee-c4d7d3bc0311,CPT-42331,Quarterly,2688175f-8deb-4e21-85cb-1589a2b3d3f8,5452,Dr. Holly Rasmussen,Anderson PLC,Treatment: Assisted with delivery and provided neonatal care.',Almost give politics however child. Sound listen that however.,Country war skill however item scene drug.,32159,"Cochran, Buckley and Williams",Approved,(861)300-1998x7537,"Bruce, Gay and Bowman",Includes Yearly Medical Check-Ups,8a207b05-c3cd-4190-b43f-0cbd89d1707d,Individual,23-10-2021,32850,641,08-05-2021,10-11-2021,GB54VFYA68821944790787,8a207b05-c3cd-4190-b43f-0cbd89d1707d,Ryan Williamson,"366 Bryant Freeway West Courtney, SD 80056",767-742-4970,robert77@hotmail.com,Yes,15-04-2022,1685,No,Comprehensive Health Plan
86999bd5-9680-4cd8-8512-4bc9bed06cc5,CPT-14874,Quarterly,19d6b087-84b3-480d-a5d6-93c627a4ada2,3583,Dr. Barbara Wagner,Reid-Martin,Treatment: Performed minor surgery for injury repair.','Admission Start Date:20-10-2020; Admission End: 02-01-2025; Treatment: Treatment: Performed minor surgery for injury repair.'',Behavior save identify institution day parent.,38467,"Anderson, Robinson and Holloway",Rejected,189.758.2820x2332,Wilson Inc,Critical Disease Specific Plans,4bb2746c-5551-4ea8-a0f6-7b776b8eafcf,Family,28-08-2024,61738,842,30-03-2023,02-01-2025,GB74LDDM09541073895015,4bb2746c-5551-4ea8-a0f6-7b776b8eafcf,Sheri Murphy,"82165 Taylor Hills Suite 681 Lake Jillianmouth, NY 46652",709.455.6812x4123,palmervictor@hamilton-owens.com,No,20-10-2020,3022,Yes,Disease-Specific Health Insurance Plans
57651b07-e5ad-460a-91e8-9602d33dee9d,CPT-96822,Annually,38f94138-899d-46ea-b0f0-97a0514a4151,11036,Dr. Zachary Anderson,Grant and Sons,Treatment: Conducted follow-up after laser cataract surgery.Monitored and managed platelet count through blood transfusion during dengue fever.','Admission Start Date:21-09-2021; Admission End: 22-04-2023; Treatment: Treatment: Conducted follow-up after laser cataract surgery.Monitored and managed platelet count through blood transfusion during dengue fever.'',What serious agreement baby thousand.,79215,Wilson LLC,Approved,214-840-3616x7737,Sherman-Smith,Mental Health Care,f1b21c82-0ee4-49b7-8475-08c89e65ae7a,Individual,18-06-2023,9754,778,26-08-2020,11-10-2023,GB30LQHJ85337241930118,f1b21c82-0ee4-49b7-8475-08c89e65ae7a,Cynthia Rose,"6202 Christopher Road Apt. 086 West James, FL 97327",001-850-233-2088,zclark@smith-green.info,Yes,21-09-2021,4737,No,Comprehensive Health Plan
88e4b160-e2cf-4619-b226-907a5df93adb,CPT-79180,Annually,8f2a7ed8-fbb1-455d-a658-9b1877ab0aa1,19915,Dr. Mary Clark,"Harris, Potts and Rios",Treatment: Administered antibiotics for infection control.',Doctor particular force table option shake. Care leg quality miss.,Over agreement forget majority fill south.,53804,Steele-Sellers,Rejected,480-874-2663x394,Hickman Group,Hospitalisation Benefits,ac039fec-40c7-4f3f-ac22-1c9b7d84627b,Family,07-03-2024,78275,253,07-02-2021,13-06-2024,GB20FMJN81171319488876,ac039fec-40c7-4f3f-ac22-1c9b7d84627b,Heather Yu,"934 Michael Manor Alicialand, WV 75381",5696827886,wbrown@hotmail.com,Yes,25-12-2020,4055,No,Senior Citizen Health Insurance Plans
515a1f39-32d3-4a2d-b45a-c443ff5d9333,CPT-22818,Quarterly,4b6e82ca-eceb-43d6-bdf0-c9f0074d1b3e,25888,Dr. Robert Morrison,Taylor-Moore,Treatment: Conducted follow-up after laser cataract surgery.Monitored and managed platelet count through blood transfusion during dengue fever.','Admission Start Date:21-02-2025; Admission End: None; Treatment: Treatment: Conducted follow-up after laser cataract surgery.Monitored and managed platelet count through blood transfusion during dengue fever.'',Media recent score past.,86641,Maynard-Williams,Approved,658.549.5245x177,Harris Inc,Critical Disease Specific Plans,1d7b18ff-22d1-4353-9925-20209d2be0a0,Individual,20-09-2024,41108,553,16-04-2024,19-01-2025,GB30ALWZ54713487430398,1d7b18ff-22d1-4353-9925-20209d2be0a0,Mark Freeman,"79753 Bell Oval Carolchester, NV 47356",+1-874-601-7432x54465,mathislindsay@yahoo.com,No,21-02-2025,4686,No,Disease-Specific Health Insurance Plans
388edf83-cc3b-4b04-82ee-3bf6504fc1ed,CPT-99736,Monthly,578d1d44-9e22-44eb-bd2f-1fcaadd80779,17868,Dr. Ann Jordan,West PLC,Treatment: Provided counseling for mental health support.',Life much could work tough mind any.,Camera true defense official city.,36317,"Foster, Cortez and Matthews",Approved,(905)171-8344,"Newton, Arroyo and Thompson",Skin and Dermatology Care,70ddbf29-740c-47b5-848f-260f823c0b0d,Individual,21-12-2020,47341,912,28-04-2020,17-05-2021,GB79JKGF19274291372555,70ddbf29-740c-47b5-848f-260f823c0b0d,Katherine Jimenez,"846 Zachary Lock Catherineland, KY 82192",146.815.8728x062,bushsamuel@yahoo.com,No,21-07-2022,2352,No,Comprehensive Health Plan
03069887-5bf4-4c43-8135-d8fae41d54ec,CPT-50391,Monthly,beff19ac-b94f-428b-bd4f-6942a1aad48c,95745,Dr. Stephanie Lopez,Hill Group,Treatment: Administered bronchodilators and oxygen therapy for chronic obstructive pulmonary disease (COPD).',Wait house brother. Side act either determine including something.,Author us man soldier history.,82612,"Hill, Barnett and Davis",Approved,(459)931-5419x726,Miller LLC,Dental Treatment Coverage,1f80057e-6e1d-4895-a332-5a230eaaab7c,Individual,25-09-2024,83944,711,18-04-2023,23-01-2025,GB91HNTV31874283529036,1f80057e-6e1d-4895-a332-5a230eaaab7c,Philip Rhodes,"79955 Morgan Union Pamelafort, DE 66884",001-279-923-7571x274,benjaminlane@davis-lewis.org,Yes,19-09-2021,3388,Yes,Senior Citizen Health Insurance Plans
d6d86ef4-8954-4df8-ab26-c48c988e1ab1,CPT-62287,Quarterly,13295210-04da-4010-8c86-e671b051aba6,29294,Dr. Anthony Morgan,Davis-Alvarez,Treatment: Managed complications of chronic kidney disease through hospitalization and dialysis sessions.','Admission Start Date:08-02-2022; Admission End: 19-09-2022; Treatment: Treatment: Managed complications of chronic kidney disease through hospitalization and dialysis sessions.'',Body fire wonder play. Well medical but.,27986,"Torres, Powell and Turner",Rejected,(448)457-5482x209,"Sanford, Dougherty and Wolfe",Includes Yearly Medical Check-Ups,a47d81ec-2499-49bf-97b4-a315994a398f,Individual,12-02-2025,49313,106,28-01-2025,03-09-2025,GB09PZBD02402327765684,a47d81ec-2499-49bf-97b4-a315994a398f,Catherine Meyer,"476 Luis Street Smithton, CT 27933",(745)490-0138x5482,ccarroll@yahoo.com,No,08-02-2022,9409,Yes,Comprehensive Health Plan
287c11eb-ff1f-4c5b-a2fb-dc1b7fa157c9,CPT-31002,Annually,1a3f4979-53e1-479c-9a72-afabcbb403e4,498,Dr. Sarah Munoz,"Brown, Cox and Wheeler",Treatment: Performed minor surgery for injury repair.','Admission Start Date:11-06-2020; Admission End: 07-08-2024; Treatment: Treatment: Performed minor surgery for injury repair.'',Time nice economic record detail add.,87043,"Farmer, Smith and Cardenas",Approved,321-037-9231x48196,Freeman-Patel,Includes Yearly Medical Check-Ups,3f6e4522-4f72-4c0a-b423-b52b17b54595,Individual,06-12-2024,55973,529,25-11-2021,31-12-2024,GB30XEYJ11634656322281,3f6e4522-4f72-4c0a-b423-b52b17b54595,Vicki Burnett,"1621 Valerie Plain Apt. 894 West Marybury, ME 55906",001-232-100-0861x019,grivers@hale.com,No,11-06-2020,1435,Yes,Senior Citizen Health Insurance Plans
7fb97c2f-8868-4c75-8723-418f9c4438d1,CPT-32410,Quarterly,48e42d2f-bc90-47e2-83ac-41c25433d1d7,63480,Dr. Lori Pierce,"Payne, Hammond and Mooney",Treatment: Assisted with delivery and provided neonatal care.',Tree let nature actually. Condition watch important dream.,Rich them skill measure bad.,29374,Gray PLC,Approved,805.335.0042,"Waters, Clark and Hess",Critical Disease Specific Plans,d1dc7b3d-0a3a-4eb4-9208-8df6374b9355,Family,15-09-2024,14729,648,23-06-2024,26-03-2025,GB88FIWX86578160296942,d1dc7b3d-0a3a-4eb4-9208-8df6374b9355,Kelly Wilkinson,"1801 Roth Centers Apt. 483 Austinchester, NC 52778",001-705-245-0968x70861,jschmidt@wilson.info,Yes,05-02-2021,8454,No,Disease-Specific Health Insurance Plans
cb6f82dd-a08b-4175-bf6f-bb4a2048790b,CPT-50994,Monthly,136a1c71-f78f-4f26-8c39-6cb844eb4732,92584,Dr. William Dominguez,"Dean, Velez and Rogers",Treatment: Conducted surgical intervention for lung cancer patients.',Different prevent doctor. Involve onto computer.,Center relationship fight training drive.,92790,Carr Group,Approved,334.788.8986,"Richards, Barton and Wright",Mental Health Care,d0c79ed3-2f4a-44c1-a67f-0a605a8b7956,Individual,29-01-2023,60888,514,25-06-2022,28-12-2023,GB62SWLK84752135197743,d0c79ed3-2f4a-44c1-a67f-0a605a8b7956,Angela Jones,"849 Natasha Springs Apt. 408 Tammieview, NJ 41146",985.699.9625x092,candicelang@nguyen.com,No,16-05-2021,5138,Yes,Comprehensive Health Plan
8bca2990-a752-4ddc-9f5b-9dd0f7941ed2,CPT-71230,Annually,8023d21a-fb9b-4cf7-852a-2b1a66a96c17,16515,Dr. Hayley Kelly,"Calderon, Sosa and Johnson",Treatment: Conducted routine check-up and prescribed vitamins.',Manager visit worker range trial. Special beautiful window southern.,Explain drive carry although lot.,29570,Vasquez and Sons,Rejected,923-466-2379,Williams-Carroll,Includes Yearly Medical Check-Ups,91b75489-146b-40a0-8dbc-fd2ac9902788,Family,06-07-2024,41711,127,06-09-2022,17-12-2024,GB53ZQCY50279394896554,91b75489-146b-40a0-8dbc-fd2ac9902788,Tara Rodriguez,"518 Richard Mills Suite 568 Murphyland, VA 59649",370-351-9872,fbautista@vaughn.biz,No,20-04-2021,7813,No,Comprehensive Health Plan
219302c6-440b-448b-a862-e0d38fefe24f,CPT-36111,Quarterly,4621828b-68f5-4fc6-86f0-887489dad9aa,43972,Dr. Mathew Brown,"Martin, Reilly and Hampton",Treatment: Vi',Hair seek interesting bad consider late American. Determine report approach raise.,Along individual too government become put only.,11526,"Hall, Thompson and Evans",Approved,001-899-023-6947x64092,Hogan LLC,Cardiovascular Health,71fc735c-099c-414e-8259-68daf60ec4ee,Individual,17-12-2021,91661,712,28-05-2020,27-03-2022,GB66EPCG24056451776453,71fc735c-099c-414e-8259-68daf60ec4ee,Leah Cross MD,"0501 Simon Hill Port Brittanyfort, AK 93949",020-291-6016,gwendolynnorris@hotmail.com,Yes,03-09-2021,3973,No,Senior Citizen Health Insurance Plans
fa613988-74df-4e8e-a679-29d46413f8c9,CPT-16543,Monthly,54466967-5c6a-475d-9e7e-8073d78b9db0,78100,Dr. Pamela Gordon,Russell Inc,Treatment: Administered post-operative care for valve replacement surgery.','Admission Start Date:12-11-2020; Admission End: 17-11-2021; Treatment: Treatment: Administered post-operative care for valve replacement surgery.'',City number against the speech also.,87299,Jenkins Ltd,Approved,332-895-3156,"Reyes, Williams and Rodriguez",Includes Yearly Medical Check-Ups,f0e654fd-f387-4b20-9323-4f72127c3eff,Individual,14-03-2022,86426,515,16-02-2021,08-07-2022,GB78JUCI73420602890084,f0e654fd-f387-4b20-9323-4f72127c3eff,Caitlyn Stafford,"41139 Miller Springs Evansfort, TN 41540",(255)720-4869x0403,hwilson@sanchez-rivera.com,No,12-11-2020,4015,No,Comprehensive Health Plan
d1d1705a-2800-4d6c-868f-d27242b9e0d1,CPT-55196,Annually,501fd1ab-ca04-4089-9cac-d5a5a7d9fe4f,96417,Dr. Karen Price,Logan Ltd,Treatment: Provided care for acute kidney injury requiring urgent dialysis.','Admission Start Date:10-12-2023; Admission End: 13-07-2024; Treatment: Treatment: Provided care for acute kidney injury requiring urgent dialysis.'',Floor election clearly picture you glass.,74162,"Riley, Mitchell and Flores",Approved,001-350-862-9938x4351,Robertson and Sons,Hospitalisation Benefits,3a19825c-c05e-4c7f-b7ac-ca327d7cb35b,Corporate,13-05-2024,75151,177,03-11-2023,04-03-2025,GB20HDVJ41691747818335,3a19825c-c05e-4c7f-b7ac-ca327d7cb35b,Megan Gonzalez,"42673 Jensen Canyon Quinnton, OH 00585",(198)837-7961,erica36@yahoo.com,Yes,10-12-2023,8518,Yes,Senior Citizen Health Insurance Plans
4fefe13a-0767-4567-bdd6-3a4cc252904a,CPT-46239,Monthly,f056b697-fb46-4ca0-9089-75c96fc1ea79,98137,Dr. Sydney Parker,Irwin Ltd,Treatment: Administered post-operative eye drops and advised on vision recovery.',Political trade wife.,View majority bill.,91116,Brown LLC,Approved,349-112-2738,Barnes Group,Low-Cost Premium for Young People,12247a6f-9f1c-4792-9bff-0982bc75ebe0,Family,09-03-2025,95826,565,25-10-2022,14-01-2026,GB23SATA90448269379127,12247a6f-9f1c-4792-9bff-0982bc75ebe0,Tammy Adams DVM,"02195 Amber Pass Apt. 159 Kimberlyshire, WI 75569",014-734-2195,rmorse@yahoo.com,Yes,07-11-2022,127,Yes,Comprehensive Health Plan
818d808e-e840-477a-b711-3318210a6db0,CPT-18550,Annually,121c1284-664f-4bef-8115-749556648758,24538,Dr. Mary Dickerson,"Carter, Harrison and Bush",Treatment: Provided counseling for mental health support.',May happen hand born father success material. Build growth explain billion it ago.,Event past manager over pattern play.,160,Clark-Bond,Approved,519-752-7610x7284,"Sullivan, Hines and Nash",Critical Disease Specific Plans,38ab28cd-2202-43af-b653-9df20a4a13ef,Individual,17-07-2022,234,976,31-10-2020,22-12-2022,GB06OONE13139822536853,38ab28cd-2202-43af-b653-9df20a4a13ef,Lauren Wilson,"808 Timothy Haven Apt. 384 Ianmouth, DC 35859",210.504.0532x38716,brandonlee@yahoo.com,Yes,14-11-2020,8470,No,Disease-Specific Health Insurance Plans
2d4dc4c4-fc3c-412a-98d5-bf7b2c508ca7,CPT-12218,Quarterly,a3a227dc-55cd-409b-b1fc-4da3a3adcc7e,42658,Dr. Alex Ingram,"Holmes, Smith and Pope",Treatment: Managed acute pulmonary embolism through anticoagulation therapy under close supervision.',Spend everyone agent want. Age personal side choice line.,Themselves floor management game.,306,"Jones, Santos and Ryan",Approved,001-901-438-8652,Wong-Morrison,Includes Yearly Medical Check-Ups,a9b2545f-82b8-4043-a1be-106580f19a7a,Individual,21-02-2025,15280,758,01-01-2024,23-03-2025,GB21HGVG15481118480852,a9b2545f-82b8-4043-a1be-106580f19a7a,Brian Wright,"940 Alexander Points Suite 932 North Lori, AK 72650",815-734-8693,kelly54@gardner.biz,Yes,04-06-2021,5790,Yes,Comprehensive Health Plan
9c61370c-122a-423c-bf66-3698fbc12a94,CPT-92727,Annually,09132b00-ac51-4a18-a32e-d1be68a5fa5a,16348,Dr. Tiffany Rodriguez,Henry-Smith,Treatment: Managed acute pulmonary embolism through anticoagulation therapy under close supervision.',Worker attorney place investment sea.,Race these hold human foot dog stuff.,40438,Leonard-Chavez,Rejected,-4052,Mckenzie-Johns,Covers Ambulance Fees,9500cecc-602c-4038-86ce-e565bcf3b69d,Individual,03-11-2024,361,609,25-07-2022,19-07-2025,GB25AYMB49845948485736,9500cecc-602c-4038-86ce-e565bcf3b69d,Patrick Lamb,"501 Clarke Ferry Apt. 291 East Traci, IN 45505",+1-612-516-7801x100,cbrown@gmail.com,Yes,26-12-2022,9026,Yes,Senior Citizen Health Insurance Plans
866880e8-0b59-4842-bfd7-ee95df4685fa,CPT-11603,Monthly,a3a4f697-66fe-43b3-88f8-2ece62123a43,49465,Dr. Jodi Thompson,"Carrillo, Jones and Marks",Treatment: Administered antibiotics for infection control.',Account benefit expert.,Each job Congress morning sure foreign state.,2305,Brooks LLC,Approved,811-014-0962x2690,Johnson Inc,Protection from Growing Medical Expenses,c7191101-4134-4bb6-8695-28a979e6e6d0,Family,14-06-2023,76916,242,20-02-2022,25-08-2023,GB79ZLWL53062454972883,c7191101-4134-4bb6-8695-28a979e6e6d0,Vanessa Haas,"32157 Walker Ramp Holtton, DE 10298",118.173.6134,james19@smith.org,Yes,04-09-2023,2474,No,Senior Citizen Health Insurance Plans
cb0274e7-97bc-4d45-b29b-1c508c848a12,CPT-39784,Annually,a321a0c5-b6ed-4371-a82d-cb753002ceed,8136,Dr. Thomas Thompson,White-Alexander,Treatment: Administered antibiotics for infection control.',Two fear fall season another through success.,Quickly between article safe when bag southern.,17637,Carter-Garner,Rejected,(493)260-1692,Wood Group,Protection from Growing Medical Expenses,65b1f628-4d6f-47fe-9a66-9e6fc64da1e5,Corporate,21-03-2022,2841,580,18-08-2020,12-10-2022,GB11CPBY36057607682320,65b1f628-4d6f-47fe-9a66-9e6fc64da1e5,Heather Reyes,"214 Jon Parks Jackieton, LA 46685",686.686.2113,john16@hotmail.com,No,29-11-2022,2270,Yes,Senior Citizen Health Insurance Plans
24885f63-8ba8-4937-a344-f4a8134ab0bd,CPT-20277,Monthly,c4b8d584-4d4f-42e5-92e1-474f2ea422e2,61460,Dr. Veronica Kane,Davenport-Montoya,Treatment: Administered pain relief for post-operative recovery.',Responsibility western vote born.,Reflect home left late. Explain fine rate.,59184,"Pittman, Perez and Wilson",Rejected,(533)753-4639,Fry Group,Cardiovascular Health,0a6e04f8-d3ef-466e-a014-c22471be598a,Family,28-11-2024,73358,865,01-10-2024,14-04-2025,GB07VRLU93295743458516,0a6e04f8-d3ef-466e-a014-c22471be598a,Donald Vega,"7592 Nathan Ridge Suite 769 New Lisafort, AL 97838",3167416187,sarahbarnett@hotmail.com,No,29-11-2022,4499,No,Senior Citizen Health Insurance Plans
c681ccc7-5b91-41f4-80ba-e0e37f89c90a,CPT-71345,Monthly,6a87691a-30c0-40f6-bd74-7488ba2fb614,54290,Dr. Kevin Baker,"Brown, Kennedy and Acosta",Treatment: Administered bronchodilators and oxygen therapy for chronic obstructive pulmonary disease (COPD).',Believe money necessary require high sign. Man watch religious foreign behavior stage.,Others our situation team he writer business.,78773,Jensen-Jacobs,Approved,(672)287-5544,Taylor Ltd,Covers Ambulance Fees,c22066d6-2c5c-48f8-aaac-495ca45c8ea1,Family,18-01-2024,10572,642,14-04-2021,14-10-2024,GB19XWJM74176693518341,c22066d6-2c5c-48f8-aaac-495ca45c8ea1,David Sexton,"745 William Garden East John, LA 15761",001-405-096-9640x78673,zacharysilva@green.com,No,06-09-2021,1993,Yes,Senior Citizen Health Insurance Plans
900f8f3f-f275-4b3f-96ff-d4c0e7834884,CPT-98399,Annually,f9ce8f67-0f36-44da-8d77-7e03acde87a1,62361,Dr. Kimberly Cummings,Anderson and Sons,Treatment: Hospitalized for treatment of severe asthma exacerbation with corticosteroids.',Although Congress next occur.,Box why term radio government exactly.,9038,Vincent LLC,Rejected,+1-779-594-0135x343,Morton LLC,Includes Yearly Medical Check-Ups,a11982b7-b5c3-4771-a93e-c2b80378b5ca,Individual,23-01-2025,33115,803,08-07-2024,13-08-2025,GB64VVUL99805540421420,a11982b7-b5c3-4771-a93e-c2b80378b5ca,Anne Herrera,"375 Leslie Forge Apt. 022 Hughesborough, MS 69003",001-867-870-2565x081,mejiaholly@rhodes.org,No,16-02-2022,834,Yes,Comprehensive Health Plan
f0b148e4-2f59-4b0a-be52-0a554360d70c,CPT-37415,Annually,38d94d2c-677d-4f20-9ee2-0b188b8e0a8f,4996,Dr. Heather Long,Williams PLC,Treatment: Hospitalized for treatment of severe asthma exacerbation with corticosteroids.',Foreign bar you individual move structure.,Address where friend several.,70954,Hansen and Sons,Approved,846-234-1955x550,"Joseph, Le and Sanchez",Dental Treatment Coverage,8ef17f50-7f1f-43db-8863-2249b784add1,Corporate,31-01-2023,62134,509,20-01-2023,11-11-2023,GB26ULBZ85007607028643,8ef17f50-7f1f-43db-8863-2249b784add1,Dorothy Wells,"155 Beth Locks Suite 693 Lindsayfurt, LA 20938",001-261-788-3300,kdodson@jones-calhoun.net,No,21-07-2020,2319,No,Senior Citizen Health Insurance Plans
e71ed19e-8354-4d53-ad3f-35a50ebb05af,CPT-54992,Monthly,231c27df-ca80-4ced-b0df-b7b6855f32c4,7582,Dr. Yolanda Durham,Harris LLC,Treatment: Provided physiotherapy for mobility improvement.',Teacher here investment upon.,Among make this forget clear subject beyond.,69426,"Bowen, Lowe and Green",Approved,(466)005-3263x13401,Ross and Sons,Skin and Dermatology Care,f4963dc5-f522-4319-9c64-8b5f0b4f94fc,Individual,14-12-2024,28564,727,21-08-2021,28-08-2025,GB86ZWHZ61719890944343,f4963dc5-f522-4319-9c64-8b5f0b4f94fc,Shannon Vang,"75693 Ponce Forks North Coreytown, MT 59201",-2276,monicaevans@coleman.com,No,24-12-2022,9168,Yes,Comprehensive Health Plan
2c641673-cfc6-4028-986e-f84c0cb36f87,CPT-21533,Annually,2ed7bd79-94c6-4d41-aa63-a3d38847878d,1595,Dr. Alexander Ayala,Austin-Lewis,Treatment: Provided counseling for mental health support.',These at pressure store range.,Individual why hair camera area.,26954,Wright PLC,Rejected,+1-988-405-3013x679,Schneider Ltd,Skin and Dermatology Care,de1b9774-c202-4ecc-9df2-8b4090eb85ad,Individual,05-10-2022,86667,304,07-09-2021,23-09-2023,GB24WSVF23352170670808,de1b9774-c202-4ecc-9df2-8b4090eb85ad,Daniel Anderson,"7662 Jennifer Isle East Michael, NY 25252",1912853789,colleen08@gmail.com,Yes,09-04-2021,6082,No,Comprehensive Health Plan
44b67a45-6d4a-4eab-924b-aee95f81752e,CPT-73287,Monthly,a064f808-5efa-468c-b01c-b64d0905cb9b,56535,Dr. Jeffrey Schneider,Smith-Holmes,Treatment: Provided care for acute kidney injury requiring urgent dialysis.','Admission Start Date:09-11-2023; Admission End: None; Treatment: Treatment: Provided care for acute kidney injury requiring urgent dialysis.'',Practice prevent I.,7341,Richard-Miller,Approved,683-380-5516,Fowler and Sons,Critical Disease Specific Plans,2d957941-c06d-45ee-8368-a516edb78e88,Corporate,14-01-2023,26543,357,28-07-2020,13-09-2023,GB34IMDJ28627390946705,2d957941-c06d-45ee-8368-a516edb78e88,Julie Gaines,"007 Park Spring Suite 974 Nathanstad, KY 08682",066-440-9725,fletcherlauren@gmail.com,Yes,09-11-2023,5824,Yes,Disease-Specific Health Insurance Plans
104e1e40-8d61-4104-ad82-44d17d8e420d,CPT-63010,Annually,cf4c6eac-1073-474a-8c37-dacd2207a91c,14196,Dr. Darryl Lester,White Ltd,Treatment: Managed acute pulmonary embolism through anticoagulation therapy under close supervision.',Structure send ahead could possible nothing. Address white letter purpose economic.,Write whether article accept pass meet.,79851,"Gray, Andrade and Jones",Approved,001-809-051-0237x4163,Scott and Sons,Includes Yearly Medical Check-Ups,3922a6a5-7849-46e0-ba5a-94c3b40f4d40,Corporate,30-12-2024,53256,110,02-09-2024,24-06-2025,GB23AGCR30921990948329,3922a6a5-7849-46e0-ba5a-94c3b40f4d40,Terri Peterson,"117 Jones Plaza Port Troyton, PA 37055",(000)413-2878,olee@daniel-bryant.com,No,23-05-2022,6351,No,Comprehensive Health Plan
99bce7ab-1534-4615-80a6-c99c6f3e6d2d,CPT-39638,Quarterly,415b9fd8-4552-47ef-b1f7-2620c3985ebe,5864,Dr. Carly Perez,Hartman-Paul,Treatment: Performed cataract removal and implanted intraocular lens.',Project party share body wife. Pay especially add parent out.,Discover when tax market.,21143,Harmon-Cruz,Approved,980-847-2485x57337,Barber PLC,Maternity Benefits,46fd3666-c532-462a-acac-c88f1e95b99c,Family,09-03-2025,1658,232,08-02-2025,21-04-2025,GB67ULWU76352715207157,46fd3666-c532-462a-acac-c88f1e95b99c,Christopher Lewis,"030 Rachel Prairie West Katherine, WA 12423",136-018-0866x9698,lindawilkinson@yahoo.com,Yes,26-02-2021,5022,No,Comprehensive Health Plan
e216caa7-a6d6-4aa5-a775-4c82310bb314,CPT-20546,Quarterly,cc22b266-787f-43f5-9719-b4b20651d668,1743,Dr. Miss Heidi Williams DDS,"Patterson, Bryant and Christensen",Treatment: Performed minor surgery for injury repair.','Admission Start Date:03-03-2023; Admission End: 19-10-2025; Treatment: Treatment: Performed minor surgery for injury repair.'',Stop writer store ago imagine protect.,68047,Estes-Baldwin,Approved,(696)515-0042x9181,Brown Inc,Critical Disease Specific Plans,b78df1a4-3115-416c-b374-d8518abebd4f,Corporate,10-01-2025,74126,889,20-11-2023,27-12-2025,GB70NOMA61799779999600,b78df1a4-3115-416c-b374-d8518abebd4f,Emily Lopez,"7334 Velasquez Land Beckerchester, CO 37120",+1-315-328-2238x5019,lisagonzales@yahoo.com,No,03-03-2023,1581,No,Disease-Specific Health Insurance Plans
5381eb28-c2ee-4c63-98ef-1e648aa2c375,CPT-30283,Quarterly,63087451-18be-4c23-b517-1e5f72ec61a6,74548,Dr. William Sloan,Williams and Sons,Treatment: Administered antibiotics for infection control.',Later but result relationship cover play once.,Health certain future drug nothing strategy.,97535,"Kennedy, Roberts and Armstrong",Approved,001-379-345-6314x28222,Smith-Mcguire,Critical Disease Specific Plans,035c1f20-eef4-43e5-8173-bb1cb7cc9496,Individual,18-11-2023,65623,31,06-06-2023,22-03-2024,GB22SRQF07487550180924,035c1f20-eef4-43e5-8173-bb1cb7cc9496,Jeremy Patterson,"417 Mason Ramp Apt. 359 Lake Krista, VA 43233",+1-473-015-9769x7022,owenslaura@ramsey-reid.com,No,03-06-2024,9075,Yes,Disease-Specific Health Insurance Plans
01ce4ee7-ef4b-4a5e-a185-578bed7e1dda,CPT-71651,Quarterly,e8dab30b-b3ce-430b-8c3e-f313b07befc3,80204,Dr. Bradley Russell,Sosa-Curtis,Treatment: Provided counseling for mental health support.',Issue agree wish for where. Tonight every discover system nice structure.,Strong too moment science believe back news.,66527,Cruz-Benjamin,Approved,649.318.3278,Elliott LLC,Hospitalisation Benefits,73e93e02-8ef4-4f55-b52b-8aa030c20507,Individual,14-01-2025,38128,496,15-10-2023,19-12-2025,GB33NTIH61708617270160,73e93e02-8ef4-4f55-b52b-8aa030c20507,Melissa Bean,Unit 4627 Box 2322 DPO AE 40908,9619577478,abennett@yahoo.com,No,01-04-2020,8374,No,Comprehensive Health Plan
d133b9af-618f-448a-9629-1c552bcf6951,CPT-52025,Monthly,fa15c486-277c-4d8c-963e-a2f8d33b40d6,32074,Dr. Carlos Morgan,Martin-Burke,Treatment: Managed complications of chronic kidney disease through hospitalization and dialysis sessions.','Admission Start Date:29-04-2021; Admission End: None; Treatment: Treatment: Managed complications of chronic kidney disease through hospitalization and dialysis sessions.'',Support red team behavior fight particularly.,66180,Wright-Randolph,Rejected,035.317.0185x10104,Espinoza Ltd,Hospitalisation Benefits,2a69e975-dd2d-42d2-a18c-2dcd3b8e076b,Individual,18-06-2020,49753,108,02-01-2020,17-03-2021,GB96XGTK70007613149029,2a69e975-dd2d-42d2-a18c-2dcd3b8e076b,Brittany Webb,"92400 Mcdaniel Common Morrisberg, NE 19206",2734181192,elizabethho@scott.com,No,29-04-2021,6834,Yes,Comprehensive Health Plan
e1416121-683d-49ab-8142-6f107c01662c,CPT-86832,Monthly,5a0c55f4-f4de-4c4e-bf6b-65b801ad2a7d,82048,Dr. Joshua Turner,Schneider-Stout,Treatment: Conducted postpartum evaluation and counseling on lactation.',Try test hit right if. Time still bed race.,Interview account us.,85432,Smith Ltd,Approved,(539)223-8459x923,Estrada and Sons,Eye and Vision Care,9b5b39a0-46df-48af-a4da-005a333db28c,Family,15-01-2023,67474,1,25-08-2020,07-10-2023,GB68BMMN52319811886703,9b5b39a0-46df-48af-a4da-005a333db28c,Deborah Rodriguez,"7517 Donovan Crest Jillhaven, MA 70704",495-131-9596,markgilmore@peters.com,Yes,16-08-2022,9409,No,Comprehensive Health Plan
a6fb6d08-9592-45fc-838b-0c1106439137,CPT-37806,Monthly,3c114823-7407-48db-af5e-4aba4deeb405,4575,Dr. Malik Caldwell,"Gibson, Martinez and Martinez",Treatment: Assessed pre-surgery and provided comprehensive eye care instructions.','Admission Start Date:23-06-2021; Admission End: 28-05-2024; Treatment: Treatment: Assessed pre-surgery and provided comprehensive eye care instructions.'',Writer image fly. Scene religious institution.,63186,"Garcia, Clark and Medina",Rejected,3549210243,"Arnold, Scott and Warren",Includes Yearly Medical Check-Ups,3889e7fd-0116-4206-9d01-8c236b0cedba,Corporate,06-07-2024,53088,248,15-07-2021,03-08-2024,GB78EFON80325137214600,3889e7fd-0116-4206-9d01-8c236b0cedba,Carrie Bell,"73404 Sarah Squares Apt. 312 Levineview, FL 85037",+1-128-509-5592x16861,huynhdavid@galvan.biz,Yes,23-06-2021,8480,No,Senior Citizen Health Insurance Plans
9e0f79b8-4c24-4dd0-b8c3-d36b73a9a8cc,CPT-26168,Quarterly,397aefc5-53ba-4a21-8415-f1aaa396ded6,12160,Dr. Jennifer Manning,"Rios, Perry and Sullivan",Treatment: Provided counseling for mental health support.',Western yourself present everything.,Four conference decade write figure.,55413,Robinson-Brown,Approved,3393731998,Miller-West,Hospitalisation Benefits,6f59ce96-9656-46fb-9a80-357b54ccb66e,Individual,24-02-2023,44862,784,29-12-2022,08-01-2024,GB34BRLC75415496335117,6f59ce96-9656-46fb-9a80-357b54ccb66e,Jonathan Potter,"06337 Richard Roads Apt. 633 Josephside, TX 43800",(624)954-5084x995,kathryn58@reynolds.com,Yes,19-01-2020,9960,No,Senior Citizen Health Insurance Plans
4b09691e-17df-4e7a-8ce6-522c8600dbe5,CPT-21161,Annually,17e609cc-abc9-4c4c-8c8e-956dfc6c5601,46748,Dr. Robert Maddox,Friedman-Hickman,Treatment: Provided cardiac rehabilitation and prescribed medications for recovery.',Energy case unit show notice few.,Easy deep final then.,22505,"Wolfe, Gregory and Anderson",Approved,+1-087-143-9314x4514,Lowe-Hutchinson,Critical Disease Specific Plans,aa2130c0-307c-40eb-90f1-20afca89cb53,Corporate,08-04-2024,63440,890,18-12-2021,03-01-2025,GB91GFCY67281031650360,aa2130c0-307c-40eb-90f1-20afca89cb53,Michael Weaver,"562 Kyle Trace Suite 604 South Karenton, VA 68871",832-268-3937,dudleydonald@yahoo.com,No,15-03-2020,2639,Yes,Disease-Specific Health Insurance Plans
55877d3d-099b-4024-b86c-99336161309c,CPT-14971,Monthly,31039edb-9246-4473-9169-d1c97c790b3a,22698,Dr. Jose Swanson,Jarvis PLC,Treatment: Provided counseling for mental health support.',Relate world skill close as early season. Grow million then method follow her list.,Large voice five cost although.,93059,Acosta Ltd,Rejected,070-073-9866x732,Johnston-Peck,Cardiovascular Health,bfbedf5c-a24e-41ff-8aac-ca08ac1ba693,Individual,05-02-2023,29010,968,09-02-2022,30-10-2023,GB65WDXB89145400390631,bfbedf5c-a24e-41ff-8aac-ca08ac1ba693,Edward Johnson,"196 John Camp Suite 967 Floresfurt, WI 08774",188.893.0662x30821,jschneider@hotmail.com,Yes,21-02-2024,29,Yes,Senior Citizen Health Insurance Plans
4b7ccbba-09f6-4669-bbba-bc623fd42f38,CPT-50796,Monthly,584196a5-7ac2-4ad8-91ec-1de75eb449a5,4492,Dr. Sandra Miller,"Fisher, Brooks and Marquez",Treatment: Assisted with delivery and provided neonatal care.',Third it baby certain part. These along teach interview save career heavy.,Forget memory activity describe.,1312,Harrison and Sons,Rejected,(316)463-0950,Parker LLC,Critical Disease Specific Plans,5ebedadc-818a-49eb-ba06-464eadf36e3f,Individual,26-09-2024,50310,439,31-07-2023,16-08-2025,GB67LAVB37592598786580,5ebedadc-818a-49eb-ba06-464eadf36e3f,Rebecca Dennis,"4294 Watson Orchard Danielleberg, NY 86593",177-169-5046x5701,james59@hotmail.com,No,13-02-2025,5877,No,Disease-Specific Health Insurance Plans
6596c98e-3ec1-445d-b33a-7689fa982b87,CPT-14862,Annually,558c1df6-5f96-4b2f-99eb-8c5fd109ecad,52712,Dr. Steven Baker,Gray PLC,Treatment: Provided physiotherapy for mobility improvement.',Through skin professor company current. Economy blue anything defense.,Become already condition during.,23413,Roy-Davis,Approved,429.364.4076,"Guzman, White and Williams",Critical Disease Specific Plans,79363dca-19c9-45ca-9332-458b1b8364cf,Family,20-01-2024,62482,447,20-07-2023,14-08-2024,GB11KMPA51171207544827,79363dca-19c9-45ca-9332-458b1b8364cf,David Mcgee,"58737 Jimmy Mountain Apt. 785 Kyleshire, ME 47203",+1-645-449-3586x3811,patriciarogers@yahoo.com,Yes,16-02-2020,3899,Yes,Disease-Specific Health Insurance Plans
cc48a49e-3c3c-498c-96ba-7ca26cc94fc7,CPT-86388,Monthly,5621ca6c-28f0-4f49-adce-6df621cca1f6,58737,Dr. Lawrence Grant,Taylor PLC,Treatment: Administered bronchodilators and oxygen therapy for chronic obstructive pulmonary disease (COPD).',Career likely American recent history television weight.,There someone deal magazine nothing result.,9790,"Nguyen, Reed and Stein",Rejected,201.264.3592x8451,"Meyer, Wolfe and Marshall",Protection from Growing Medical Expenses,1dce2e57-3201-4929-9778-487829ac6396,Corporate,08-09-2024,10723,578,25-11-2020,27-05-2025,GB10WQLL48690494200746,1dce2e57-3201-4929-9778-487829ac6396,Nicole Bowen,"658 Frances Knoll Apt. 031 West David, ID 50989",(956)640-0817x43254,leslie71@hotmail.com,Yes,12-01-2021,680,No,Senior Citizen Health Insurance Plans
7b0ef18a-edb3-43c5-a0fa-41fd3c31ec06,CPT-69276,Annually,ca03ab4e-8f31-4156-96b2-458520b567b6,92336,Dr. Tracey Davidson,Bray Group,Treatment: Managed acute pulmonary embolism through anticoagulation therapy under close supervision.',Bring both himself.,Peace weight look continue result.,54805,Johnson Inc,Rejected,(457)410-4695x6457,"Martin, Sanford and Serrano",Hospitalisation Benefits,c133929a-1e71-4512-bb76-bcc70fd5a414,Individual,20-08-2023,55768,877,01-10-2022,09-12-2023,GB61XNKV57252710958653,c133929a-1e71-4512-bb76-bcc70fd5a414,Laura Evans,"PSC 1535, Box 9969 APO AA 51060",575.505.7093,brittany74@yahoo.com,Yes,17-09-2023,4526,No,Comprehensive Health Plan
bb96b1e5-f56d-4a4f-bde3-7183f68092eb,CPT-61577,Quarterly,6e22bbaf-6b38-4e01-a575-3269c0488608,26291,Dr. Joshua Snyder,Price-Anderson,Treatment: Administered antibiotics for infection control.',State go detail stage identify player listen appear.,Enjoy section agreement whole real.,66592,Norris-Sharp,Rejected,+1-435-842-1523x0698,Sanchez PLC,Includes Yearly Medical Check-Ups,91dbab27-db24-43d3-8c50-f71bfc02031e,Family,21-09-2023,91197,453,25-01-2020,12-09-2024,GB48ZPWV74770844799842,91dbab27-db24-43d3-8c50-f71bfc02031e,Sarah Romero,Unit 2313 Box 1304 DPO AA 67216,(782)731-3427,davidwise@hotmail.com,No,06-06-2024,8931,Yes,Senior Citizen Health Insurance Plans
4a92fece-f253-4ca0-bf4a-ba790886e65d,CPT-17949,Annually,afade9b9-6c4b-477a-9228-ca90fe8a1987,71135,Dr. Allison Evans,Perez Inc,Treatment: Provided physiotherapy for mobility improvement.',Brother appear always production building off. Heart news form who letter final hand.,Able feeling institution body teacher.,66415,Gonzalez-Medina,Approved,081.728.7559,Sanchez and Sons,Critical Disease Specific Plans,7e1f2a7d-4ab5-474c-b57a-2b2562e8650c,Family,27-12-2020,66880,888,09-11-2020,24-04-2021,GB71MZSW34453662076294,7e1f2a7d-4ab5-474c-b57a-2b2562e8650c,Julie Love,USCGC Sandoval FPO AP 29966,+1-743-090-3682x4947,tiffanymartinez@wood-farmer.info,No,22-01-2025,6811,Yes,Disease-Specific Health Insurance Plans
7211dc1b-5028-4214-b12f-53cac1690589,CPT-60277,Annually,471d47bc-e1b1-46b0-a1e5-adaa6d7e0a99,15252,Dr. Cameron Mason,Bright Group,Treatment: Conducted hospital-based monitoring for critical dengue shock syndrome cases.','Admission Start Date:14-09-2023; Admission End: 22-03-2024; Treatment: Treatment: Conducted hospital-based monitoring for critical dengue shock syndrome cases.'',Analysis cell chair although option must never.,51052,"Pollard, Simpson and Marquez",Rejected,001-324-987-2002x73513,Parsons-Horton,Mental Health Care,4b47e5eb-4c2b-4a23-8202-fbe7199f7c49,Family,13-04-2023,5247,468,20-12-2022,02-04-2024,GB80RTUQ51454803178116,4b47e5eb-4c2b-4a23-8202-fbe7199f7c49,Zachary Ferguson,"579 Dan Points Jeffreyshire, ME 85141",680-991-3910x2280,rhonda39@hotmail.com,Yes,14-09-2023,4872,Yes,Comprehensive Health Plan
862ea1ff-915d-46bb-90d8-0f82bb798da9,CPT-66628,Quarterly,b659152a-ce28-4b9a-869f-e3a1cc060bc8,63351,Dr. Marissa Young,"Hull, Smith and Bradford",Treatment: Conducted follow-up after laser cataract surgery.Monitored and managed platelet count through blood transfusion during dengue fever.','Admission Start Date:02-08-2022; Admission End: 16-01-2023; Treatment: Treatment: Conducted follow-up after laser cataract surgery.Monitored and managed platelet count through blood transfusion during dengue fever.'',Should system pressure mention include run once.,33324,Wallace and Sons,Approved,(844)046-3259,Nichols Ltd,Maternity Benefits,6b499541-0a3a-4778-a53b-8705dcde0e70,Corporate,08-01-2023,63297,843,24-10-2021,04-02-2023,GB49KKKG35838440071884,6b499541-0a3a-4778-a53b-8705dcde0e70,Patricia Walker,"0596 Connor Island Guerraberg, TX 10875",269-647-0637x90643,sharondiaz@yahoo.com,No,02-08-2022,2318,Yes,Comprehensive Health Plan
156a2a5f-32eb-441f-b45a-17e04797ab75,CPT-38991,Annually,d64cf894-ac1b-48a8-977e-b86fdaf9b27d,26565,Dr. Martin Pearson,Owens Group,Treatment: Hospitalized for treatment of severe asthma exacerbation with corticosteroids.',Back ok call off yes three itself. Audience how reach audience tree shake too.,Food rule may each media leg coach.,23096,Oconnor PLC,Approved,001-356-959-2493x6465,Martin-Johnson,Critical Disease Specific Plans,d0bece12-4e87-44a7-a151-7ae51a3e25f7,Corporate,07-09-2023,67370,477,27-02-2023,11-02-2024,GB11JMKX87016657241789,d0bece12-4e87-44a7-a151-7ae51a3e25f7,Daniel Diaz,"537 Dustin Trafficway Suite 204 Ashleychester, CO 73429",7879319772,danielwalls@yahoo.com,No,14-10-2023,878,No,Disease-Specific Health Insurance Plans
90cec936-fe8e-4f81-bb48-8f7b06850aff,CPT-45447,Quarterly,dad008bd-8075-4157-8d64-a095c7e6e033,99019,Dr. Jason Cohen,Gonzalez-Manning,Treatment: Assessed pre-surgery and provided comprehensive eye care instructions.','Admission Start Date:01-10-2024; Admission End: 19-10-2024; Treatment: Treatment: Assessed pre-surgery and provided comprehensive eye care instructions.'',Under yes cup start detail.,54991,Price-Hodge,Approved,(644)346-5730x0459,Morris Inc,Eye and Vision Care,4be182ce-bd45-4d14-9570-c470a7039ad1,Family,15-01-2024,44161,724,14-05-2022,26-10-2024,GB67JDQC69668524431353,4be182ce-bd45-4d14-9570-c470a7039ad1,Gary Mitchell,"4054 Wolf Flats Johnsonhaven, NC 36846",+1-483-881-6479x7576,brandon31@gmail.com,No,01-10-2024,4438,No,Comprehensive Health Plan
f9d9492e-8ef0-4acb-b2f0-762d3d57efa0,CPT-45261,Quarterly,b14ae91f-2b06-4b4f-993d-607779901395,63037,Dr. Andre Gonzales,Salazar PLC,Treatment: Provided physiotherapy for mobility improvement.',Become sister very. Show develop lead worker require they operation.,Avoid between attack.,1440,"Li, Williams and Boyer",Approved,052.693.5412x412,Green Inc,Hospitalisation Benefits,0fcbd790-cf49-453a-bfa4-01790376b152,Individual,02-02-2023,72488,685,26-12-2021,18-03-2023,GB69GVPD60800690530451,0fcbd790-cf49-453a-bfa4-01790376b152,Gabriel Washington DDS,"253 Riddle Park Suite 332 Port Tashaville, GA 98102",001-145-499-2419,andrew87@hotmail.com,Yes,20-04-2020,2902,No,Comprehensive Health Plan
49116857-a659-48ba-8f83-3373f9b86a35,CPT-61741,Annually,9ff3d2e9-1a8d-43be-a965-239f88252d0e,15701,Dr. John Brown,"Dunn, Arnold and Gonzalez",Treatment: Administered pain relief for post-operative recovery.',Many so important line. Again modern hope reveal.,Choose participant understand be clear.,13702,Gillespie-Franklin,Approved,1647812215,"Hicks, Collins and Fisher",Includes Yearly Medical Check-Ups,585fb08e-8aa4-4bc3-89a4-ca803527ea19,Corporate,23-06-2024,39764,882,13-09-2023,14-11-2024,GB91KXCD48164365937944,585fb08e-8aa4-4bc3-89a4-ca803527ea19,Chase Bishop,"704 Paula Well Apt. 192 Hollyport, UT 40821",+1-935-013-0393x859,asanders@stewart-hood.com,No,04-03-2024,8995,Yes,Senior Citizen Health Insurance Plans
0ff2d132-e4f1-47a9-af34-8c61a9f988e2,CPT-26725,Monthly,6d246607-1f0f-4bf5-a9b6-11eb056e402c,568,Dr. Hayley Andersen,Ruiz-Jenkins,Treatment: Provided care for acute kidney injury requiring urgent dialysis.','Admission Start Date:25-06-2024; Admission End: 25-12-2025; Treatment: Treatment: Provided care for acute kidney injury requiring urgent dialysis.'',Box total week effort whose drive care impact.,27043,Kane-Moreno,Rejected,001-824-056-1639,Long LLC,Critical Disease Specific Plans,f828d8c2-6d1a-48ba-af04-10e6ce4df7e2,Family,02-02-2025,47926,577,25-01-2025,08-01-2026,GB53YWKX43580148543499,f828d8c2-6d1a-48ba-af04-10e6ce4df7e2,Jessica Mason,USNV Martinez FPO AA 48313,439-916-5368x3501,shelleyallen@johnson-rhodes.net,No,25-06-2024,3759,Yes,Disease-Specific Health Insurance Plans
e0a505d4-2f19-40cb-b832-5c2f7ab16be7,CPT-36873,Quarterly,ca23855e-55e5-48c9-b50f-a9c2f8854be5,34402,Dr. Phillip Reynolds,"Simpson, Hunter and Maldonado",Treatment: Administered pain relief for post-operative recovery.',Follow whether trade item. Read age population.,Service cause animal nation simple hundred.,89215,Rodriguez-Smith,Approved,-2086,Turner-Gardner,Low-Cost Premium for Young People,123463aa-8297-49b0-9a8d-9cc6bbf9561e,Individual,28-11-2023,86731,930,24-05-2020,24-01-2024,GB73WSYW59133854927035,123463aa-8297-49b0-9a8d-9cc6bbf9561e,Timothy Brewer,"899 Jesus Prairie East Kaitlin, OH 13692",322.285.0360x16885,kirsten77@gmail.com,No,26-02-2021,1182,No,Comprehensive Health Plan
0cbadde1-9e08-415e-b90a-1fa47f06016d,CPT-98233,Quarterly,b47caa9d-90ad-4ffb-8912-5169de19fb13,65887,Dr. Joseph White,"Cannon, Camacho and Rogers",Treatment: Provided intravenous fluids and electrolyte therapy for severe dehydration.',Fall foot order industry development.,Evening along born card right age foot.,76079,"Higgins, Sanchez and Griffin",Approved,+1-560-310-5092x72517,"Lawson, Mckay and Lynn",Critical Disease Specific Plans,499e65e4-3a72-4f1f-af50-c3404cf5e562,Family,30-01-2025,80829,549,22-04-2023,24-05-2025,GB10ABJB06155454678798,499e65e4-3a72-4f1f-af50-c3404cf5e562,James Good,"715 Boone Springs North Rebeccaport, AL 52951",542.244.8022,kevin32@hill-scott.org,No,20-08-2024,2018,Yes,Disease-Specific Health Insurance Plans
a127cb9d-e031-4055-92c5-2f2a57c0df06,CPT-96272,Monthly,1889f5f0-3b41-4c4b-bd23-c0e4b5beabd0,31906,Dr. Erin Rice,Best-Holloway,Treatment: Performed minor surgery for injury repair.','Admission Start Date:09-02-2024; Admission End: None; Treatment: Treatment: Performed minor surgery for injury repair.'',Note court we herself pretty well.,2926,Jones Ltd,Rejected,831.785.6770x345,Goodwin Inc,Cardiovascular Health,6be27ae3-5a18-46ea-9347-96185dd4a6a7,Individual,21-11-2022,22133,923,26-08-2022,18-09-2023,GB34XTCF92323173068378,6be27ae3-5a18-46ea-9347-96185dd4a6a7,Eric Smith,Unit 9869 Box 9662 DPO AA 76683,107-763-2948x8038,cgardner@baker-myers.com,No,09-02-2024,8114,Yes,Senior Citizen Health Insurance Plans
0320de6f-e973-47e8-8a03-af8e08ce9761,CPT-44983,Monthly,c9382205-34bc-42f5-9f3a-568b4fdb81d2,7418,Dr. Marc Davis,Sheppard-Franklin,Treatment: Administered pain relief for post-operative recovery.',Also home window hair our address.,Agency day property win.,39966,Mcdaniel Inc,Approved,+1-132-002-5491x43247,James-Howard,Maternity Benefits,c75880c3-e878-464e-ad05-3b9a99d9e0b2,Family,13-02-2025,39684,41,21-08-2024,12-01-2026,GB97JFSB98890654954078,c75880c3-e878-464e-ad05-3b9a99d9e0b2,Kristen Smith,"206 Sanchez Oval Kruegershire, MO 76724",+1-280-543-1403x3178,amanda55@yahoo.com,Yes,28-02-2021,5470,No,Comprehensive Health Plan
d4065686-3b86-4de2-bda3-8f151adbea37,CPT-26800,Annually,7b0bac9d-5961-4dcc-9144-688fd8dfb137,88445,Dr. Rebecca Ortiz,Martinez LLC,Treatment: Provided ventilator support for respiratory failure caused by severe pneumonia.','Admission Start Date:05-08-2023; Admission End: None; Treatment: Treatment: Provided ventilator support for respiratory failure caused by severe pneumonia.'',High recent at perform six.,84676,Smith Group,Rejected,(724)466-9421x080,Norton PLC,Critical Disease Specific Plans,23b40918-0630-46e3-9095-4262ccf390b0,Family,01-12-2022,56521,186,28-08-2020,10-03-2023,GB26DMZV31039106110394,23b40918-0630-46e3-9095-4262ccf390b0,Daniel Anderson,"140 Parks Avenue New Tamara, ID 27467",634-998-5706x343,sjordan@harrell.org,Yes,05-08-2023,233,No,Disease-Specific Health Insurance Plans
07e9ae80-0b40-4711-b3ac-bbb030cc41ec,CPT-34492,Quarterly,55eb85e8-09eb-477b-af15-4041d08caca2,88152,Dr. Angela Young,"Giles, Crawford and Beard",Treatment: Vi',Specific rest mind day ever reality spend. List between politics itself performance thank.,Consider visit benefit.,8383,"Noble, Rivas and Summers",Approved,611-041-7847x5409,Jackson Ltd,Skin and Dermatology Care,233b5537-1bfb-48a4-8631-5eb452b8429c,Individual,21-10-2022,13042,230,22-07-2021,04-03-2023,GB95KBMF34666693648100,233b5537-1bfb-48a4-8631-5eb452b8429c,James Warren,"0248 Crystal Ways New Elizabeth, AK 97289",600-649-7273x8378,raymond64@williams.com,Yes,09-05-2022,4990,Yes,Comprehensive Health Plan
bf806868-9a61-4307-841d-9c9e65c47f49,CPT-26214,Monthly,79326ba2-90ad-4f8c-b0ba-7da13d940b99,19793,Dr. Nicole Walker,"Rangel, Miller and Lee",Treatment: Conducted angioplasty and monitored for complications.',Future two fact seem service open marriage.,Beyond four maintain two.,91439,Sullivan Group,Approved,827-923-0089x767,Long Ltd,Hospitalisation Benefits,2a4c7156-c250-44eb-8563-5605a6c2641b,Family,21-03-2022,50644,908,13-12-2020,10-05-2022,GB43RNMB57767667840794,2a4c7156-c250-44eb-8563-5605a6c2641b,Jennifer Smith,"175 Brady Curve Apt. 032 Javierhaven, OK 77365",001-468-297-4611x248,ojohnson@gmail.com,No,20-09-2023,4734,Yes,Senior Citizen Health Insurance Plans
b755cacf-85a0-4e12-9454-f44c0054437a,CPT-93898,Quarterly,e2be1f38-c012-4d7f-918e-16ddbc049012,98587,Dr. Diane Booth,Jones Group,Treatment: Performed coronary artery bypass surgery successfully.','Admission Start Date:30-03-2023; Admission End: 11-05-2025; Treatment: Treatment: Performed coronary artery bypass surgery successfully.'',All say agency blue world sister easy sea.,59671,"Lucas, Lyons and Hughes",Rejected,+1-991-843-0411x5007,"Harris, French and Bryant",Critical Disease Specific Plans,bb3a49ee-ca22-4882-8760-d712b6b1a880,Family,30-12-2024,96624,485,20-11-2021,07-07-2025,GB93OUKO63272977506712,bb3a49ee-ca22-4882-8760-d712b6b1a880,Kelly Garrett,"3832 Andrea Street Apt. 643 Farmerfurt, UT 40577",(504)577-7831,michael07@hotmail.com,Yes,30-03-2023,1296,Yes,Disease-Specific Health Insurance Plans
a43e2168-1b2f-4b95-9c0b-6716db135e77,CPT-41554,Monthly,6f359fe1-727d-4302-bcd2-b82ee6ba7712,81350,Dr. Ana Ayala,"Ferguson, Webb and Marquez",Treatment: Vi',Often never air light. For first majority politics field.,Trade per speak.,60547,"Lee, Jones and Bell",Approved,950.716.8522,Hicks Inc,Eye and Vision Care,34f91288-85f8-4abd-be93-99b6b9596d3f,Family,27-01-2024,46928,119,24-05-2021,13-03-2024,GB59TWEU91417444518873,34f91288-85f8-4abd-be93-99b6b9596d3f,Denise Garrett,"695 Maria Views Ericchester, AZ 31211",(210)325-8714x65683,whitemark@yahoo.com,Yes,05-05-2022,8952,No,Comprehensive Health Plan
45b9a369-57cc-4d4f-b471-8fb65dad1ed6,CPT-70597,Quarterly,5006548f-b7ff-45ad-a501-b073d509b1e3,79099,Dr. Debbie Morse,"Green, Harris and Bates",Treatment: Conducted follow-up after laser cataract surgery.Monitored and managed platelet count through blood transfusion during dengue fever.','Admission Start Date:27-10-2020; Admission End: 10-07-2022; Treatment: Treatment: Conducted follow-up after laser cataract surgery.Monitored and managed platelet count through blood transfusion during dengue fever.'',Where budget system move past dream.,69251,Green-Simmons,Approved,070.754.6270,Brandt Ltd,Critical Disease Specific Plans,382af37e-1f22-40ac-9d9d-84440e9b9a96,Corporate,09-02-2022,86286,339,27-11-2021,05-02-2023,GB27FOMC11758881944762,382af37e-1f22-40ac-9d9d-84440e9b9a96,Jack Lee,"0699 Ashley Plain Clarkport, NV 74341",136-364-7322x461,ashley48@yahoo.com,No,27-10-2020,1356,No,Disease-Specific Health Insurance Plans
5065bff2-bc71-4850-bd73-58dc739af23c,CPT-95525,Quarterly,49627bb8-4733-4f8e-a63a-00c0f1764597,61635,Dr. Nathan Hansen,Lee PLC,Treatment: Administered post-operative care for valve replacement surgery.','Admission Start Date:25-08-2024; Admission End: None; Treatment: Treatment: Administered post-operative care for valve replacement surgery.'',Hard wish south hour short.,26015,Stevens Group,Approved,+1-625-008-2981x1137,Torres and Sons,Cardiovascular Health,2bbf0f49-67a5-421c-b539-9efe8e5a6107,Individual,27-10-2022,47101,424,15-06-2021,06-09-2023,GB23BNTY55026264219281,2bbf0f49-67a5-421c-b539-9efe8e5a6107,Leah Kennedy,Unit 4798 Box 2968 DPO AP 52057,614-146-7700,raymond65@williams.com,No,25-08-2024,7642,Yes,Senior Citizen Health Insurance Plans
17e39dcf-1d21-4bec-8b14-ec6e4ba6a128,CPT-39192,Annually,2a48299d-d8e3-477d-8580-6b1a0a9b1d9e,2198,Dr. Kelly Mccoy,"Miller, Hamilton and Sampson",Treatment: Provided physiotherapy for mobility improvement.',Service child above shoulder charge yourself. Past agent race look walk especially language own.,Executive type personal four side step war.,36727,Carter PLC,Approved,411.376.0566,Ellis-Collins,Critical Disease Specific Plans,00e7a0be-2a05-4301-ba22-d2a3342f5b37,Family,30-11-2024,30867,978,31-10-2021,08-08-2025,GB31ZJVK49689831928290,00e7a0be-2a05-4301-ba22-d2a3342f5b37,Amber Herrera,"886 Deanna Extension Apt. 511 Floresmouth, UT 13223",957-301-5089,evan69@wilson-cooper.com,Yes,14-05-2020,613,Yes,Disease-Specific Health Insurance Plans
ed873fed-9852-4c1b-8742-f197df2b0a84,CPT-79026,Monthly,b365c844-741b-46b1-ad51-d012c2b0f4af,86037,Dr. Angel Whitehead,Wright-Gordon,Treatment: Managed acute pulmonary embolism through anticoagulation therapy under close supervision.',Condition the conference anyone.,Trial hear today anyone.,4714,"Miller, Ryan and Johnson",Rejected,(358)199-5529,Simon-Sampson,Diabetes-Specific Benefits,430ffc0f-57c6-4e2b-8b60-c20f4e96db1b,Individual,11-02-2021,67101,423,15-01-2021,23-11-2021,GB25NUFG29227263989091,430ffc0f-57c6-4e2b-8b60-c20f4e96db1b,Jonathan Garcia,"506 Gillespie Pine Robinsonfort, OH 90580",(867)504-0237x350,kristin27@reed.com,No,18-09-2023,4834,No,Senior Citizen Health Insurance Plans
3a4b7314-efc1-4709-9425-40e0a06c433f,CPT-55571,Annually,e6c79f73-3a5e-448d-814b-4ca74cd138b4,15388,Dr. Jeffrey Garner,Edwards PLC,Treatment: Hospitalized for treatment of severe asthma exacerbation with corticosteroids.',Area former history lawyer they possible score. South rule condition describe special.,Bank system fear picture feel right fall.,10308,"Osborn, Hoover and Todd",Approved,001-857-898-6914,"Conrad, Nash and Daniels",Critical Disease Specific Plans,55dab55f-b001-4888-bb02-5297014a8842,Individual,07-12-2024,68143,120,24-03-2024,19-08-2025,GB82XRWH24838937736507,55dab55f-b001-4888-bb02-5297014a8842,Nicole Morris,"3324 Patterson Mountain Tamaraborough, CA 19264",321-562-5250,cgordon@yahoo.com,No,26-09-2023,3871,No,Disease-Specific Health Insurance Plans
986660ea-c27e-4d38-9ab8-875c9039ae9a,CPT-30550,Quarterly,f5a8600c-0003-4340-a472-67672c2faf16,63794,Dr. Andrea Blackwell,"Lindsey, Hall and Harrington",Treatment: Hospitalized for treatment of severe asthma exacerbation with corticosteroids.',Nearly represent senior class probably across. Trial color score name city real actually.,Begin clear project behavior newspaper old.,90651,Guzman Ltd,Rejected,+1-015-747-9783x120,Watts-Ferguson,Maternity Benefits,da254e6e-15ed-4f11-9d3f-0e6a7edce11b,Family,22-02-2025,94840,550,12-02-2025,01-06-2025,GB50BDSM17315007444533,da254e6e-15ed-4f11-9d3f-0e6a7edce11b,Charles Young,"305 Morris Circle Garnerside, HI 26813",991.463.1340x16198,richard27@stevenson.com,Yes,07-01-2024,1990,Yes,Comprehensive Health Plan
71b4a1a3-1933-434c-9e37-1242e5e7d429,CPT-80589,Quarterly,ef39bb6f-1745-4af9-8559-0360827dc69a,93389,Dr. Justin Moore,Ryan PLC,Treatment: Administered antibiotics for infection control.',Finally soon body knowledge front the section. Development scene address put organization.,Of section realize score purpose.,78277,"Quinn, Morris and Watson",Approved,001-738-412-2877x7045,Mccarthy-White,Respiratory Health,605aa55c-d95c-4a18-8374-604bdac04e6e,Individual,03-03-2025,94056,602,14-02-2025,01-10-2025,GB09EAKT95413862158077,605aa55c-d95c-4a18-8374-604bdac04e6e,Craig Weaver,"762 Cox Mall Victoriastad, MO 61716",+1-268-681-7056x1388,ynichols@nolan.net,Yes,23-01-2023,7016,Yes,Senior Citizen Health Insurance Plans
6ed1a421-e329-4780-b0be-978b3d6f8686,CPT-75305,Annually,cb07af3a-362f-4a77-9a7e-e8d3aa0ba290,2428,Dr. Stacey Russell,Sandoval and Sons,Treatment: Conducted follow-up after laser cataract surgery.Monitored and managed platelet count through blood transfusion during dengue fever.','Admission Start Date:04-09-2024; Admission End: 25-10-2024; Treatment: Treatment: Conducted follow-up after laser cataract surgery.Monitored and managed platelet count through blood transfusion during dengue fever.'',Take choose physical wonder little page.,18807,"Patel, Alexander and Gaines",Rejected,250.651.6901,Jones-Whitehead,Eye and Vision Care,94761f36-ff6c-4f34-8e2b-91f2c802ba64,Individual,21-07-2024,80079,15,09-07-2023,26-01-2025,GB41QDYJ64064237977346,94761f36-ff6c-4f34-8e2b-91f2c802ba64,David Howard,"72760 Harris Meadows Suite 307 Port Davidmouth, CO 34916",+1-156-599-7608x8885,anitadavis@curry.com,No,04-09-2024,1843,No,Comprehensive Health Plan
2fcd5a45-9f5d-495a-aa28-399755af282d,CPT-64193,Annually,9b8ee20c-2826-48b7-9d01-759503f3a771,55108,Dr. Michelle Watkins,Whitaker Inc,Treatment: Performed hemodialysis for renal failure with continuous monitoring of vitals.','Admission Start Date:09-09-2021; Admission End: 20-09-2022; Treatment: Treatment: Performed hemodialysis for renal failure with continuous monitoring of vitals.'',Close firm both shake industry sit investment.,5203,Bowen-Brown,Rejected,+1-560-741-1202x669,Roy and Sons,Includes Yearly Medical Check-Ups,d98fbbb9-785c-4da5-b318-c02e00556c67,Individual,04-12-2022,73136,568,03-09-2022,01-01-2023,GB62KZFV74186842604158,d98fbbb9-785c-4da5-b318-c02e00556c67,Kimberly Mcintyre,"26195 Michael Extension Apt. 785 Port Linda, OK 17067",+1-531-409-2717x7044,melissa89@sweeney.com,Yes,09-09-2021,1617,Yes,Senior Citizen Health Insurance Plans
9fdf8899-70e4-462f-bb0a-cbc02eed167d,CPT-56153,Annually,e0aac7d9-0e1f-4013-be64-46d9e12b6b39,75026,Dr. Douglas Martinez,Richardson-Booth,Treatment: Administered pain relief for post-operative recovery.',Night space mouth image he financial. National thing evidence explain case most question.,Will Congress sure soon.,72212,"Steele, Newman and Green",Approved,(534)650-8568,Clark and Sons,Hospitalisation Benefits,262e1d37-a53a-4e59-8efe-086e6966a5cd,Individual,26-11-2021,36865,116,08-04-2021,22-05-2022,GB92VSWD81627483318618,262e1d37-a53a-4e59-8efe-086e6966a5cd,Kyle Clark,"52915 Wilson Branch Suite 735 Byrdshire, NJ 36816",892.863.7782,timothy52@taylor-russell.com,Yes,09-08-2024,1435,Yes,Comprehensive Health Plan
7cc60f51-27e9-4c71-b9a3-f5584d0c0563,CPT-62385,Monthly,36611206-d5fd-496c-a5ce-69099654fa67,57291,Dr. Joseph Houston,Matthews Group,Treatment: Administered peritoneal dialysis and provided post-treatment counseling.','Admission Start Date:25-06-2022; Admission End: 13-09-2024; Treatment: Treatment: Administered peritoneal dialysis and provided post-treatment counseling.'',Animal side thus new girl deal ok.,64377,Rowe Group,Rejected,+1-700-087-3189x41980,"Jensen, Newton and Daniels",Critical Disease Specific Plans,83fe758d-568f-4a43-8ee9-06070f05736f,Family,09-02-2024,54879,494,21-08-2022,12-10-2024,GB22ADFM02130717943327,83fe758d-568f-4a43-8ee9-06070f05736f,Raymond Munoz,"PSC 9626, Box 6555 APO AP 22845",7210736098,cameronsmith@day.com,No,25-06-2022,1933,Yes,Disease-Specific Health Insurance Plans
b4f00ee3-13aa-4aee-a6ce-130bedb3a961,CPT-44727,Quarterly,52ddde00-64a6-43d7-af99-560e08a84302,78708,Dr. Amanda Jones,Butler-Wilson,Treatment: Provided physiotherapy for mobility improvement.',Couple these decide carry. Back hold them follow our society out.,Republican TV note grow affect discuss.,65117,Burke-Flores,Rejected,+1-681-277-7457x821,"Lopez, Sanford and Taylor",Skin and Dermatology Care,4a15a54f-3ee1-4450-9864-e12f95b6516d,Individual,24-12-2020,98196,209,15-04-2020,22-07-2021,GB82MXLV64399645957928,4a15a54f-3ee1-4450-9864-e12f95b6516d,Shannon Clark,"8688 Landry Estates Suite 620 South Cameronbury, GA 05358",950-697-7542x28218,katherinebarrett@yahoo.com,Yes,16-11-2020,2906,No,Comprehensive Health Plan
512e9209-703c-48df-b50b-cbabaff1f522,CPT-81415,Annually,5c78b176-17e4-4fdd-b6ab-65ae829bb642,68773,Dr. Christine Cannon,Roth PLC,Treatment: Conducted postpartum evaluation and counseling on lactation.',Tough appear example consider.,Six television red.,34142,"Wang, Moore and Barry",Rejected,+1-557-628-2043x027,"Wood, Aguilar and Jackson",Critical Disease Specific Plans,71e5fade-c651-462e-81a4-eb2ee876c007,Family,16-05-2022,22316,448,15-04-2022,24-09-2022,GB27TXZP46925670716710,71e5fade-c651-462e-81a4-eb2ee876c007,Lorraine Woodward,"651 Castro Way Griffinport, MI 01486",001-378-589-1465x50184,lance98@hotmail.com,No,05-09-2022,6541,Yes,Disease-Specific Health Insurance Plans
e0072781-c40e-4932-b347-80b75abccb42,CPT-98224,Monthly,a729aca1-5b22-4d94-9d7d-a64dabf7c3eb,39859,Dr. Amber Boyer,Shaw-Warren,Treatment: Administered supplements for maternal health and fetal development.',Market entire write instead entire catch. Understand song while recent fish building.,Account debate theory tell one state government.,82904,"Smith, Francis and Morris",Rejected,067-825-5306x2247,"Edwards, Santiago and Jordan",Critical Disease Specific Plans,3f06e130-3742-42a6-afb7-86992e9dad42,Individual,21-01-2025,81177,783,25-11-2024,18-06-2025,GB68CXOG46086154313272,3f06e130-3742-42a6-afb7-86992e9dad42,Jason Williams,"3646 Ramirez Stravenue East Timothyburgh, OK 81657",+1-974-707-6556x300,stoutgregory@yahoo.com,Yes,20-04-2023,5688,Yes,Disease-Specific Health Insurance Plans
12ec1abc-d87b-4b05-a107-cf6efcfb47b3,CPT-45864,Quarterly,8c4f4c7e-e90c-44f9-943e-feb995a7bcaa,67547,Dr. Debra Boyd,"Freeman, Vance and Anderson",Treatment: Administered post-operative care for valve replacement surgery.','Admission Start Date:15-09-2023; Admission End: 19-04-2025; Treatment: Treatment: Administered post-operative care for valve replacement surgery.'',City north maybe available mouth plant about.,16049,Lamb-Gardner,Approved,022-548-3794,Cohen Ltd,Hospitalisation Benefits,51036ea8-e482-41c7-82c6-32fb54ed810c,Individual,02-11-2024,68583,370,01-09-2024,23-05-2025,GB43UXZH10981343960626,51036ea8-e482-41c7-82c6-32fb54ed810c,Elizabeth Jackson,Unit 9241 Box 4903 DPO AA 01031,+1-157-409-3187x5650,zchan@long.com,Yes,15-09-2023,5307,Yes,Senior Citizen Health Insurance Plans
3b094082-2db0-487c-9ce4-0a6749b69d5b,CPT-36714,Annually,e96228e6-7387-480b-a199-db0f4d4c39d5,34253,Dr. Nicholas Alvarez,Ferrell LLC,Treatment: Vi',Attention around rich while. Might the teacher organization as.,Easy present general. Hope billion red them.,24735,Franklin-Williams,Rejected,598-066-0967,"Hunt, Nixon and Nolan",Dental Treatment Coverage,c1db0f71-8496-42ba-9ba7-c110d6642952,Family,18-01-2025,40274,355,04-08-2023,02-09-2025,GB90BIOP95060922565821,c1db0f71-8496-42ba-9ba7-c110d6642952,Kelly Miller,"921 House Cove Bradleytown, OH 56372",(885)937-1444,samantha43@gmail.com,Yes,19-11-2021,9778,Yes,Senior Citizen Health Insurance Plans
c32594da-c350-4a17-83b7-46fe2b267655,CPT-79648,Annually,64f8b3d8-7ca2-465c-b27d-3c8641af6414,35272,Dr. David Jones,"Perez, Harding and Vasquez",Treatment: Provided intravenous fluids and electrolyte therapy for severe dehydration.',Particularly popular free religious continue.,So always figure everyone door long.,39296,Nelson-Fuentes,Rejected,001-000-345-4424,"Gonzalez, Lee and Santos",Mental Health Care,f9212450-971c-4e79-8fde-9ba7a4e8b781,Family,20-01-2023,91307,103,07-10-2021,03-08-2023,GB36GZHI81323032527770,f9212450-971c-4e79-8fde-9ba7a4e8b781,Kathryn Johnson,"17449 Myers Station Thomasmouth, SC 86720",451-301-5085x48850,madisongray@gmail.com,Yes,24-04-2022,973,No,Comprehensive Health Plan
5235cdcd-fe90-4f62-91f9-c9a254e8492c,CPT-31264,Annually,1b861b7b-e1d4-4f06-b5ab-ab84d1bb9a1f,73565,Dr. Cynthia Warner,Garner-Allen,Treatment: Administered supplements for maternal health and fetal development.',Continue wall heart amount. Change treat when eat everyone soon.,Pay contain do impact away.,45782,Cooper-Shelton,Approved,(698)330-0541x616,Ellis-Jones,Mental Health Care,0e8a302a-3ccd-47b9-81cb-fb42ff920cbf,Corporate,20-04-2023,55137,789,08-02-2020,09-07-2023,GB08TYDT73164148777297,0e8a302a-3ccd-47b9-81cb-fb42ff920cbf,Yolanda Vazquez,"0821 Sandra Lodge Suite 153 South Bobby, TN 11445",800-953-5606x0526,jamesstrickland@crane.net,Yes,03-05-2023,486,Yes,Comprehensive Health Plan
c62edec0-154e-41a2-86ce-8b87be28574c,CPT-86201,Monthly,14802cfd-44ad-4964-ab27-2f8f2e399c6e,90329,Dr. Anthony Rhodes,Kirby PLC,Treatment: Conducted routine check-up and prescribed vitamins.',Case board free scientist glass example speech.,Others dark his former citizen.,90677,Wyatt-Morgan,Rejected,672-716-9860x52401,"Lewis, Morris and Vasquez",Hospitalisation Benefits,cefd4ef1-d583-4402-b1d5-12036068e4b9,Individual,26-05-2024,92931,154,16-04-2024,29-03-2025,GB49IYKR16188587153108,cefd4ef1-d583-4402-b1d5-12036068e4b9,Rita Hancock,"246 Harris Camp South Jenniferhaven, VA 85831",(887)368-0932x021,david85@gmail.com,Yes,17-09-2022,9561,Yes,Senior Citizen Health Insurance Plans
6dc6780f-39bd-4511-82ce-783e6ac749df,CPT-61820,Quarterly,e2d324c2-6cfd-4ef1-9ea9-f1afe442726c,46844,Dr. Michaela Hays,"Brown, Skinner and Martinez",Treatment: Provided cardiac rehabilitation and prescribed medications for recovery.',Everyone step indeed study include. Give individual upon.,Skill one political job chair sea.,54388,Thompson Inc,Rejected,126.167.1833x8401,"Dixon, Taylor and Kirby",Critical Disease Specific Plans,188d2bec-1dd8-48fd-9130-217d4267e575,Family,02-10-2024,46897,995,19-09-2024,03-05-2025,GB65WESY04795725461269,188d2bec-1dd8-48fd-9130-217d4267e575,Rachel Mcmillan,"89068 Mills Station Mccarthyberg, WA 28052",995-471-9657x97014,codywarren@yahoo.com,Yes,20-08-2022,1719,No,Disease-Specific Health Insurance Plans
0a045683-2ee4-4d65-934a-445633c3f87a,CPT-24049,Quarterly,57762fb4-417f-4435-a519-0815a384fa3a,60006,Dr. William Fowler,Weaver-Robbins,Treatment: Administered supplements for maternal health and fetal development.',Evening tonight analysis test indeed play daughter. Nor loss individual degree.,Soon risk shoulder fast.,90578,Boyd Ltd,Approved,4290354369,"Jenkins, Hunter and Greer",Cardiovascular Health,88430cdd-75e4-4543-980f-8d3abb886fdb,Family,16-11-2024,88745,560,28-07-2024,10-10-2025,GB75HXXQ29468125286564,88430cdd-75e4-4543-980f-8d3abb886fdb,Marcus Osborne,"68678 Nicole Land Lake Matthewside, NM 97304",(086)445-1538x168,brookefrost@haley.biz,Yes,25-01-2022,8928,Yes,Senior Citizen Health Insurance Plans
48adc5ae-b388-4ce1-9edd-d9e01c0c7370,CPT-88343,Quarterly,c6788818-66c5-4ff6-b259-2b61753dfe45,66122,Dr. Amber Reilly,Black-Lowery,Treatment: Administered bronchodilators and oxygen therapy for chronic obstructive pulmonary disease (COPD).',Even effect property put read gun.,Realize a watch bar.,97925,"Benjamin, Bailey and Gordon",Approved,+1-241-276-2544x9289,Gomez-Russell,Skin and Dermatology Care,622e397d-7794-41d8-824b-15b79e67b73e,Family,02-08-2024,53487,569,03-05-2022,24-02-2025,GB70UVFW35060288817906,622e397d-7794-41d8-824b-15b79e67b73e,Shannon Reed,"823 Christine Plains Laneshire, ID 09275",291-191-5910x9709,bauertammie@yahoo.com,Yes,04-02-2025,6635,Yes,Comprehensive Health Plan
689394a7-0198-4064-b90b-c720cc676094,CPT-96865,Annually,eab8b98c-960e-461c-853f-91dda8976a85,77009,Dr. Ann Larson,Cuevas PLC,Treatment: Managed acute pulmonary embolism through anticoagulation therapy under close supervision.',Event design let between actually. Body future once team.,Kitchen civil national.,50532,Lloyd-Perez,Rejected,180-822-0320,"Farmer, Vazquez and Jenkins",Includes Yearly Medical Check-Ups,9ed90f3f-43b5-4873-906e-6de607735147,Individual,14-03-2022,57758,842,17-11-2020,19-06-2022,GB55IPRQ54802431699008,9ed90f3f-43b5-4873-906e-6de607735147,Lisa King,"13481 Jones Parks New Douglas, UT 55902",252.295.4623x3515,dominguezbrittany@hart.com,Yes,04-11-2022,6993,No,Senior Citizen Health Insurance Plans
c80743f8-c3e9-4e48-8a8c-10a69c860e30,CPT-39378,Quarterly,b01c567d-2675-4e8c-b636-ad87573b83b4,32505,Dr. Sandra Bennett,Jones-Logan,Treatment: Administered post-operative care for valve replacement surgery.','Admission Start Date:20-05-2023; Admission End: 07-08-2024; Treatment: Treatment: Administered post-operative care for valve replacement surgery.'',Again laugh game popular health food use start.,78323,Morris-Hanna,Rejected,6230497306,Atkinson-Brown,Critical Disease Specific Plans,e750abd7-924e-4da9-86dc-75100423328a,Individual,09-02-2025,91419,305,06-01-2025,18-04-2025,GB46MQIY36532799980173,e750abd7-924e-4da9-86dc-75100423328a,Cody Weber,"926 Anthony Radial Suite 630 North Marissachester, MT 05339",5559076180,znguyen@hotmail.com,Yes,20-05-2023,4840,Yes,Disease-Specific Health Insurance Plans
5e4dd9b8-ccce-4189-8794-da8747829619,CPT-75956,Quarterly,4f9c8d39-a6c9-4678-ae81-c60bfdf0a308,61081,Dr. Lisa George,Olson-Williams,Treatment: Administered post-operative care for valve replacement surgery.','Admission Start Date:27-04-2023; Admission End: 09-11-2023; Treatment: Treatment: Administered post-operative care for valve replacement surgery.'',Tell experience two likely score task president.,49292,Butler PLC,Rejected,839.650.0150,Mcclain Ltd,Maternity Benefits,d33b1f66-2ac2-4d82-8fe3-3da919dfb296,Corporate,28-05-2023,32992,795,29-08-2021,07-12-2023,GB27AKAD87843246084502,d33b1f66-2ac2-4d82-8fe3-3da919dfb296,Tiffany Sanchez,"1332 Daniel Haven South Angelaland, LA 42291",768-430-2956x6874,reedrobert@hotmail.com,No,27-04-2023,5813,Yes,Comprehensive Health Plan
4f4eb0ea-c409-420e-a7fe-961f7eddb6e0,CPT-56339,Annually,b038d56d-e7ef-44d8-ac69-22cb8ae65eed,34860,Dr. Colton Lester,Moore Group,Treatment: Assessed pre-surgery and provided comprehensive eye care instructions.','Admission Start Date:20-02-2021; Admission End: 10-03-2024; Treatment: Treatment: Assessed pre-surgery and provided comprehensive eye care instructions.'',Church may or same eight.,22286,Taylor LLC,Rejected,764-126-0360,Moore-Frank,Critical Disease Specific Plans,ca4e8a41-e320-42a6-b23f-822b7809f56d,Family,09-02-2025,46777,438,26-12-2024,04-05-2025,GB29XDAE34473811799677,ca4e8a41-e320-42a6-b23f-822b7809f56d,Jill Graves,"3132 Taylor Meadow Suite 498 Bryanmouth, NY 17601",+1-315-364-7154x1337,maria28@gmail.com,Yes,20-02-2021,5856,No,Disease-Specific Health Insurance Plans
008381b6-0b85-4d67-ac5a-dac4976b3517,CPT-45170,Annually,cf9adda3-2dca-4b63-a5d9-0d0f5ae4c593,39965,Dr. James Wells,"Bell, Klein and Delgado",Treatment: Administered post-operative care for valve replacement surgery.','Admission Start Date:30-06-2022; Admission End: 24-02-2024; Treatment: Treatment: Administered post-operative care for valve replacement surgery.'',Ready different might role turn.,83,Kelly Inc,Approved,7802176675,Porter-Hicks,Hospitalisation Benefits,beaf4fe4-eabc-415c-9e98-9ef8addacfbc,Individual,28-10-2024,76956,609,01-09-2024,28-10-2024,GB45VLJF65070624344284,beaf4fe4-eabc-415c-9e98-9ef8addacfbc,Brett Greene,"6845 Campbell Avenue North Elizabethchester, WI 13738",+1-369-817-6846x982,macdonaldjenna@gmail.com,Yes,30-06-2022,1092,Yes,Senior Citizen Health Insurance Plans
411f241a-f968-45c7-b322-fc70f71e6437,CPT-90281,Quarterly,756465ff-86a3-4387-9ebc-51ef3f7418ea,35286,Dr. Teresa Mcmahon,Moore-Davis,Treatment: Provided intravenous fluids and electrolyte therapy for severe dehydration.',View will responsibility catch world you interest. List hand mean social.,Mention necessary purpose.,85261,"Nicholson, Hodges and Thomas",Approved,010-081-9023x17020,"Marks, Johnson and Morris",Dental Treatment Coverage,bcbfadd4-4c99-4dcb-b7e2-204b2ae89df5,Corporate,24-10-2023,30332,578,13-02-2020,23-06-2024,GB75CDGN00874521950532,bcbfadd4-4c99-4dcb-b7e2-204b2ae89df5,Vicki Massey,"8339 May Lakes Suite 743 Port Aaronburgh, ND 60226",-10801,ihawkins@hotmail.com,No,03-05-2024,2901,No,Senior Citizen Health Insurance Plans
d2daa07e-1485-434c-ae5a-ff906620d799,CPT-72097,Annually,af61354e-4735-4e5f-8a56-768feb2372c5,89897,Dr. Rebecca Stokes,"Johnson, Chen and Jackson",Treatment: Vi',Whose change listen firm. Standard leader major role all.,Campaign never wall ground exist others.,99023,"Mclaughlin, Anderson and Gross",Approved,(107)987-6241,Wu Group,Critical Disease Specific Plans,fbdf9216-d1e9-441e-929a-58f14497ca52,Individual,26-01-2022,65310,249,03-04-2020,04-01-2023,GB64CRVC89979806044805,fbdf9216-d1e9-441e-929a-58f14497ca52,Caitlin Gilmore,"1368 Juarez Burg New Sandra, NV 60471",(575)627-2057,acostatanner@gmail.com,No,16-12-2020,1495,No,Disease-Specific Health Insurance Plans
e361d5de-1be5-4869-ba9f-0da905bde62f,CPT-24014,Quarterly,d8bcf9e6-3c9e-49e2-9dd1-fb7e6d423692,44583,Dr. Amy Ramirez,"Hopkins, Lewis and Beard",Treatment: Conducted surgical intervention for lung cancer patients.',Final effect manager leader my. Kitchen professional believe voice under.,Address people teach out situation suddenly.,93585,Murphy Group,Approved,001-328-196-9404x85807,Dixon Group,Protection from Growing Medical Expenses,ee42e324-8b1b-4fa1-80cc-f130a3bdec0b,Individual,01-12-2020,79020,503,10-06-2020,20-07-2021,GB95VXYV51882426162321,ee42e324-8b1b-4fa1-80cc-f130a3bdec0b,Mary Smith,"710 Diaz Ville East Vanessa, CT 50138",+1-798-088-9497x5607,webermichael@jones.com,No,05-04-2023,3068,Yes,Senior Citizen Health Insurance Plans
92b4c5f6-c5a3-4ff6-be28-5ebc3882bb38,CPT-22166,Monthly,3d98d5bf-e3e3-4933-9bc6-2ac8aee58de5,64403,Dr. James Stevenson,Williams and Sons,Treatment: Managed complications of chronic kidney disease through hospitalization and dialysis sessions.','Admission Start Date:07-09-2020; Admission End: 26-04-2024; Treatment: Treatment: Managed complications of chronic kidney disease through hospitalization and dialysis sessions.'',For growth require now nearly.,67285,Todd-Rocha,Approved,157.975.9224x01670,"Baldwin, Brown and Brock",Cardiovascular Health,79aa3960-e008-4b74-9452-5eb6faf37523,Family,31-03-2024,68775,353,02-02-2023,14-11-2024,GB35PPOU02139597853157,79aa3960-e008-4b74-9452-5eb6faf37523,Kathryn Williams,"393 Morris Coves East Johnside, ME 73302",-3070,craig46@bender-morgan.com,Yes,07-09-2020,1914,Yes,Senior Citizen Health Insurance Plans
9d407169-7f63-4248-a2a9-b030f1810758,CPT-33783,Annually,fc1b7393-d5f6-496a-96db-8b6c79eb739d,19875,Dr. Judy Warren,"Lee, Hudson and Ryan",Treatment: Administered peritoneal dialysis and provided post-treatment counseling.','Admission Start Date:29-04-2023; Admission End: 30-07-2025; Treatment: Treatment: Administered peritoneal dialysis and provided post-treatment counseling.'',You fall really turn.,71096,Nguyen LLC,Rejected,442.276.7837x2651,"Lawson, Cox and Murphy",Includes Yearly Medical Check-Ups,cd10d3bf-b764-4e07-b8e9-6b30f63777de,Family,15-10-2024,46467,758,10-12-2023,20-08-2025,GB33ZYXL08835184117864,cd10d3bf-b764-4e07-b8e9-6b30f63777de,Mary Murphy,"62487 Jeffrey Island Suite 534 Castillofort, ID 00724",172-002-6716,fcollins@hotmail.com,No,29-04-2023,6124,No,Comprehensive Health Plan
ea9fc0bb-4b5c-45dd-af0d-882c5fea9cdb,CPT-65350,Quarterly,d5ce5901-99ea-47c8-a75b-d996d80807f2,42960,Dr. Michael Rojas,"Hunter, Vang and Mcconnell",Treatment: Conducted angioplasty and monitored for complications.',Technology fine attention.,Former when between team day.,87837,"Mckenzie, French and Martin",Approved,+1-306-286-6427x67446,Brown Inc,Respiratory Health,32bbe814-fbaa-423b-949c-01abd6bbcbc3,Corporate,11-10-2023,23047,387,12-01-2023,02-07-2024,GB56SROB75686975416445,32bbe814-fbaa-423b-949c-01abd6bbcbc3,Maureen Copeland,"977 Jo Drive Apt. 151 West Johnstad, HI 94541",988.670.9315x396,brandtbarbara@yahoo.com,No,13-12-2022,808,Yes,Senior Citizen Health Insurance Plans
ccdbc48e-cdae-411e-beae-8e9f569b7963,CPT-61798,Quarterly,342f66d1-4a14-4550-b512-8b72e3bdc05b,43154,Dr. Omar Wright,Mays and Sons,Treatment: Provided prenatal care and routine ultrasound monitoring.',Old several economy she.,His carry middle or leader.,34616,"Lee, Jackson and Bauer",Approved,001-613-215-8100x94807,"Wolfe, Neal and Lynch",Skin and Dermatology Care,7c671cf0-c835-46a8-89da-81a33cbd02be,Individual,12-02-2021,73336,519,21-01-2020,15-06-2021,GB29XCPG41104011151586,7c671cf0-c835-46a8-89da-81a33cbd02be,William Allen,"15218 Paul Freeway East Larrychester, IL 29337",-4889,andrewjohnson@hotmail.com,Yes,28-01-2025,8562,No,Comprehensive Health Plan
cf410b10-f0e7-4a21-814d-38ce4a31cbc0,CPT-88054,Annually,2343f2ef-ad93-475d-8160-f2f1d014524e,92342,Dr. Alyssa Smith,Lambert Group,Treatment: Performed coronary artery bypass surgery successfully.','Admission Start Date:21-09-2021; Admission End: 29-12-2021; Treatment: Treatment: Performed coronary artery bypass surgery successfully.'',Half should all now baby us likely.,93750,"Davis, Baker and Wells",Rejected,905.423.6868x14119,Roberson-Burton,Protection from Growing Medical Expenses,da5cd79c-e60b-4a92-96ec-134e1a13ceed,Corporate,26-08-2021,9887,71,20-03-2021,09-04-2022,GB15LUFQ12848718641088,da5cd79c-e60b-4a92-96ec-134e1a13ceed,Eric Valencia,"810 Sandra Pike New Ryanmouth, OH 83311",001-568-035-1358,pnunez@hotmail.com,Yes,21-09-2021,8234,No,Senior Citizen Health Insurance Plans
85557ca2-4e87-4826-aa47-0a60d512d850,CPT-52318,Quarterly,02c03c09-d595-437f-ab4c-61f0a1d7563e,14908,Dr. Judy Hancock,Rice LLC,Treatment: Administered antibiotics for infection control.',Experience stand parent adult group beyond still.,Mouth heavy attorney save.,28373,Combs and Sons,Approved,908.474.9987,Powell-Garcia,Critical Disease Specific Plans,a702477d-f5bb-49b4-818d-bd8495ebb9d8,Corporate,20-01-2025,80661,990,08-03-2023,31-08-2025,GB15ZSWK67360151305006,a702477d-f5bb-49b4-818d-bd8495ebb9d8,Aaron Escobar,"54263 Harris Road Hoganfurt, HI 21955",015.091.9850,aaron71@hotmail.com,No,10-02-2024,7435,No,Disease-Specific Health Insurance Plans
4a4cfa55-c70c-4d6b-bd68-ba2d3c6cb119,CPT-70376,Annually,681ef4da-4c50-4c0f-81ba-bc5449d19b82,42597,Dr. Kim Gonzales,Schmidt-Morris,Treatment: Conducted routine check-up and prescribed vitamins.',Management sense nor course assume whole while. Lead nice middle his focus fund population.,Skin follow dinner way physical sit.,73902,Rodriguez-Owens,Rejected,+1-212-193-0783x9773,Myers Ltd,Hospitalisation Benefits,775ab004-415c-4f37-b530-b589546f12a2,Family,03-11-2024,71378,317,08-06-2023,28-06-2025,GB31SODY78916904282338,775ab004-415c-4f37-b530-b589546f12a2,Elizabeth Garza,"0753 Patricia Prairie Port Emily, OH 30368",(872)235-0016x2252,william89@thompson-jensen.biz,No,26-03-2022,3237,No,Comprehensive Health Plan
75f2de42-3723-4eb7-a8a5-1d12f2b9a610,CPT-66556,Annually,f3aa5ec7-fe92-44e0-8e94-48ac53251df3,77165,Dr. Jodi Bullock,Davis-Moss,Treatment: Administered post-operative eye drops and advised on vision recovery.',Garden exactly prepare executive forward.,Occur him though public seem camera.,99089,Mcknight-Norton,Approved,306-110-3212x2248,Owens Inc,Includes Yearly Medical Check-Ups,9b4f14b0-b05c-4057-8c6c-147ebb7bb92c,Family,07-03-2025,97006,467,24-02-2020,14-04-2025,GB86RJEI82066020886180,9b4f14b0-b05c-4057-8c6c-147ebb7bb92c,Jennifer Adams,"690 Nelson Lodge Curtisport, ND 17245",001-444-840-4193x00500,rebecca15@jackson.com,No,09-01-2020,9220,Yes,Comprehensive Health Plan
3ff0d977-fb0a-4f30-9764-12e39bef2514,CPT-56260,Quarterly,f6b00364-bb17-407d-97c9-af7b3febf2ae,34851,Dr. Susan Johnson,"Campbell, Cook and Harmon",Treatment: Managed complications of chronic kidney disease through hospitalization and dialysis sessions.','Admission Start Date:18-10-2024; Admission End: None; Treatment: Treatment: Managed complications of chronic kidney disease through hospitalization and dialysis sessions.'',Cost nature second morning.,16589,Walker-Hendricks,Approved,-1951,"Hayes, Garrison and Fox",Hospitalisation Benefits,14745611-c122-4fe0-befe-d9189447bf09,Individual,18-01-2023,39946,460,09-12-2022,07-05-2023,GB03AOMO74534392606893,14745611-c122-4fe0-befe-d9189447bf09,Cynthia Bates,"113 Dickerson Shore Moorehaven, CO 37179",(296)893-8421x2301,isaacfowler@gmail.com,No,18-10-2024,407,Yes,Senior Citizen Health Insurance Plans
0674c794-ce87-4572-b5e8-c33494e05e71,CPT-31620,Quarterly,5c466e09-84da-401b-b1e4-b73a66779590,19351,Dr. Lisa Wolf,Chase-Coleman,Treatment: Conducted hospital-based monitoring for critical dengue shock syndrome cases.','Admission Start Date:08-05-2023; Admission End: 02-10-2024; Treatment: Treatment: Conducted hospital-based monitoring for critical dengue shock syndrome cases.'',Thing court story opportunity understand.,45086,Lee Ltd,Approved,001-987-602-6654x244,"Smith, Thomas and Schroeder",Critical Disease Specific Plans,bd957cde-0574-4e85-bcc5-6d21cd4612e8,Individual,17-05-2024,98931,902,19-08-2021,03-10-2024,GB39ZJVF28529221186041,bd957cde-0574-4e85-bcc5-6d21cd4612e8,Christy West,"0937 Fox Key Port James, TN 11091",(457)928-3270,johnknight@gmail.com,No,08-05-2023,7119,No,Disease-Specific Health Insurance Plans
68867688-e837-47ae-874a-a9c638531dd8,CPT-68645,Quarterly,f783df25-78b2-4047-bc35-2449b0a1e378,34379,Dr. Edward York,Munoz-Murphy,Treatment: Conducted follow-up after laser cataract surgery.Monitored and managed platelet count through blood transfusion during dengue fever.','Admission Start Date:03-09-2020; Admission End: 01-11-2024; Treatment: Treatment: Conducted follow-up after laser cataract surgery.Monitored and managed platelet count through blood transfusion during dengue fever.'',Wait consumer seven college.,76326,Sanders-Hahn,Approved,(859)380-8592x00602,"Greene, Rogers and Morris",Protection from Growing Medical Expenses,62f00ef9-0b6e-49c4-8869-42ac7f3ce2bd,Corporate,22-11-2024,41584,454,22-07-2024,02-01-2025,GB12VUVI22410999790694,62f00ef9-0b6e-49c4-8869-42ac7f3ce2bd,James Pena,"39962 Newton Cliffs Apt. 211 West Marvinbury, WV 22450",517.070.4552,hornemichael@gmail.com,Yes,03-09-2020,1812,Yes,Senior Citizen Health Insurance Plans
bf837369-5ec4-41ac-9083-f4246136cd22,CPT-48073,Monthly,a8190ed5-23ed-43ea-846a-5389de950d43,52896,Dr. Anthony Conrad,"Ware, Miller and Wheeler",Treatment: Performed minor surgery for injury repair.','Admission Start Date:15-01-2024; Admission End: 02-12-2024; Treatment: Treatment: Performed minor surgery for injury repair.'',Candidate executive eat author five raise record.,25020,Brown-Vargas,Approved,553.312.7149,Durham-Williams,Diabetes-Specific Benefits,ab12680e-0d1b-46b2-ba89-99da89b4eb3c,Corporate,25-06-2024,29821,63,08-03-2024,21-02-2025,GB02LTFF40924727127644,ab12680e-0d1b-46b2-ba89-99da89b4eb3c,Melissa Brown,"98871 Andrew Mountains Apt. 057 Lake Michael, AZ 12952",104-552-8127x136,chernandez@hotmail.com,Yes,15-01-2024,1146,Yes,Senior Citizen Health Insurance Plans
d7268e50-2770-44ed-a173-e653627ddac8,CPT-75372,Quarterly,2031b68f-adef-45b8-8a81-8a5e8ce1644b,74018,Dr. Kyle Hart,"Powell, Clarke and Kim",Treatment: Conducted postpartum evaluation and counseling on lactation.',Source everyone sound agree each wear because. Political organization house through ask across.,Television recently eight large chair loss nice.,13935,"Gillespie, Stephens and Hall",Rejected,709-374-9759,"Little, Cobb and Carney",Cardiovascular Health,1d5141de-042c-4e33-ac08-2b0ec3f3168d,Family,10-02-2025,42549,384,04-11-2024,25-08-2025,GB76VTNG97310510695028,1d5141de-042c-4e33-ac08-2b0ec3f3168d,Shelly Davila,"722 Garcia Walk Apt. 302 Lake Rachelport, WI 45759",777-615-9233x90313,meyersnicole@hotmail.com,No,04-04-2021,6263,Yes,Senior Citizen Health Insurance Plans
d4784aef-da43-432f-af84-91b572ae0a6e,CPT-53899,Monthly,3e16eb1c-61c7-4092-8ffd-9597f3cc3897,57426,Dr. Anthony Travis,"Jacobson, Roberts and Mcknight",Treatment: Provided physiotherapy for mobility improvement.',Employee ok education carry use best trouble.,Safe attorney former team our.,56624,Foster-Reyes,Approved,522-343-8289,Bush-Carey,Eye and Vision Care,8551318d-89a0-401f-b002-736cae1f8a2d,Corporate,18-02-2025,73219,825,04-05-2022,11-02-2026,GB31RUWI42266612701719,8551318d-89a0-401f-b002-736cae1f8a2d,Kari Newman,"2567 Hanson Stream Suite 024 South Peterside, OR 50382",001-868-472-5329x9816,lukebrown@murphy.com,No,14-09-2022,4371,No,Comprehensive Health Plan
6fe9cfb9-105a-49fc-8e06-395e5743ecb7,CPT-81199,Quarterly,ad4b8b73-5828-464f-8800-75a5c482388e,10096,Dr. Isabella Brown,Clarke Ltd,Treatment: Administered pain relief for post-operative recovery.',Enjoy society staff trade look happy.,Moment to old establish recent.,18735,Johnson-Lawrence,Approved,(643)248-9661,Schmitt-Diaz,Includes Yearly Medical Check-Ups,fd79e7fb-276e-4221-86d2-29db9c46a4cb,Individual,31-10-2024,35346,221,14-01-2021,07-03-2025,GB19DIHL89227108619216,fd79e7fb-276e-4221-86d2-29db9c46a4cb,Rebecca Hamilton,"38626 Karen Flat Suite 910 Colinstad, VA 24145",+1-126-798-0341x96030,dosborne@raymond-brennan.net,No,13-01-2023,2030,Yes,Comprehensive Health Plan
141c0a71-c4b0-417d-a9ad-b471cefd8a90,CPT-22675,Monthly,1d4179b6-9c1f-46cc-b8aa-3adb0dada58b,75282,Dr. Dr. Marc Thompson,Calderon and Sons,Treatment: Performed minor surgery for injury repair.','Admission Start Date:14-06-2020; Admission End: 25-02-2023; Treatment: Treatment: Performed minor surgery for injury repair.'',Dog build edge we wrong table.,42384,Smith-Salazar,Rejected,711.281.9108x846,"Gonzalez, Johnson and Wright",Critical Disease Specific Plans,23583b08-bb35-4288-b809-ed0fbb1c9bbd,Family,23-04-2022,30771,229,04-04-2022,01-03-2023,GB24TILP56585426687242,23583b08-bb35-4288-b809-ed0fbb1c9bbd,Samuel Perez,"878 Billy Well Elizabethberg, MT 66325",795-484-8161x042,vsanchez@hotmail.com,No,14-06-2020,1448,No,Disease-Specific Health Insurance Plans
0c19138e-f20c-432e-8cd3-be8ea0c7cce6,CPT-33892,Quarterly,a83f7ba7-710d-4f4f-8962-47294cc525ec,99704,Dr. Ronald Mcbride,Jackson-Reed,Treatment: Vi',Fly sort rock. Blue cover put officer assume challenge.,Job call vote example theory four identify.,89895,Wright LLC,Approved,001-076-865-9714x9887,Scott-Frazier,Critical Disease Specific Plans,7808537b-ea98-466b-a813-64da7660bd99,Individual,21-01-2023,42171,44,08-01-2022,23-01-2023,GB08CKJD20650661194688,7808537b-ea98-466b-a813-64da7660bd99,Elizabeth Smith,"27130 Thomas Stream North Douglasview, WY 49824",862.371.6499x0861,beltransteven@gmail.com,Yes,16-07-2020,6604,No,Disease-Specific Health Insurance Plans
9c8c0049-a178-4ca6-91fc-c2181d754be1,CPT-43039,Annually,0fb93219-0092-48d8-a88b-e69c733dd993,81159,Dr. Patrick Nguyen,Foley LLC,Treatment: Provided physiotherapy for mobility improvement.',Fast heavy about.,Choice key factor onto second.,76974,Tapia Group,Approved,001-835-981-0405,Ryan Group,Eye and Vision Care,9dbb99cb-5fec-4818-81f8-0c1bf59403b2,Individual,16-11-2023,88053,688,30-04-2021,22-08-2024,GB15RAGD21400816750253,9dbb99cb-5fec-4818-81f8-0c1bf59403b2,Daniel Camacho,"0022 Morgan Viaduct East Barbara, SC 59125",001-073-043-9448x31924,gomezeric@miller.com,No,04-11-2020,2737,Yes,Comprehensive Health Plan
0cfb0caa-5c00-4c35-88df-239c7a0fffed,CPT-19327,Monthly,c05af4f1-8e3a-484e-af04-af33bbf0773d,60362,Dr. Jennifer Mejia,Morgan-Rowland,Treatment: Performed coronary artery bypass surgery successfully.','Admission Start Date:26-03-2021; Admission End: 27-08-2021; Treatment: Treatment: Performed coronary artery bypass surgery successfully.'',Include summer support.,25642,"Bailey, Burgess and Nixon",Rejected,+1-051-965-5408x9371,Davidson-Torres,Eye and Vision Care,8ab7bcb3-f64c-471a-bd07-79d1a1db2f68,Family,11-01-2022,47396,264,11-02-2021,23-06-2022,GB05EBBD14616251816803,8ab7bcb3-f64c-471a-bd07-79d1a1db2f68,Rachel Martinez,"62833 Susan Mission Apt. 918 New Lauren, MA 83700",001-306-931-9079,hawkinsjeffrey@yahoo.com,No,26-03-2021,3825,No,Comprehensive Health Plan
d449177b-9f86-4a1d-ad2f-93a180a8ef63,CPT-23399,Quarterly,1be33e52-6718-412a-a875-ef862220685d,37461,Dr. Timothy Patterson,Gardner Inc,Treatment: Provided intravenous fluids and electrolyte therapy for severe dehydration.',Single in peace skill.,Happen church despite animal poor mouth coach.,15900,Perkins-Combs,Rejected,+1-545-476-0282x4317,Moody Inc,Maternity Benefits,e59a17e4-6ab9-4215-b337-4415192a4aab,Corporate,13-03-2024,69616,326,22-05-2023,05-12-2024,GB26LSQQ96954564883217,e59a17e4-6ab9-4215-b337-4415192a4aab,Mary Brown,"952 Reynolds Tunnel North Candace, ME 06136",(070)808-9200,rphillips@gmail.com,No,17-06-2024,948,No,Comprehensive Health Plan
3fd67521-13bb-4ee6-8131-6b9f8980cefb,CPT-75974,Monthly,2ae4922e-32ba-4fb7-9656-afcbc108a1a4,38165,Dr. John Houston,"Burns, Stone and Bradshaw",Treatment: Administered pain relief for post-operative recovery.',Also single behind someone religious happy argue. Business often out stand.,We defense physical grow read cause apply.,71267,Hughes Ltd,Rejected,-3294,Chase LLC,Critical Disease Specific Plans,8d53ca70-0df2-4d54-b62b-6a5730d93793,Individual,27-05-2022,946,499,16-02-2022,11-12-2022,GB78UEYM08885946172955,8d53ca70-0df2-4d54-b62b-6a5730d93793,Amber Roberts,Unit 4981 Box 0397 DPO AE 42728,546.230.0606,josephcraig@yahoo.com,No,29-07-2021,6920,No,Disease-Specific Health Insurance Plans
1d42cb11-fd3c-4438-a1e9-bdbe81dd38a5,CPT-12060,Annually,48a12288-11e6-4e14-8db3-3682739fc715,93445,Dr. Rebecca Romero,"Owens, Lopez and Simmons",Treatment: Conducted follow-up after laser cataract surgery.Monitored and managed platelet count through blood transfusion during dengue fever.','Admission Start Date:01-01-2024; Admission End: None; Treatment: Treatment: Conducted follow-up after laser cataract surgery.Monitored and managed platelet count through blood transfusion during dengue fever.'',Responsibility war difference mouth him.,28669,Sullivan PLC,Rejected,834-746-6552x738,"Gill, Wood and Hutchinson",Hospitalisation Benefits,cad250ac-ecca-4fed-b390-3b8842c3a361,Family,18-05-2023,57918,758,25-01-2020,12-09-2023,GB81IDPD76357467048835,cad250ac-ecca-4fed-b390-3b8842c3a361,Ruth Scott MD,"13541 Bates Crest Gwendolynberg, KS 38743",308-841-7678x62624,smithchristine@walker.com,Yes,01-01-2024,738,Yes,Comprehensive Health Plan
5eab3ab9-ac72-4e30-85ca-a03e2331eb1d,CPT-17599,Monthly,611f2040-959e-42eb-92af-3fc9c3fe069c,14869,Dr. Tiffany Gross,Johnson-Dunn,Treatment: Conducted angioplasty and monitored for complications.',Weight not catch. Window appear open but probably too.,Old song service son at source.,38141,"Daniel, Jackson and Ellis",Approved,007.176.3998x4641,"Thomas, Wilson and Brooks",Hospitalisation Benefits,91b8d912-2938-49d3-bae6-bc959838d4af,Family,05-09-2024,8009,840,10-08-2023,23-05-2025,GB83EQFB36359618215974,91b8d912-2938-49d3-bae6-bc959838d4af,Steven Scott,"6733 Rodriguez Parkway Apt. 320 Joyfort, CO 68198",6239029590,clarkmichael@dixon-smith.com,No,02-10-2024,5117,No,Comprehensive Health Plan
daa0314a-44c6-4f36-859c-ffaa60736106,CPT-61557,Quarterly,f8521685-1829-4e4e-b201-5efa612d35a4,60597,Dr. Joseph Hernandez,"Gutierrez, Mccoy and Bell",Treatment: Administered antipyretics and managed symptoms of dengue hemorrhagic fever.','Admission Start Date:06-07-2024; Admission End: 29-11-2024; Treatment: Treatment: Administered antipyretics and managed symptoms of dengue hemorrhagic fever.'',Particularly crime interesting design beautiful.,99753,Stone Inc,Rejected,001-461-774-6405x0510,Bryant-Moran,Cardiovascular Health,8e9eee4a-eec7-43a9-9397-6812a43664a4,Corporate,06-06-2024,89791,118,30-06-2021,02-12-2024,GB95NLDP83817492731968,8e9eee4a-eec7-43a9-9397-6812a43664a4,Jessica Church,USCGC Lawrence FPO AE 48586,(522)145-7742,bakerbriana@chase.com,Yes,06-07-2024,5906,Yes,Senior Citizen Health Insurance Plans
de261e64-495c-4651-a7bc-7bdb78a07dd6,CPT-86672,Quarterly,2ce7f218-494b-4a2d-9c1c-28236b4abe61,38155,Dr. Steven Tucker,Thompson Group,Treatment: Conducted angioplasty and monitored for complications.',Experience receive huge we skill poor performance. Rich one audience.,Know hold feeling me create indicate in.,58776,"Howard, Fitzgerald and White",Approved,092.490.0734,Edwards-Mendoza,Dental Treatment Coverage,88722651-10c9-4e83-9342-d410af729d43,Corporate,22-07-2021,92682,22,29-05-2021,03-07-2022,GB25RSXI52873383471454,88722651-10c9-4e83-9342-d410af729d43,Douglas Graham,"3083 Jones Viaduct West Jeffreyhaven, CT 49389",886.910.1603x355,rbates@gmail.com,Yes,13-01-2022,425,No,Senior Citizen Health Insurance Plans
ea84490d-01df-41ed-96d4-56a7b473d663,CPT-32415,Monthly,0936b5b7-a217-44fc-b507-318ca3a385a5,53244,Dr. Scott Powell,"Green, Munoz and Garza",Treatment: Assisted with delivery and provided neonatal care.',Party thousand decide now southern suffer value. Record especially yourself.,Ball into bill somebody case part.,7720,Martin Ltd,Rejected,(986)778-9658x1156,Ho-Ruiz,Maternity Benefits,a3245c26-36c5-4060-9b17-9c18ad8b8d76,Family,04-07-2024,40411,59,30-06-2023,06-09-2024,GB55WBBW29178100262314,a3245c26-36c5-4060-9b17-9c18ad8b8d76,John Rich,"316 Robin Passage Apt. 933 South Kevinbury, PA 66408",(977)803-9670,ryan32@gmail.com,Yes,15-08-2021,8599,Yes,Comprehensive Health Plan
9814ef9e-9187-447c-b414-7df6d433fd7c,CPT-36791,Quarterly,b134e1a4-29f1-47dc-b4af-7329de9cbfe9,20602,Dr. Alexandria Blackwell,Haney and Sons,Treatment: Provided intravenous fluids and electrolyte therapy for severe dehydration.',Line think poor production. Clearly special if answer.,Risk business lay that second.,55386,Simpson Ltd,Approved,551.692.1196,"Koch, Walker and Brown",Cardiovascular Health,9063d3c0-51b7-4994-a894-c326f1518fd2,Corporate,03-11-2024,12310,404,31-01-2021,08-05-2025,GB33RMKW46997912783218,9063d3c0-51b7-4994-a894-c326f1518fd2,Lawrence Davis,"30244 Jones Hill Charlesview, NH 25235",+1-742-268-5423x80158,llawson@gonzalez.biz,No,09-07-2020,3965,No,Senior Citizen Health Insurance Plans
ac10d32d-ea1d-47b3-851b-35f822b558ba,CPT-70350,Monthly,c07cd061-2b49-403b-8963-73bd32398f81,33803,Dr. John Clayton,Guzman-Herrera,Treatment: Conducted postpartum evaluation and counseling on lactation.',Travel play traditional value kind little western under. Stop office decision pattern organization ask check.,Myself detail into read.,63902,Clark and Sons,Approved,226-182-1918,Smith PLC,Diabetes-Specific Benefits,1905476c-a347-48cb-89cc-4c33819f1f42,Corporate,14-09-2024,69663,158,08-04-2024,24-11-2024,GB96NHTY37995652058509,1905476c-a347-48cb-89cc-4c33819f1f42,Vanessa Donovan,"7887 William Pines Lake Shellymouth, MD 92117",042-026-9456x657,frankschroeder@cline.info,No,22-08-2022,9825,Yes,Senior Citizen Health Insurance Plans
d0f819df-d6d0-4cee-b008-ba85a873035f,CPT-63866,Quarterly,224d91e4-ff7f-4878-b739-1fe2c23dff31,69856,Dr. Christopher Baird,Ross PLC,Treatment: Conducted postpartum evaluation and counseling on lactation.',Measure film federal fine none rise.,Board project individual child matter.,95654,Compton-Vargas,Rejected,+1-799-283-0142x215,Rodriguez-Boone,Critical Disease Specific Plans,2289740d-f84a-41ed-ab1d-e4d0e1f4d501,Individual,05-05-2023,50352,897,30-08-2020,07-10-2023,GB32DUSZ58344337871719,2289740d-f84a-41ed-ab1d-e4d0e1f4d501,Nicholas Logan,"08544 Maria Motorway Brewershire, OK 82264",(649)828-6404x760,khaney@lawson.biz,Yes,27-11-2020,7611,Yes,Disease-Specific Health Insurance Plans
e942e2b8-634f-4e78-a794-d2f0f09e2bc0,CPT-22878,Quarterly,79cc7c53-be07-4328-a985-ab59f778f2b5,71202,Dr. Christopher Miranda,"Moore, Hamilton and Woods",Treatment: Performed minor surgery for injury repair.','Admission Start Date:30-05-2021; Admission End: 31-10-2023; Treatment: Treatment: Performed minor surgery for injury repair.'',Kind group yard from perhaps just.,46191,"Hall, Webb and Sutton",Rejected,001-721-223-4853x3663,Rodriguez Group,Maternity Benefits,f09b2479-71b1-4626-bb65-d85983a266ab,Individual,30-09-2024,45062,585,09-07-2022,22-08-2025,GB06GFUO26004047538471,f09b2479-71b1-4626-bb65-d85983a266ab,Heather Roberts,"569 Ross Turnpike Apt. 182 Port Derrick, IL 24123",001-719-727-6029,jamesshepard@shields-brown.biz,No,30-05-2021,3171,No,Comprehensive Health Plan
224a653f-7f72-4423-8862-cc72f970ebcd,CPT-45263,Annually,3c7909d4-f797-4a7b-9b8d-bdc7422f0781,58253,Dr. Jill Perez,"Campbell, Edwards and Villegas",Treatment: Conducted routine check-up and prescribed vitamins.',Box son nothing protect else. Increase next attack once onto.,Way wife everyone cultural ball from appear.,20181,Meyer-Harris,Rejected,-4532,"Flynn, Reilly and Tate",Critical Disease Specific Plans,01afc4b0-c3d9-4ae8-8722-5d7a8bbeaefc,Individual,18-10-2020,67940,796,11-07-2020,22-11-2020,GB62QVEW61958047772806,01afc4b0-c3d9-4ae8-8722-5d7a8bbeaefc,Heather Todd,"32980 Allison Shores Murphyhaven, LA 80601",-7987,ojohnson@warren-lopez.com,No,10-05-2023,1428,No,Disease-Specific Health Insurance Plans
128be72c-c617-4a11-bc61-ef490ca02f3b,CPT-62142,Annually,599c3e75-7832-4438-9562-f8bb31856f79,92511,Dr. Abigail Dunlap,Scott Ltd,Treatment: Administered peritoneal dialysis and provided post-treatment counseling.','Admission Start Date:25-01-2025; Admission End: 04-03-2025; Treatment: Treatment: Administered peritoneal dialysis and provided post-treatment counseling.'',East soon social up series eat remember include.,21571,Bell-Ayala,Approved,(512)804-5277x739,Parrish-Davis,Critical Disease Specific Plans,1fc20e17-b727-4c15-818e-36cbd2c7d30c,Individual,13-10-2024,55569,970,20-01-2020,06-03-2025,GB70OBCH65617500355630,1fc20e17-b727-4c15-818e-36cbd2c7d30c,Susan Cervantes,"4754 Gloria Mills Suite 997 Jacobview, NM 92922",350-580-9183,jadedunn@young-price.com,No,25-01-2025,8984,No,Disease-Specific Health Insurance Plans
adbdc006-237b-4a2e-8b15-0bfa9122d068,CPT-78040,Monthly,f98b7402-c227-4a23-ba89-9fc3db2db3dc,20720,Dr. Rose Perez,Hunt-Ramos,Treatment: Performed hemodialysis for renal failure with continuous monitoring of vitals.','Admission Start Date:21-12-2024; Admission End: None; Treatment: Treatment: Performed hemodialysis for renal failure with continuous monitoring of vitals.'',Question treatment model crime guy baby.,55698,Forbes-Johnson,Rejected,(872)726-4321,Rose LLC,Maternity Benefits,5cd7b58f-f05b-4f1f-b0a5-a37d8d3563aa,Family,04-01-2021,68892,397,30-11-2020,17-08-2021,GB82CIAI80718952055819,5cd7b58f-f05b-4f1f-b0a5-a37d8d3563aa,Melissa West,"618 Powell Junctions New Markbury, LA 95976",001-031-079-2381x67841,harveyjohn@torres.com,Yes,21-12-2024,2866,Yes,Comprehensive Health Plan
a5338ca0-1ce4-4ef8-875b-47046c2ae37b,CPT-96706,Monthly,3a0042cb-cdfb-40f0-98e5-12873636a502,6919,Dr. Samantha Cruz,Randolph Ltd,Treatment: Managed acute pulmonary embolism through anticoagulation therapy under close supervision.',His threat vote degree citizen parent man mother.,Anyone middle full through.,69678,"Ross, Berry and Bennett",Approved,474-288-8271x439,Dawson-Williamson,Hospitalisation Benefits,eb4b421d-be05-446c-97f1-74b8e91b4381,Family,08-05-2024,85710,421,10-08-2023,17-05-2024,GB90NOQM92575508819776,eb4b421d-be05-446c-97f1-74b8e91b4381,Pamela Williamson,"926 Lori Throughway Lake Jared, OK 64955",-1926,jasmine73@moore-carr.com,Yes,14-04-2024,7601,No,Comprehensive Health Plan
ebb55324-2d8a-4b6b-89d5-d7b666cfcd50,CPT-57144,Annually,a41316b9-8548-4068-9604-51cbe87399ea,74088,Dr. Annette Wright,Roberts-Ortiz,Treatment: Provided prenatal care and routine ultrasound monitoring.',Down almost then want nature me. Cell fight avoid wife join message section.,Western arrive this it. Firm agree again.,89012,Kelly and Sons,Rejected,499-599-4521,Allen Inc,Diabetes-Specific Benefits,711f41eb-0940-43ec-92b2-efb3c0deea99,Corporate,17-01-2025,64136,171,08-09-2024,01-04-2025,GB90QNXD90588557453110,711f41eb-0940-43ec-92b2-efb3c0deea99,Cameron Jones,"280 Keller Pass Mcmillanburgh, NH 36007",(578)682-6722x4435,jmartinez@yahoo.com,No,28-12-2020,9701,Yes,Senior Citizen Health Insurance Plans
fc956a73-dcdc-4b6c-948a-3343c76822d8,CPT-98931,Quarterly,5a5c9f30-eacf-421d-be9b-26e8c34f588f,65293,Dr. Richard Hampton,Henry Group,Treatment: Provided cardiac rehabilitation and prescribed medications for recovery.',Ever quickly bit national.,Ahead try authority.,4225,Edwards-Perez,Rejected,(192)352-6438x928,"Davis, Murphy and Robinson",Critical Disease Specific Plans,f7d9578c-a4af-418f-bdbf-c2a4c5e0d433,Corporate,28-04-2024,97905,766,04-03-2021,25-12-2024,GB56TYNS24636748695628,f7d9578c-a4af-418f-bdbf-c2a4c5e0d433,Erin Stevenson,"81955 Thomas Village Apt. 944 East Anthonyville, WA 42148",343.933.4359,hannahgreene@yahoo.com,No,09-03-2025,6054,Yes,Disease-Specific Health Insurance Plans
5f6ddd7b-6741-484e-a3f0-9bbf716de3d6,CPT-76497,Quarterly,9a0f7ce2-bd7e-438e-950e-cf7a22fbe9b3,37137,Dr. Steven Hancock,"Stark, Moss and Wiggins",Treatment: Hospitalized for treatment of severe asthma exacerbation with corticosteroids.',Write way already air himself charge.,View dog argue way.,52747,"Taylor, Martinez and Ballard",Rejected,7496204654,Black-Brown,Critical Disease Specific Plans,c4bdaea3-af80-4921-8fcb-ee750383aab8,Individual,03-07-2021,29096,199,20-10-2020,21-11-2021,GB98NBUC32225353650036,c4bdaea3-af80-4921-8fcb-ee750383aab8,Jason Jones,"658 Hall Path Suite 360 South Shannon, WA 38151",(259)258-9479x5822,john33@gmail.com,No,07-11-2021,919,No,Disease-Specific Health Insurance Plans
913347da-d7ed-4596-8df1-a02c55034b7a,CPT-50459,Quarterly,2e774cd5-dfdb-468a-8098-3195277ecb16,25588,Dr. Timothy Gonzalez,"Taylor, Maxwell and Hutchinson",Treatment: Administered post-operative eye drops and advised on vision recovery.',Toward to huge item her sea large. As thousand their notice morning human expect.,Eat without green officer use low practice.,71894,"Howard, Johnson and Ortega",Approved,317.254.5908x27777,Martin-Bruce,Hospitalisation Benefits,e8ff6490-5a92-4287-8269-76b95d5fc2b0,Individual,05-08-2022,61903,254,24-02-2022,07-01-2023,GB38FEQC16609308886147,e8ff6490-5a92-4287-8269-76b95d5fc2b0,Christopher Monroe,"189 Davis Cove Suite 621 Alexanderfort, NC 17407",(141)428-5965,combskimberly@stewart.com,No,20-08-2023,1039,Yes,Comprehensive Health Plan
49304a89-58f8-4d0f-9c17-2b7246d988b9,CPT-26446,Annually,6b98d394-c2d2-4bd7-b42e-55c3809d0660,91333,Dr. Ryan Lyons,Gonzalez Ltd,Treatment: Administered post-operative eye drops and advised on vision recovery.',Purpose common live mother according.,Past social treatment not.,585,Perry and Sons,Rejected,1849346428,"Bell, Morrison and Castillo",Critical Disease Specific Plans,555c9c03-7ce9-4eba-85a3-0f13a9e21cf4,Family,02-03-2024,79148,823,21-08-2022,21-05-2024,GB93YMMS05135190035421,555c9c03-7ce9-4eba-85a3-0f13a9e21cf4,Brian Porter,"41829 Kerry Squares Troystad, RI 84330",001-408-456-0160x5688,rryan@hotmail.com,Yes,13-02-2025,8150,No,Disease-Specific Health Insurance Plans
31eb9da5-4fbe-4323-a8da-90e7e3a8549b,CPT-76489,Annually,01d88f5d-7ae3-4ece-8d81-a6b3605741e7,48032,Dr. Kenneth Wright,Bailey Inc,Treatment: Conducted follow-up after laser cataract surgery.Monitored and managed platelet count through blood transfusion during dengue fever.','Admission Start Date:16-05-2021; Admission End: 27-06-2024; Treatment: Treatment: Conducted follow-up after laser cataract surgery.Monitored and managed platelet count through blood transfusion during dengue fever.'',Coach prevent east.,21347,"Adams, Moore and Arnold",Approved,+1-598-729-1561x4618,"Acosta, Brown and Brown",Respiratory Health,5e05ff60-1b5d-4105-bee8-d518e8fc7bc9,Family,24-09-2024,48725,275,30-01-2024,05-10-2024,GB50HGYX16153276282864,5e05ff60-1b5d-4105-bee8-d518e8fc7bc9,Stephanie Meyers,"79603 Tiffany Skyway Apt. 437 East Brianton, ND 70904",274.709.1676,usmith@hotmail.com,No,16-05-2021,4707,No,Senior Citizen Health Insurance Plans
42d532b0-be77-4a74-a9fe-fb40e09aa755,CPT-98708,Monthly,5f740169-0da8-4719-98ca-5cf68646313b,37662,Dr. Christy Cook,Wright-Carson,Treatment: Administered bronchodilators and oxygen therapy for chronic obstructive pulmonary disease (COPD).',Majority enough herself what. Will woman police produce could.,Attack enjoy continue memory.,73806,Ramos LLC,Approved,839.552.2291x077,Morgan-Alvarado,Protection from Growing Medical Expenses,ffec579d-5050-4097-a16c-bf03b3704971,Individual,11-08-2023,18893,483,31-08-2022,05-05-2024,GB76GBIY93369873180201,ffec579d-5050-4097-a16c-bf03b3704971,Jessica Lopez,"8662 Reed Forges Jacobland, OK 17076",933141380,newtonvalerie@hall.biz,Yes,30-10-2022,9504,No,Senior Citizen Health Insurance Plans
27b5361d-f10b-4cda-933a-605a3cea8c4d,CPT-77242,Monthly,a18939c5-c477-4428-9dd8-d07468b25d60,8696,Dr. Patricia Mays,"Lawrence, Johnson and Cross",Treatment: Hospitalized for treatment of severe asthma exacerbation with corticosteroids.',Claim left create stand with.,Mother kid spend indeed certain to soon.,2135,Long-Frank,Approved,(367)154-0147,Ramos and Sons,Skin and Dermatology Care,96485ead-a398-4515-8a11-2fdc3843d36f,Corporate,04-10-2024,34602,811,28-10-2023,17-11-2024,GB94RMXT94895238257636,96485ead-a398-4515-8a11-2fdc3843d36f,Denise Castaneda,"955 Johnson Keys Thomasport, KS 06691",504-283-7751,hinesanthony@gmail.com,Yes,12-12-2021,9638,Yes,Comprehensive Health Plan
469e9f61-d2cb-4711-ac81-8112f1a01d09,CPT-62158,Quarterly,c0c0f23e-66b2-404c-82f9-b39a9eaac40b,47783,Dr. Andrew Flores,Morales Ltd,Treatment: Hospitalized for treatment of severe asthma exacerbation with corticosteroids.',By remember she return language away.,Production discussion poor already officer.,13636,Roberson PLC,Rejected,+1-526-224-4125x155,Glover LLC,Respiratory Health,371132ce-926a-4689-90d7-ce753f24df6e,Individual,03-01-2024,46332,655,15-06-2021,25-03-2024,GB23VVYX70813256580955,371132ce-926a-4689-90d7-ce753f24df6e,Cynthia Casey,"967 Wilson Mission Jennifershire, MS 96018",(478)600-8161,jameswood@yahoo.com,Yes,30-11-2022,9533,Yes,Senior Citizen Health Insurance Plans
d01aa6ea-e82a-4dff-a2c7-942683b1d632,CPT-52313,Quarterly,36f3aaf7-2aec-4654-a8bf-6c3f9f35d300,62998,Dr. Daniel Hughes,Cohen and Sons,Treatment: Administered post-operative care for valve replacement surgery.','Admission Start Date:19-07-2022; Admission End: 11-03-2023; Treatment: Treatment: Administered post-operative care for valve replacement surgery.'',Tend maintain say mother source happy stage.,72174,"Daniel, Jones and Shaw",Approved,001-333-302-5604x18992,"Peterson, Black and Coleman",Respiratory Health,199e0bb6-d801-4179-9421-2170b5f959d9,Corporate,24-06-2024,6960,482,24-04-2023,05-09-2024,GB44EHTO19590646324172,199e0bb6-d801-4179-9421-2170b5f959d9,Jeremy Black,"02804 Adams Creek Apt. 847 Katelynstad, WV 64004",609.767.5802,xreeves@gmail.com,Yes,19-07-2022,8035,No,Senior Citizen Health Insurance Plans
108a8024-b118-433f-9d64-e70f791847d8,CPT-70703,Monthly,6c0c2d81-3b9e-47bb-a9a7-677b8cfd5059,10807,Dr. Alyssa King,"Coffey, Moore and Fisher",Treatment: Administered bronchodilators and oxygen therapy for chronic obstructive pulmonary disease (COPD).',Cost realize reveal eat.,War any that side law amount court.,77572,Garcia Group,Approved,337.169.9467x556,"Wilson, Dominguez and Ward",Cardiovascular Health,96ab1647-f796-4663-b357-2d0f2c0f6536,Individual,29-11-2023,10455,43,12-07-2021,20-08-2024,GB49TDEP18497916153108,96ab1647-f796-4663-b357-2d0f2c0f6536,Nichole Fry,"38587 Johnson Lodge Apt. 122 Humphreyfort, FL 95947",863.704.3716,romerotimothy@brown-nolan.com,No,06-03-2020,594,Yes,Senior Citizen Health Insurance Plans
a9ed834e-02eb-4726-b76e-44d3cd3eb85b,CPT-63224,Annually,f138c925-ba75-4c28-a773-bd413dcdfd36,9311,Dr. James Anthony,Snow-Edwards,Treatment: Assisted with delivery and provided neonatal care.',Style professor spend ready imagine. Line situation politics care.,Media lay or case have.,24390,Fuller-Evans,Rejected,976.963.0240x67937,Smith Inc,Eye and Vision Care,58a248a6-d07a-48ab-b9a0-db78bf272eec,Individual,15-09-2024,52524,825,20-02-2023,30-08-2025,GB56LXJX29206466515441,58a248a6-d07a-48ab-b9a0-db78bf272eec,Christopher Yoder,"422 Kimberly Rest Joshuafort, HI 55051",923-516-2761,john48@mendoza.org,Yes,22-07-2024,984,Yes,Comprehensive Health Plan
b7eeb4a0-1c94-47ea-bbbe-5c13a7abf680,CPT-84231,Annually,fcbfc73d-1930-4fdd-9998-f0e349ec0899,49903,Dr. Julia Bell,Frederick PLC,Treatment: Conducted follow-up after laser cataract surgery.Monitored and managed platelet count through blood transfusion during dengue fever.','Admission Start Date:05-01-2022; Admission End: 01-12-2022; Treatment: Treatment: Conducted follow-up after laser cataract surgery.Monitored and managed platelet count through blood transfusion during dengue fever.'',Risk suffer worry add system.,46530,Miller-King,Rejected,+1-920-735-1768x03354,Holmes-Reed,Critical Disease Specific Plans,4a586e6d-9abf-4037-bfcf-1c46ea3fdae1,Corporate,15-06-2022,54977,253,04-05-2022,25-01-2023,GB15IFJD53549098537571,4a586e6d-9abf-4037-bfcf-1c46ea3fdae1,Angel Turner,"37917 Cooper Land Waltershire, NV 23030",(851)144-7080x4233,brandi48@hotmail.com,Yes,05-01-2022,6451,No,Disease-Specific Health Insurance Plans
aefa658c-179d-4cfc-8a2e-aab94ba6e274,CPT-65806,Monthly,9e4540c3-cd51-46ba-b383-3c941bc24efa,489,Dr. Ryan Gregory,Jacobson PLC,Treatment: Conducted routine check-up and prescribed vitamins.',Which age create then responsibility part.,Bring prevent town suggest hear table manager.,30529,Lewis PLC,Approved,757.349.1806x127,"Schroeder, Cook and Jones",Maternity Benefits,da530bb0-4f6e-476e-97c7-44788a3b2f7a,Corporate,07-01-2025,92401,351,10-03-2024,21-08-2025,GB51RMBT97046611724813,da530bb0-4f6e-476e-97c7-44788a3b2f7a,Loretta Scott,"29151 Clayton Stream Apt. 536 Port Christopherfurt, MI 15600",-4410,thompsonbernard@gmail.com,Yes,17-05-2022,7338,No,Comprehensive Health Plan
ef4d6f00-7dfa-400d-87a8-5b99989e0c22,CPT-46370,Monthly,a88bc081-e2f3-4a2f-a648-309393623ec8,79525,Dr. Douglas Smith,"Reyes, Long and Zuniga",Treatment: Managed complications of chronic kidney disease through hospitalization and dialysis sessions.','Admission Start Date:27-01-2023; Admission End: 30-07-2024; Treatment: Treatment: Managed complications of chronic kidney disease through hospitalization and dialysis sessions.'',Hard happy feeling lead. Here level take we.,10892,Johnson PLC,Rejected,(655)058-3996x4244,Macias and Sons,Critical Disease Specific Plans,38380f80-5da1-4d5d-ae8a-6e67881da62a,Individual,05-09-2024,68309,11,03-06-2024,16-12-2024,GB80OYHQ86830972277066,38380f80-5da1-4d5d-ae8a-6e67881da62a,Amy Haynes,"80178 Simmons Falls Apt. 716 Johnfurt, SD 64994",484.086.5844,judy05@robinson.com,No,27-01-2023,8058,Yes,Disease-Specific Health Insurance Plans
7789a067-5227-4da6-a7ea-1e5a9f3bc7bd,CPT-16608,Monthly,7055e78c-12db-4d61-a803-f0cf74934269,6394,Dr. Sarah Kim,"Mitchell, White and Rice",Treatment: Administered post-operative care for valve replacement surgery.','Admission Start Date:08-10-2024; Admission End: None; Treatment: Treatment: Administered post-operative care for valve replacement surgery.'',Law political white crime whom past brother.,86515,"Gibson, Ball and Johnson",Approved,3169032429,Rodriguez-Schmidt,Critical Disease Specific Plans,6b096412-6688-4776-908d-b7d684c5db8f,Individual,07-03-2023,50103,220,23-09-2020,25-05-2023,GB42PLUI17137107250152,6b096412-6688-4776-908d-b7d684c5db8f,Debbie Williams,"4204 Adam Estate New Kenneth, OH 19790",001-525-184-7625x8662,patricia45@gmail.com,Yes,08-10-2024,925,No,Disease-Specific Health Insurance Plans
1139f858-6128-473d-b665-9f853f0d6e09,CPT-44689,Annually,4057acbc-358b-4df0-8280-6cde64bda121,50275,Dr. Karen Lucas,Leon Inc,Treatment: Performed cataract removal and implanted intraocular lens.',However out task. What arrive enjoy adult hundred kind.,Field land hear sea.,29489,Lopez PLC,Rejected,512.082.4547,Lee-Harris,Critical Disease Specific Plans,4247be91-41c5-4de4-9fd5-5e6a7e7bf88d,Family,10-03-2025,25665,69,30-06-2024,02-11-2025,GB03JEQR78965445734964,4247be91-41c5-4de4-9fd5-5e6a7e7bf88d,Destiny Harrison,"5808 Marissa Dam Monroeport, MA 67671",-1320,joshua45@barnes-spencer.com,Yes,09-05-2024,2718,No,Disease-Specific Health Insurance Plans
5fc29ecf-0588-45a1-981c-f72c7fcccfc4,CPT-94506,Annually,4c43ffa8-cddb-4dc7-af11-e60a2877ce36,34141,Dr. Robert Palmer,Flores Inc,Treatment: Performed minor surgery for injury repair.','Admission Start Date:14-01-2023; Admission End: 13-04-2024; Treatment: Treatment: Performed minor surgery for injury repair.'',Thus start record fire develop.,90081,Smith Group,Rejected,(526)365-8380,Gomez Inc,Low-Cost Premium for Young People,3fb196bc-ff50-4c61-874a-68cea765d378,Individual,23-11-2024,35838,279,13-09-2022,18-05-2025,GB02GETN55677791771456,3fb196bc-ff50-4c61-874a-68cea765d378,Brian Gutierrez,"34314 Sullivan Meadow Figueroafurt, WI 31750",4502119036,lisa87@norman-garcia.com,No,14-01-2023,3218,No,Comprehensive Health Plan
5425f875-2aa7-4e1c-b406-ea5ea027cfc7,CPT-49815,Quarterly,a7b00335-dfbc-412a-a4dd-7a911b2d36d9,34885,Dr. Christopher Patterson,Rose LLC,Treatment: Administered pain relief for post-operative recovery.',Them break however mean. Home for top body.,Cultural environmental effect to represent.,50896,"Hill, Perez and Morrison",Approved,+1-937-430-5464x82793,Hamilton Inc,Maternity Benefits,dc0597f5-19ca-4e9b-9178-3b724c71411e,Individual,01-02-2025,23025,97,17-07-2024,08-01-2026,GB36DHDC40327345328844,dc0597f5-19ca-4e9b-9178-3b724c71411e,Lindsay Smith,"PSC 5694, Box 4799 APO AE 23834",156-952-9131x72110,cherylcastaneda@jones.com,No,03-11-2022,8034,No,Comprehensive Health Plan
debaeea0-5f54-435f-b258-d57ae589cf7b,CPT-35853,Quarterly,2f8c041a-db81-4d9c-b6b6-2bb3bcd27614,13911,Dr. Paul Rose,"Rich, Park and Prince",Treatment: Performed coronary artery bypass surgery successfully.','Admission Start Date:16-06-2020; Admission End: 09-05-2025; Treatment: Treatment: Performed coronary artery bypass surgery successfully.'',Agree save that traditional group.,81417,Woodard-Bush,Approved,+1-947-534-2170x23386,Roberts PLC,Critical Disease Specific Plans,d7ebe334-92d1-4a46-9802-18ce98ade217,Corporate,25-09-2024,27912,942,01-12-2023,16-07-2025,GB95QQDG76066247947513,d7ebe334-92d1-4a46-9802-18ce98ade217,Lisa Washington,"724 Shannon Glen Suite 102 Edwardton, MS 90005",900.825.6505x0777,timmartinez@gmail.com,Yes,16-06-2020,6827,No,Disease-Specific Health Insurance Plans
05b760cd-cf74-4b90-ad31-3d446aaa4bf9,CPT-66275,Monthly,7e0500df-f5d5-4b4e-95e8-e08149ebbfb3,86393,Dr. Frederick Phillips,Brown-Howe,Treatment: Administered post-operative care for valve replacement surgery.','Admission Start Date:24-12-2023; Admission End: None; Treatment: Treatment: Administered post-operative care for valve replacement surgery.'',Hot short control pressure. Fish but guy impact.,42491,"Page, Clark and Obrien",Approved,(031)993-5347x0554,Cunningham Ltd,Maternity Benefits,46cb17be-d495-4838-b669-37e003c574dc,Individual,29-11-2022,53908,124,07-05-2022,24-12-2022,GB35QLBM18332884884955,46cb17be-d495-4838-b669-37e003c574dc,Caroline Henderson,"9924 Eric Point Edwardsfort, MS 97633",(938)604-1491x57587,taylorpatricia@hood.com,Yes,24-12-2023,3354,Yes,Comprehensive Health Plan
ae4c68b3-6fd8-4ce4-a6ec-7a71bdceffd1,CPT-24617,Annually,04f2b7a5-5c69-41e8-8a2d-91d682520f06,25982,Dr. Melinda Lopez,"Smith, Jacobs and Lopez",Treatment: Administered peritoneal dialysis and provided post-treatment counseling.','Admission Start Date:08-02-2025; Admission End: None; Treatment: Treatment: Administered peritoneal dialysis and provided post-treatment counseling.'',Cover heavy four.,52583,Moore-Wilson,Approved,001-730-218-0205x7739,"Martinez, Chapman and Daniel",Hospitalisation Benefits,ac04289a-c123-46bb-a3c7-f5ce6ec87357,Corporate,03-04-2024,56923,456,25-04-2023,17-01-2025,GB74VJLU10274590029741,ac04289a-c123-46bb-a3c7-f5ce6ec87357,Joseph Martin,"101 Hall Ridges Ashleyland, SD 31660",(461)596-8779,rebeccaaguilar@gmail.com,Yes,08-02-2025,6807,No,Comprehensive Health Plan
a4871564-01cb-4583-a081-8163839d99bf,CPT-82923,Annually,28e08538-5d3a-4b0f-8196-de955ec3f002,26553,Dr. Jessica Rice,Jacobs-Washington,Treatment: Administered pain relief for post-operative recovery.',With close finish bar author long.,Wonder accept behind fund eye particular page.,52014,"Bradford, Rogers and Miller",Rejected,(080)998-5527,"Ayers, Dudley and Hall",Hospitalisation Benefits,eeb09e99-9e86-4ad5-9bbf-5dff95d15963,Family,03-05-2024,30127,535,11-03-2020,03-06-2024,GB97TSAY82968711180942,eeb09e99-9e86-4ad5-9bbf-5dff95d15963,Molly Sanchez,"2786 Campbell Lodge Apt. 305 East Samantha, MO 34876",+1-157-857-0374x63938,orodriguez@hotmail.com,No,18-02-2021,1374,No,Comprehensive Health Plan
1c82865c-7b63-44f2-a845-58f58f3322d4,CPT-14762,Monthly,a227e4a9-0de8-4321-9024-973c9cfa532c,41452,Dr. Donna Roman,"Lewis, Gomez and Sanchez",Treatment: Conducted surgical intervention for lung cancer patients.',Course smile age around far go. Nature thousand plan me different PM.,Million get fast another fight quickly meeting.,6018,Davis PLC,Approved,231.060.8526x300,Reese-Rios,Mental Health Care,b0c48c22-60db-44e7-83c4-bd4ed54c7a68,Individual,14-03-2023,8741,377,29-09-2022,03-08-2023,GB02GJHE44830507479592,b0c48c22-60db-44e7-83c4-bd4ed54c7a68,Heather Carlson,"7261 Raymond Locks Jenniferhaven, UT 59300",(744)645-2091x2754,bpierce@vasquez.com,No,04-04-2023,7902,No,Comprehensive Health Plan
fe554dc5-9ea1-43bd-a9b6-587f5fce1ba3,CPT-82963,Annually,52560b11-f512-4864-b1ae-ac004876dabe,49180,Dr. Daniel Lucas,Martinez PLC,Treatment: Provided prenatal care and routine ultrasound monitoring.',Small the set anything serious available create. Collection always stage couple walk ground.,The side radio hair magazine training.,87745,Collins-Conley,Rejected,5039073518,Anderson-Prince,Includes Yearly Medical Check-Ups,b18d7e7d-ecf3-4034-96ea-cf6e63e53ced,Individual,11-10-2024,95050,481,10-04-2024,20-08-2025,GB13BDPH40389318047818,b18d7e7d-ecf3-4034-96ea-cf6e63e53ced,Renee Marsh,"900 Harper Mills West Donald, WA 14465",369082970,fhall@gmail.com,Yes,09-06-2020,6060,No,Comprehensive Health Plan
f00cc207-8483-4f68-9ed4-f3c639fbb427,CPT-58136,Monthly,0f216878-055f-4543-966e-82cce4621b3a,58335,Dr. Renee Lewis,Green-Padilla,Treatment: Managed complications of chronic kidney disease through hospitalization and dialysis sessions.','Admission Start Date:20-08-2020; Admission End: 24-05-2022; Treatment: Treatment: Managed complications of chronic kidney disease through hospitalization and dialysis sessions.'',Movement attorney still identify process.,63478,Burke-Armstrong,Rejected,999-110-9409x3669,Hall Group,Critical Disease Specific Plans,a884f048-85cd-40a8-adb5-d5feb19c8d82,Corporate,01-05-2023,73897,865,17-02-2021,02-01-2024,GB85SYYW95728386430631,a884f048-85cd-40a8-adb5-d5feb19c8d82,Tracy Romero,"47309 Johnson Mountains Hughesstad, WY 82690",(257)636-0216,xcunningham@sims-hunt.com,Yes,20-08-2020,3214,No,Disease-Specific Health Insurance Plans
f3384e2d-0052-477d-86ee-d5bd3378f7c5,CPT-88269,Quarterly,a3ca28da-1be4-4cac-b9ed-523b107de22f,51191,Dr. Kim Arnold,Walls-Anderson,Treatment: Conducted hospital-based monitoring for critical dengue shock syndrome cases.','Admission Start Date:22-11-2022; Admission End: 15-06-2025; Treatment: Treatment: Conducted hospital-based monitoring for critical dengue shock syndrome cases.'',Focus institution actually remain else.,37005,"Moore, Garcia and Williams",Approved,(865)035-9888x86542,Norman-Rodgers,Hospitalisation Benefits,2a57f71d-e2e5-45ae-bf63-3698123bc9ec,Individual,21-02-2025,62593,827,05-10-2021,13-07-2025,GB51AYKG40103560472005,2a57f71d-e2e5-45ae-bf63-3698123bc9ec,Gregory Smith,"9084 Dunn Knolls Apt. 034 Rebeccaland, WV 24293",+1-348-310-8515x6043,juan93@hotmail.com,No,22-11-2022,1483,No,Comprehensive Health Plan
f282a149-7c51-498b-b3c2-e878f6ab3b97,CPT-11366,Annually,4ce93231-6463-4c53-8071-3115c69175b3,18315,Dr. Ivan Baker,Long-Mann,Treatment: Administered antibiotics for infection control.',Foreign apply land realize make almost us. Sense save several could office.,Cause style since either type system.,83489,"Wilson, Dunn and Winters",Approved,(051)132-8004x552,"Lee, Walker and Nguyen",Includes Yearly Medical Check-Ups,f863aed2-6afc-416a-a22e-99606d1e7890,Corporate,13-05-2024,74661,756,21-02-2023,19-12-2024,GB09EQMT83612520563699,f863aed2-6afc-416a-a22e-99606d1e7890,Courtney Knight,"7267 Carrie Point Port Bonnie, AZ 86761",001-491-390-7018x56286,brookewoods@moore.biz,No,12-05-2021,3656,Yes,Senior Citizen Health Insurance Plans
5d567039-cfc0-49d7-80bf-88e66ebcc0e1,CPT-84050,Monthly,393f6b64-63e7-4c02-8a66-12c5f7006e4a,20509,Dr. Robin Melendez,Kennedy Group,Treatment: Administered pain relief for post-operative recovery.',On player summer.,Could the natural four a begin heavy.,44728,Kelly Inc,Rejected,+1-032-072-9446x31836,Gallegos LLC,Includes Yearly Medical Check-Ups,ecbd01b0-17cb-4054-b0e2-af1881d89965,Family,02-07-2022,16445,660,11-01-2021,18-12-2022,GB96BCJR34509387944167,ecbd01b0-17cb-4054-b0e2-af1881d89965,Leslie Ramirez,"986 Garrett Creek Caldwellfurt, KY 27712",5388335186,qrobles@yahoo.com,No,09-06-2023,1345,Yes,Comprehensive Health Plan
620b78d7-6958-4ac9-9b11-f6ed29c8e58d,CPT-34287,Annually,75da3317-8767-4d8a-9fc0-0b87e122c212,40781,Dr. Dr. Samantha Lynch,Cortez-Carter,Treatment: Managed complications of chronic kidney disease through hospitalization and dialysis sessions.','Admission Start Date:13-09-2023; Admission End: None; Treatment: Treatment: Managed complications of chronic kidney disease through hospitalization and dialysis sessions.'',Nothing fear front inside.,91865,"Adams, Romero and Mcbride",Approved,320-093-5928,Fisher Ltd,Eye and Vision Care,5f9b63e9-711d-4472-abff-02d489149d2b,Family,25-09-2022,89823,293,13-05-2020,31-08-2023,GB10PGXV31305667450896,5f9b63e9-711d-4472-abff-02d489149d2b,Daniel Moore,"398 Pratt Hill Lake Larrybury, NJ 22383",(923)319-9536,gardnerlogan@gmail.com,No,13-09-2023,3186,Yes,Comprehensive Health Plan
eb1b289f-5f75-4668-be7b-e2646e0eb303,CPT-87255,Monthly,b3abfeac-7272-46dc-b85b-a067527cc07e,62425,Dr. Robert Powers,"Rogers, Hunt and Davis",Treatment: Provided physiotherapy for mobility improvement.',Issue system go city to city over.,Bag practice size the.,62058,Martinez PLC,Rejected,-7227,Brown and Sons,Critical Disease Specific Plans,541cc261-e83f-439f-a987-e9aa734f4226,Individual,23-09-2020,37994,553,13-05-2020,07-12-2020,GB76NBBZ53498366897049,541cc261-e83f-439f-a987-e9aa734f4226,Luis Parsons,"524 Smith Club Kennedystad, AR 29556",(154)591-1365,reedcarrie@gmail.com,Yes,07-04-2021,3548,Yes,Disease-Specific Health Insurance Plans
8082156e-2b40-48ee-ad2b-970c70196549,CPT-51742,Annually,1101e04f-8609-4bea-9ab4-36ff425b20ab,17887,Dr. Robin Huber,Lopez Group,Treatment: Managed complications of chronic kidney disease through hospitalization and dialysis sessions.','Admission Start Date:18-03-2021; Admission End: 28-03-2023; Treatment: Treatment: Managed complications of chronic kidney disease through hospitalization and dialysis sessions.'',Offer use serious huge thank image matter.,13228,Thomas-Zimmerman,Approved,125.519.8070,Lane Ltd,Critical Disease Specific Plans,d99af212-2262-422a-a8d8-008585f1f702,Family,23-01-2025,40985,615,17-01-2025,07-08-2025,GB32PLFE38480125606197,d99af212-2262-422a-a8d8-008585f1f702,Ryan Houston,"2694 Miller Mills Petersonville, MT 88492",205.209.3754x5370,andreaolson@yahoo.com,No,18-03-2021,7792,No,Disease-Specific Health Insurance Plans
c15261b5-be67-4733-af75-44fe11838f00,CPT-25200,Annually,248303b9-98e1-4bc9-8b39-068d120792e4,5520,Dr. Aaron Welch,"Erickson, Miller and Phillips",Treatment: Provided physiotherapy for mobility improvement.',Best last mind yard choose final of.,Than home off after.,49673,"King, Stewart and Montgomery",Approved,-6859,Liu PLC,Includes Yearly Medical Check-Ups,f68d0482-66d7-479b-b555-0206f6b5f9d6,Family,02-02-2022,17681,73,24-03-2021,06-07-2022,GB24BJWQ98055566206724,f68d0482-66d7-479b-b555-0206f6b5f9d6,Michael Carter,USCGC Medina FPO AA 30276,219-377-4156,rlynn@yahoo.com,Yes,08-12-2021,4580,No,Comprehensive Health Plan
f246c54a-6722-4dd3-8bce-a1a37af8025a,CPT-78687,Monthly,4524dfd6-c1e5-4744-aca1-edb47eacb250,1212,Dr. Deborah Hammond,Barrera Ltd,Treatment: Provided care for acute kidney injury requiring urgent dialysis.','Admission Start Date:22-03-2024; Admission End: None; Treatment: Treatment: Provided care for acute kidney injury requiring urgent dialysis.'',Range newspaper traditional. Store every pull.,27132,Powell-Fox,Rejected,(704)583-6646,Martinez PLC,Cardiovascular Health,b0de0bf3-a70a-4818-8194-925bc73f78e1,Family,12-05-2023,2443,329,08-05-2022,07-11-2023,GB67OSWU00514821619793,b0de0bf3-a70a-4818-8194-925bc73f78e1,Michael Lopez,"24931 Bowers Ville Jessicabury, WI 34961",+1-151-271-0012x419,gary65@yahoo.com,Yes,22-03-2024,7533,Yes,Senior Citizen Health Insurance Plans
d341cb01-d71e-46b8-b474-262da4c1a459,CPT-32496,Quarterly,bd17e0c5-9e03-4837-ad48-325b4e86213e,75512,Dr. William Thomas,Wong PLC,Treatment: Provided physiotherapy for mobility improvement.',Policy generation now only social. Impact glass specific member address suffer.,Sound manager hope culture require.,86000,Carey-Morrow,Approved,001-849-729-5242x8994,"Gregory, Johnson and Garcia",Skin and Dermatology Care,00311972-1f12-4e1e-bd10-ed39d13c2edb,Corporate,18-03-2022,18082,948,30-03-2021,20-05-2022,GB55XETT16063215201168,00311972-1f12-4e1e-bd10-ed39d13c2edb,Sherry Carlson,"786 Whitaker Village Parkerport, AZ 53432",894-846-4776x6587,jamesrosario@hotmail.com,No,04-01-2023,7935,Yes,Comprehensive Health Plan
245e8dfa-e684-4dbd-a749-434e49b756d3,CPT-57226,Quarterly,4ea7456b-e0fe-4c91-a6b4-15c7d1444cf0,20209,Dr. Kevin Hicks,Lawrence-Horton,Treatment: Provided counseling for mental health support.',Hospital else art at generation week.,Area close trouble tax.,37359,Johnson-Vasquez,Rejected,733.459.8984x53850,"Neal, Torres and Garza",Maternity Benefits,4c458d50-5920-431e-8933-7e7328c62678,Individual,04-05-2022,73021,585,06-05-2021,05-05-2022,GB58RNEL18646358693295,4c458d50-5920-431e-8933-7e7328c62678,Brianna Coleman,"9390 Wayne Green Apt. 212 Michellechester, MA 56260",326.544.7365x589,annalynch@gomez.biz,No,13-01-2023,4828,Yes,Comprehensive Health Plan
358bb658-2173-4c20-be84-c2eed6006d2c,CPT-56397,Monthly,b814ba28-9aac-461e-823c-9a85c8e1ccde,4519,Dr. Steven Romero,"Zamora, Butler and Rodriguez",Treatment: Conducted surgical intervention for lung cancer patients.',Challenge usually government risk voice perform. News structure right stop about without difference.,Low politics head right do information.,28462,Williams LLC,Approved,+1-537-548-3959x99713,"Pham, Davis and Richards",Includes Yearly Medical Check-Ups,74e3ca6a-5342-4413-92fb-545cd6689593,Corporate,15-09-2024,63039,678,24-08-2022,30-11-2024,GB85BSKI95496387686220,74e3ca6a-5342-4413-92fb-545cd6689593,Andrew Fischer,"7796 Nancy Lock Colemanfurt, NV 03252",190.713.4843x137,robert34@martinez.com,Yes,13-01-2022,4055,Yes,Senior Citizen Health Insurance Plans
47d1ccdd-c4a8-4118-b3eb-f03f88e4bcd6,CPT-84326,Annually,d69b3ae8-2264-49d9-854b-107548c06e4e,9661,Dr. Amy Clay,"Fisher, Morrison and Mcdonald",Treatment: Conducted surgical intervention for lung cancer patients.',Board set popular join. Spend well worker sense strong.,Quality against whole someone effect race.,11316,Myers and Sons,Rejected,+1-772-682-0224x665,Vasquez Ltd,Critical Disease Specific Plans,6f24f600-fca6-4f0d-bc48-e50f1d0afa10,Family,19-05-2022,23617,474,20-11-2021,18-06-2022,GB30GFRP73590535573920,6f24f600-fca6-4f0d-bc48-e50f1d0afa10,Brenda Howard,"951 Brianna Forge South Anthonyshire, HI 32118",8866975748,cynthiawalker@owen-hawkins.com,No,02-09-2020,527,No,Disease-Specific Health Insurance Plans
ab12d741-f96b-45d2-a5b5-01f67800cec5,CPT-48089,Monthly,4f12018d-0a78-4bc4-84b6-b5750f1ebe35,6215,Dr. Vanessa Medina,Bowen PLC,Treatment: Administered pain relief for post-operative recovery.',Street college type interesting cover.,Receive front want science director final.,79171,"Novak, Mitchell and Parker",Rejected,+1-973-919-8613x2970,"Hicks, Keller and Miller",Hospitalisation Benefits,7f7fa70c-8a45-4a79-b7ec-c45c17598788,Individual,13-11-2023,80187,927,05-10-2022,14-11-2023,GB54WOKL96039651717567,7f7fa70c-8a45-4a79-b7ec-c45c17598788,Anthony Rhodes,"496 Lawson Alley Michaelside, CT 16562",532.411.5328x9280,monicaclayton@gmail.com,No,05-12-2020,8161,No,Senior Citizen Health Insurance Plans
baf0120e-817b-4535-8519-c0bde8f6c0d2,CPT-15309,Monthly,a4e37f0a-3cb2-4bd3-b5ed-132469368fad,90274,Dr. Michael Murphy,"Fritz, Luna and Johnson",Treatment: Conducted angioplasty and monitored for complications.',Current by image speech personal far.,Hear official although stock floor move true.,58539,Torres Group,Rejected,456.990.0900,Williams-King,Critical Disease Specific Plans,e978f5fb-3a09-4427-badd-e397345628d2,Corporate,03-01-2023,17947,378,26-04-2020,18-04-2023,GB50KTHY92220065151255,e978f5fb-3a09-4427-badd-e397345628d2,Anthony Bond,"6867 Stokes Fort Jenniferborough, KY 68499",3759668351,brian24@mccormick.com,No,10-12-2022,755,Yes,Disease-Specific Health Insurance Plans
513af4ea-fbd6-4e60-ab87-08c0a7b6ed83,CPT-49282,Annually,5478f3b4-8669-45b2-9fd0-b0c1119f7fb2,80709,Dr. Tabitha Cain,Lewis Group,Treatment: Managed acute pulmonary embolism through anticoagulation therapy under close supervision.',Democratic organization stage ever wish director heavy.,Be education seven four region.,19740,"Ortiz, Li and Henderson",Approved,828-107-2160,"Watkins, Weeks and Nelson",Critical Disease Specific Plans,709cde0c-bd0f-4654-ae30-4c1d45e6b290,Corporate,10-10-2024,768,568,27-08-2024,11-01-2025,GB89PIOC47556872629992,709cde0c-bd0f-4654-ae30-4c1d45e6b290,Catherine Hoover,"00840 Williams Estate Suite 005 Port Heather, KS 20719",918-905-1609x59782,rmadden@gmail.com,No,13-11-2020,9137,Yes,Disease-Specific Health Insurance Plans
c1578463-1687-482e-adc2-d1665ea0c60f,CPT-27184,Annually,15e15800-b417-489e-92eb-0e21e039ec3f,47553,Dr. Lynn Perez,"Austin, Barber and Howe",Treatment: Vi',Social it physical beyond trial.,Station forward federal trial because.,61084,Ramirez Ltd,Rejected,(017)842-7892x871,"Roberts, Simmons and Booth",Critical Disease Specific Plans,47357f49-cf72-46cf-bc1f-5a263dec7a8e,Individual,06-06-2024,573,806,01-06-2020,28-12-2024,GB20FBCF71335391146812,47357f49-cf72-46cf-bc1f-5a263dec7a8e,Sierra Shelton PhD,"95045 Bradley Forges Suite 764 Nancyberg, MN 23177",116-099-7544,colleenwoods@wade.org,Yes,09-12-2021,3739,No,Disease-Specific Health Insurance Plans
95a5d28b-cd7d-472e-ac77-2318f17a068f,CPT-88075,Monthly,cc3360fc-7c91-4706-bde7-e949ac4fb705,53649,Dr. Danielle Strong,Jones-Perry,Treatment: Provided prenatal care and routine ultrasound monitoring.',And public money life ground. Budget coach design office bill sign.,Within us a hour hospital network according.,45387,Wright PLC,Approved,489-885-0113x075,Young and Sons,Cardiovascular Health,c91a02ca-c6de-4649-91ff-5d6b91777a3f,Family,30-04-2023,25458,72,22-08-2021,29-06-2023,GB46RSYT05003893002815,c91a02ca-c6de-4649-91ff-5d6b91777a3f,Amanda Anderson,"328 Chad Green Lopezburgh, IN 26336",001-630-930-8084x43400,kimberly81@gmail.com,Yes,14-12-2022,4715,Yes,Senior Citizen Health Insurance Plans
e01c6aa3-d128-4594-96da-29cc1602bb29,CPT-22766,Annually,5415d6f2-2386-467a-bf01-70f553c6ae11,79285,Dr. Benjamin Lozano,"Foster, Allen and Hensley",Treatment: Managed acute pulmonary embolism through anticoagulation therapy under close supervision.',Wall various have parent mean rich safe assume.,Wear tell away land until mother.,683,Smith Group,Approved,(769)913-4855x4569,"Lowery, Moore and Nolan",Critical Disease Specific Plans,00782e22-43f2-4da2-b157-87c403c3a8a9,Individual,20-10-2024,21666,409,02-10-2024,23-02-2025,GB16YCOF84662052989926,00782e22-43f2-4da2-b157-87c403c3a8a9,Jonathan Phelps,"032 Tran Trail Apt. 069 South Carly, MA 68805",001-881-585-4052x08592,daniellee@hotmail.com,Yes,29-05-2020,4446,No,Disease-Specific Health Insurance Plans
2b970406-fb0d-4180-b0c2-cd6ee85df3a2,CPT-34436,Annually,3b4fa8ae-cea6-4f9e-925b-9760c2270b47,44675,Dr. Kristen Henderson,Burns LLC,Treatment: Performed cataract removal and implanted intraocular lens.',Ahead occur role man thing about which. Name three race mission.,Business listen player.,76919,Zamora-Miller,Approved,001-061-613-6785x5969,"Keller, Sanchez and Williams",Protection from Growing Medical Expenses,4b7f4796-1811-4161-b613-21af9a06af71,Corporate,16-12-2023,69809,351,22-03-2022,29-04-2024,GB09YPFX87830853428092,4b7f4796-1811-4161-b613-21af9a06af71,Julie Drake,"1714 Margaret Pines Suite 250 South Cathyfort, MT 98923",(154)611-4391,johnsoncharles@campbell.com,No,14-12-2020,3778,Yes,Senior Citizen Health Insurance Plans
fa1c7500-90c1-4ec7-9013-39a72c5a9f10,CPT-76652,Annually,2bc1d1a4-473f-415d-b984-db490329cb4c,51818,Dr. Michele Adkins,Hernandez-Lewis,Treatment: Provided physiotherapy for mobility improvement.',Sure mention build interview. Care local hard cut easy.,Identify model throughout world road president.,27734,Brown-Edwards,Rejected,382.941.3642,Shaw-Cook,Critical Disease Specific Plans,0917418d-af15-4243-8937-098b3ac18d13,Corporate,26-09-2024,73366,618,11-02-2020,08-01-2025,GB25GOKB31688256885557,0917418d-af15-4243-8937-098b3ac18d13,Jeanette Cordova,"185 Castro Views East Lee, HI 40963",249-314-2718,xmercado@gmail.com,No,15-02-2025,1473,No,Disease-Specific Health Insurance Plans
f7046021-f987-468f-b038-dc419454a0b7,CPT-71948,Quarterly,114aa6f1-de03-41f9-a3de-a8802edd3d46,75320,Dr. Joseph Cuevas,Ray-Howard,Treatment: Provided physiotherapy for mobility improvement.',Pay country government also else notice people. Might magazine culture glass involve ago enter.,College walk particular amount.,65028,Ochoa LLC,Approved,913.606.1633,Jacobs-Finley,Protection from Growing Medical Expenses,cef12940-a66a-4d22-a5b5-46c50d0fd916,Corporate,27-02-2025,96820,924,15-02-2025,01-07-2025,GB11ZVWT86495149655420,cef12940-a66a-4d22-a5b5-46c50d0fd916,Wesley Russo,"281 Gina Village West Jacob, OK 89540",306.981.9213,fadams@scott-leblanc.com,Yes,26-08-2021,3833,Yes,Senior Citizen Health Insurance Plans
a0b53b4c-2555-4828-9b84-bbbe104188a1,CPT-62332,Monthly,a8efe0eb-acbb-4545-a24f-5ac42c33d435,16339,Dr. Amy Kelly,Patel Inc,Treatment: Provided counseling for mental health support.',Exactly whose official near action quickly carry.,Guy road nation nearly.,95221,Thompson-Davis,Rejected,298.026.4423,"Miller, Contreras and Fox",Covers Ambulance Fees,06548788-6f4b-49db-baf1-9676bcd4d1fe,Corporate,14-04-2022,81745,394,05-06-2020,03-12-2022,GB32ESXD97182121931540,06548788-6f4b-49db-baf1-9676bcd4d1fe,Jessica Juarez,"79485 Renee Roads Smithchester, OH 67207",001-084-119-7950x0225,taylorodonnell@pineda-walker.com,No,11-09-2020,6994,No,Senior Citizen Health Insurance Plans
fa4a912a-2166-4870-bd90-b2c47b36b75a,CPT-86948,Quarterly,49ac70cd-7653-4483-870d-8495b1a83edd,77206,Dr. Jacqueline Gallagher,Johnson Group,Treatment: Conducted hospital-based monitoring for critical dengue shock syndrome cases.','Admission Start Date:05-07-2024; Admission End: 17-03-2025; Treatment: Treatment: Conducted hospital-based monitoring for critical dengue shock syndrome cases.'',Note project high strong claim.,68834,"Mann, Keller and Wilson",Approved,001-531-997-6413x58770,Johnson LLC,Critical Disease Specific Plans,1438f0d1-3f43-44cc-99ef-2ea5f2407290,Individual,02-03-2025,11861,113,24-02-2025,26-04-2025,GB09XHYB12262860248329,1438f0d1-3f43-44cc-99ef-2ea5f2407290,Dakota Arnold,"361 Matthew Street Suite 999 New Chrischester, TX 54872",022.146.5166x77936,brownrhonda@meadows.biz,No,05-07-2024,630,No,Disease-Specific Health Insurance Plans
7cee3821-f8a1-4e18-9ef5-37535fcdfd1a,CPT-82761,Annually,e26947ba-adc7-48ee-873d-5e340171b896,73985,Dr. Katherine Madden,Hernandez Group,Treatment: Conducted surgical intervention for lung cancer patients.',Per little article apply manager maybe spring. Buy compare simple letter network drive leader.,Speak finally high understand large their.,83782,Davis Inc,Approved,+1-653-433-9674x0096,Burnett Inc,Protection from Growing Medical Expenses,16fd38d1-06fe-48fd-ae80-5fabf2feb62f,Family,25-12-2022,45810,575,05-08-2021,09-07-2023,GB23IOML37305197984856,16fd38d1-06fe-48fd-ae80-5fabf2feb62f,Jeff Moyer,Unit 3201 Box 5331 DPO AE 92619,001-198-906-2387x41897,sarah48@henderson-white.com,Yes,29-07-2023,8884,Yes,Senior Citizen Health Insurance Plans
8d8d2e89-e4e8-465d-b909-de3d29e6c3aa,CPT-31004,Annually,21c0bbee-effa-46bf-b9dc-338faed31521,95451,Dr. Daniel Young,Watson Inc,Treatment: Conducted routine check-up and prescribed vitamins.',Doctor current five quality light us artist.,Half painting recent long bank pull.,73151,"Powell, Carter and Robertson",Approved,001-059-965-7181,Baker Ltd,Protection from Growing Medical Expenses,01d5f081-688f-4763-806b-f33a7e4f9198,Individual,08-09-2024,39229,331,08-02-2024,16-04-2025,GB04UAUN38298798656296,01d5f081-688f-4763-806b-f33a7e4f9198,Jack Neal,"PSC 3088, Box 2981 APO AP 86801",271-254-8946x91695,stephanie86@collins-rhodes.com,Yes,06-12-2020,2816,No,Senior Citizen Health Insurance Plans
67435e7f-bdea-4acc-857f-1a58dd727b79,CPT-69671,Annually,8586acd8-40f1-45a4-bf98-fdab7a8b7895,36267,Dr. Mariah Stephens,"Mcneil, Burton and Rodriguez",Treatment: Conducted angioplasty and monitored for complications.',Determine which record religious baby past. Interview local organization official.,Join positive current next seat must with.,76840,Carson-Horne,Rejected,001-046-282-1361x3303,Rodriguez LLC,Respiratory Health,e8f97852-400a-4c38-89df-2c57bcb6eac8,Corporate,01-09-2023,22366,489,11-12-2021,24-10-2023,GB26JSOW59312030360799,e8f97852-400a-4c38-89df-2c57bcb6eac8,Robert Morris,"06209 Rodriguez Bridge Suite 242 Woodton, VT 53896",758.795.9681x996,qtapia@davis.net,Yes,22-03-2023,7659,No,Senior Citizen Health Insurance Plans
465b3f12-6bcc-45f0-980b-1124105f7e94,CPT-88071,Monthly,1e7bc00c-09fd-41c5-a237-67f860337166,7652,Dr. Natalie Lyons,Williams-Reed,Treatment: Administered pain relief for post-operative recovery.',Few model sister idea itself. Type political each include.,Policy appear form even now election.,11622,"Goodwin, Mcdonald and Guerra",Approved,401-601-3232,Allen LLC,Diabetes-Specific Benefits,f3d5a350-37ac-401f-b932-912a20a8adeb,Corporate,06-03-2023,35076,266,10-09-2020,24-10-2023,GB32AQQZ61060403907399,f3d5a350-37ac-401f-b932-912a20a8adeb,Heather Fischer,"610 Hernandez Fort Suite 130 Joshuamouth, NH 27686",+1-003-954-9482x128,awright@anthony.com,No,21-01-2023,9233,No,Senior Citizen Health Insurance Plans
0df0e9c9-e8b4-438c-a1f3-2e053db29542,CPT-44503,Annually,971fff41-b06c-4eb8-9d0f-cc499d8d31c3,95062,Dr. Curtis Jones,"Everett, Dean and Smith",Treatment: Performed hemodialysis for renal failure with continuous monitoring of vitals.','Admission Start Date:23-07-2023; Admission End: None; Treatment: Treatment: Performed hemodialysis for renal failure with continuous monitoring of vitals.'',Local those even TV region study.,511,Martin Group,Rejected,3888779389,"Osborne, Kelley and Crawford",Critical Disease Specific Plans,ba50db52-67df-4abc-8884-278388fb1f1d,Family,01-09-2021,19305,759,22-07-2021,13-06-2022,GB69GKOY77171167426908,ba50db52-67df-4abc-8884-278388fb1f1d,Virginia Reed,"758 Stephanie Garden Apt. 652 Riceville, IA 65949",(795)097-8092,hernandezbryan@hotmail.com,No,23-07-2023,5832,Yes,Disease-Specific Health Insurance Plans
38948898-7ed6-40bf-a9c3-0aab2193af84,CPT-97045,Quarterly,2667748b-0ebb-4d32-9afd-ed8b736048ab,86728,Dr. Timothy Baker,Wiggins-Jenkins,Treatment: Provided physiotherapy for mobility improvement.',Almost heavy support writer network. Mention still teach couple.,Mission now technology hair.,72660,Alvarez-King,Rejected,001-842-070-2085x8192,Brooks Inc,Cardiovascular Health,57269c81-1929-4c19-b018-0cc5c264c3d1,Family,01-01-2025,75539,195,12-10-2024,05-03-2025,GB29IBYU59607658186518,57269c81-1929-4c19-b018-0cc5c264c3d1,Lori Li,"0249 William Villages Suite 412 South Jefferyshire, NH 97020",-885,clarkkevin@butler.biz,No,04-06-2024,7179,Yes,Senior Citizen Health Insurance Plans
8fb1608d-7be7-4696-aacc-90ee11a8e9de,CPT-79978,Annually,774973f7-e255-42c3-9c96-7e1295e404c5,6056,Dr. Hannah Hernandez,Carney PLC,Treatment: Performed hemodialysis for renal failure with continuous monitoring of vitals.','Admission Start Date:19-06-2020; Admission End: 14-09-2021; Treatment: Treatment: Performed hemodialysis for renal failure with continuous monitoring of vitals.'',Republican art pick money type.,33233,Mccarthy and Sons,Approved,+1-217-487-9406x2691,Walker Inc,Mental Health Care,d1f8f690-1306-46e2-b2d6-cfa33006214f,Corporate,11-11-2024,69847,177,01-05-2024,24-05-2025,GB58ADPZ01549239464004,d1f8f690-1306-46e2-b2d6-cfa33006214f,Dennis Morris,"09624 Meadows Extension New Lisaport, MD 63856",5085081304,nicolewood@ball-richardson.org,No,19-06-2020,8195,No,Comprehensive Health Plan
0d1314d2-7817-47ae-aec0-5bf795724e3f,CPT-87676,Quarterly,796c41fb-9b51-4044-9de1-4db84bcd7278,86373,Dr. Kenneth Nguyen,Jacobs-Nelson,Treatment: Conducted hospital-based monitoring for critical dengue shock syndrome cases.','Admission Start Date:08-11-2020; Admission End: 05-02-2024; Treatment: Treatment: Conducted hospital-based monitoring for critical dengue shock syndrome cases.'',Now kid society five recently can car.,45181,King Group,Approved,868.659.2125x2197,"Dunn, Mercer and Garner",Diabetes-Specific Benefits,c25f9725-fbd3-4423-bc8c-9434cd5e976f,Individual,28-12-2024,25115,837,12-07-2024,22-05-2025,GB67YNTS99495012152630,c25f9725-fbd3-4423-bc8c-9434cd5e976f,Samuel Thompson,"982 Dawn Wall Apt. 903 Samuelbury, MN 11777",(206)525-6125,michael95@hernandez-miller.com,Yes,08-11-2020,6705,Yes,Senior Citizen Health Insurance Plans
1e224070-19eb-4ad5-8aad-b6d4e010869c,CPT-30717,Monthly,4ebf5348-4ae0-421e-a43c-bdf475172800,19760,Dr. Luke Smith,"Bentley, Conner and Tapia",Treatment: Conducted follow-up after laser cataract surgery.Monitored and managed platelet count through blood transfusion during dengue fever.','Admission Start Date:12-04-2024; Admission End: None; Treatment: Treatment: Conducted follow-up after laser cataract surgery.Monitored and managed platelet count through blood transfusion during dengue fever.'',High through raise expect.,23545,White-Walker,Rejected,679.543.1256,"Hicks, Myers and White",Critical Disease Specific Plans,55dc94b4-f6c7-4331-b295-0275d8c5e0ae,Family,01-02-2023,43479,3,05-09-2020,27-05-2023,GB85GPHY50391054003520,55dc94b4-f6c7-4331-b295-0275d8c5e0ae,Kevin Solis,USNS Howell FPO AA 22525,001-893-155-9168,julie30@yahoo.com,No,12-04-2024,7239,No,Disease-Specific Health Insurance Plans
eefc0873-b057-4ec1-9ef3-67bed87cc091,CPT-77490,Annually,dae69337-6e7d-469a-9c22-b3fba478378c,35821,Dr. Alex Bean,Walker Ltd,Treatment: Provided ventilator support for respiratory failure caused by severe pneumonia.','Admission Start Date:10-11-2022; Admission End: None; Treatment: Treatment: Provided ventilator support for respiratory failure caused by severe pneumonia.'',Kitchen popular learn sign seven.,18566,Ford PLC,Approved,(540)137-2704,Hendricks-Leonard,Eye and Vision Care,7ad9f2a4-a777-4849-8e23-1afe429df0f3,Family,03-09-2020,49742,441,18-04-2020,11-10-2020,GB32QMPJ84282251999515,7ad9f2a4-a777-4849-8e23-1afe429df0f3,Adrian Wilson,"24726 Jeremiah Rue Brockmouth, MO 81218",+1-715-613-6436x87528,dorothy33@walton.com,Yes,10-11-2022,6185,No,Comprehensive Health Plan
c8d415d7-4113-43ce-96fd-74b4c9c23198,CPT-70464,Quarterly,69501c04-4e27-40c1-869e-8fd0c6e9137b,4795,Dr. Devin Garcia,Craig Inc,Treatment: Provided counseling for mental health support.',Affect under somebody executive.,Ball could very part officer wall their.,98402,Boyd LLC,Approved,+1-694-721-9778x478,"Thomas, Murray and Chavez",Critical Disease Specific Plans,d6ccb507-8b94-4d42-ba04-360d771795ac,Corporate,21-09-2023,44155,59,23-08-2023,21-05-2024,GB44JSNL92766875951525,d6ccb507-8b94-4d42-ba04-360d771795ac,Kimberly Mcpherson,"846 Willie Place Suite 247 West Tracyfort, WV 49150",(026)049-8676x095,christianmicheal@fuller.biz,Yes,12-05-2023,3081,No,Disease-Specific Health Insurance Plans
ad334028-aeda-41b4-a6be-900e41f70e9a,CPT-45787,Annually,27ccd630-3da5-42cc-8d90-52cda80dd9ca,11666,Dr. Chelsea Carpenter,Conley-Donovan,Treatment: Provided physiotherapy for mobility improvement.',Knowledge cup million place remember.,Stuff kid home more crime.,52980,"Guerrero, Thompson and Anderson",Approved,001-890-468-3756x525,Mayer PLC,Critical Disease Specific Plans,2fd03874-4194-41c1-9158-2e2af72a3b0a,Corporate,31-12-2024,48444,590,06-11-2024,14-11-2025,GB74GUAF85445088905220,2fd03874-4194-41c1-9158-2e2af72a3b0a,Jordan Patel,"428 Karen Cape Suite 421 East Sophia, MN 57680",001-749-896-8405,cjohnson@smith.biz,Yes,02-05-2023,5449,Yes,Disease-Specific Health Insurance Plans
0e80360a-b34f-4cf9-afeb-1fde8bce3230,CPT-65963,Monthly,d5a17360-42e7-422f-8fce-ff2f28880326,78769,Dr. Lauren Brown,Bailey LLC,Treatment: Managed complications of chronic kidney disease through hospitalization and dialysis sessions.','Admission Start Date:27-08-2021; Admission End: 07-11-2023; Treatment: Treatment: Managed complications of chronic kidney disease through hospitalization and dialysis sessions.'',Door be law four.,24659,Pope-Martinez,Approved,583-248-0225,Chandler-Davis,Critical Disease Specific Plans,5d156d39-4d48-484a-95a7-d6ac5ecbfc6a,Corporate,01-02-2023,19098,312,14-12-2022,10-11-2023,GB06LWHL57022707907807,5d156d39-4d48-484a-95a7-d6ac5ecbfc6a,Kimberly Patel,"902 Oliver Shores West Devinmouth, VT 26624",(277)971-3334,thomasbarnes@wise.net,Yes,27-08-2021,5479,Yes,Disease-Specific Health Insurance Plans
46814601-ad64-40bd-ba60-cc3e7a4f82ae,CPT-83646,Annually,26b0a313-f7b8-43b0-b8aa-1ded116d3ed3,18126,Dr. Meghan Herrera,Munoz Ltd,Treatment: Provided physiotherapy for mobility improvement.',And skill participant single sort watch else. Suggest thought all store.,Century report despite customer water.,50597,Harrison Group,Approved,618.599.3905,Santana Ltd,Hospitalisation Benefits,ec77e7d8-e37a-4f6f-af8d-d560c745e1ee,Family,26-03-2022,96552,209,02-08-2021,04-06-2022,GB79GEYY24836748596538,ec77e7d8-e37a-4f6f-af8d-d560c745e1ee,Joseph Huff,"062 Hull Path West Paulachester, AL 88343",(833)433-8311x19515,bethanymoss@tran.com,Yes,31-10-2020,4416,Yes,Comprehensive Health Plan
a6e5de12-c5a9-451d-a145-601d0d7d0f74,CPT-52067,Monthly,9cdfd34d-1b65-48c7-8fa2-f11bd706f8c1,23552,Dr. Monique Jennings,Hunt-Flynn,Treatment: Conducted angioplasty and monitored for complications.',Beat development kid or give appear much social. Democratic expect partner author.,Determine too follow ball line.,78832,Smith-Lopez,Rejected,+1-493-991-2372x590,Coleman Group,Diabetes-Specific Benefits,55266846-2603-4a19-b88a-0fac2991063f,Individual,12-08-2021,34940,778,08-04-2021,27-06-2022,GB93JGOF79117621624096,55266846-2603-4a19-b88a-0fac2991063f,Yvonne Rojas,"8295 Jacobs Center Suite 343 Lloydhaven, KS 29547",3260862666,kristinahall@murray-cruz.info,No,11-05-2023,8855,No,Senior Citizen Health Insurance Plans
3df95309-13eb-4a8c-a82d-c13b66be44ae,CPT-20064,Annually,dcf24fcf-e344-49ca-9bf9-1f2913c1fc4c,70661,Dr. Vincent Randolph,White-Nelson,Treatment: Performed minor surgery for injury repair.','Admission Start Date:27-10-2023; Admission End: 20-06-2025; Treatment: Treatment: Performed minor surgery for injury repair.'',Toward garden discover look realize.,1329,Norton Group,Rejected,+1-653-983-3579x9910,"Collins, Romero and Mccarthy",Includes Yearly Medical Check-Ups,a484d5ba-b5be-486a-8bf6-f3e24e8e2bad,Corporate,14-12-2024,92290,867,02-06-2024,23-06-2025,GB42UJOQ98799265680615,a484d5ba-b5be-486a-8bf6-f3e24e8e2bad,Lisa Crawford,"01136 Carolyn Estate Apt. 821 Barnesside, NV 22837",094-222-6412x818,renee47@jackson.com,No,27-10-2023,171,Yes,Senior Citizen Health Insurance Plans
ab9fe529-73f4-49af-b3b5-79c685aae694,CPT-63182,Quarterly,1caa449d-81b7-4718-90a7-a2ae06bafd74,89200,Dr. John Nunez,Gonzalez Inc,Treatment: Managed acute pulmonary embolism through anticoagulation therapy under close supervision.',Reflect compare amount evening clear. Full set drive step.,Commercial one tax peace.,52017,Dunn PLC,Rejected,161.642.4244,Harris and Sons,Eye and Vision Care,c7b78ca7-6341-4231-8a98-afdac494d7b0,Family,10-07-2023,7584,629,15-11-2022,01-03-2024,GB49NDBF21933669452865,c7b78ca7-6341-4231-8a98-afdac494d7b0,Carolyn Marsh,"7115 Nathan Spring South Daniel, ID 00808",3618144430,dylanjenkins@robbins.biz,Yes,10-02-2025,9889,Yes,Comprehensive Health Plan
677875fd-b45b-44d1-87c6-15df63d912dc,CPT-87646,Annually,de9caf65-4265-4224-a5db-a3e7216638a5,67004,Dr. Sarah Payne,Reid Group,Treatment: Provided counseling for mental health support.',Baby develop you scene voice.,Trade accept field beautiful next.,47384,Gregory-Estrada,Approved,409.605.0992,Johnson LLC,Critical Disease Specific Plans,4842248c-50db-46bd-a297-3d74791ee57c,Individual,23-02-2025,151,37,09-12-2024,22-07-2025,GB02IJJX07946431577310,4842248c-50db-46bd-a297-3d74791ee57c,John Gardner,"55122 Montoya Street Apt. 008 North Hailey, MS 70989",001-941-196-4618x5770,latoyagonzalez@hotmail.com,Yes,30-12-2022,8035,No,Disease-Specific Health Insurance Plans
b001347a-9794-4dd7-914d-44a74538e70d,CPT-63636,Quarterly,88d84336-04f5-4aed-a76c-35cbf4b5e20d,78300,Dr. Wayne Elliott,Nichols Inc,Treatment: Provided care for acute kidney injury requiring urgent dialysis.','Admission Start Date:03-06-2024; Admission End: 28-02-2025; Treatment: Treatment: Provided care for acute kidney injury requiring urgent dialysis.'',Special question available debate take.,14976,Cruz and Sons,Approved,+1-783-322-5395x9701,"Mitchell, Reid and Bentley",Protection from Growing Medical Expenses,20631250-7e7e-4d1b-a3a8-75b81be9fd1a,Family,03-02-2025,71325,228,06-01-2025,16-05-2025,GB14CUEL32889327192122,20631250-7e7e-4d1b-a3a8-75b81be9fd1a,Thomas Turner,"825 Kevin Walk Apt. 618 Juliemouth, MI 19811",001-168-802-0650x794,kimjackson@yahoo.com,Yes,03-06-2024,1960,No,Senior Citizen Health Insurance Plans
d0a53e09-7c76-4bb4-a9fa-c33ad0e55615,CPT-89760,Annually,fb4dde92-73ae-4c30-a855-e6442cc7eef8,75337,Dr. Sheri Moore,Townsend-Allen,Treatment: Assessed pre-surgery and provided comprehensive eye care instructions.','Admission Start Date:06-09-2020; Admission End: 06-04-2023; Treatment: Treatment: Assessed pre-surgery and provided comprehensive eye care instructions.'',Beautiful treatment professional deep.,42735,Todd Inc,Approved,842.908.8837x105,Fleming PLC,Critical Disease Specific Plans,bc2e9ed4-61d2-4112-9766-12d1984ff9c4,Individual,19-09-2024,4185,795,05-03-2024,09-05-2025,GB02DCGA94228290570689,bc2e9ed4-61d2-4112-9766-12d1984ff9c4,Jennifer Lee,"229 Ellis Hills Tylermouth, NM 20894",152-749-4224x984,meyersnoah@reese.com,Yes,06-09-2020,5510,Yes,Disease-Specific Health Insurance Plans
3e224eba-9a3f-4396-8f80-0ae7357404b9,CPT-42818,Monthly,d4d94502-aa36-4eb3-8ec6-05e2dfeb2c89,6338,Dr. Jennifer Webb,Brown-Berger,Treatment: Administered antipyretics and managed symptoms of dengue hemorrhagic fever.','Admission Start Date:28-08-2023; Admission End: None; Treatment: Treatment: Administered antipyretics and managed symptoms of dengue hemorrhagic fever.'',Crime entire likely main ten hotel there image.,80417,Greer Ltd,Rejected,(888)301-0531x97256,Rodriguez PLC,Mental Health Care,cec94cbd-bb0c-4501-becf-1f8b7b5e788d,Individual,07-07-2022,64664,183,16-06-2021,03-10-2022,GB80HQBS83721305251047,cec94cbd-bb0c-4501-becf-1f8b7b5e788d,Brent Silva,"92055 Kelley Locks Port Zoefort, PA 13652",379.299.8642x893,whamilton@hotmail.com,No,28-08-2023,8103,Yes,Comprehensive Health Plan
854bf354-494b-405b-9215-1165d295bc05,CPT-59192,Monthly,37199fd8-247b-4f18-8495-bcd85c931149,52733,Dr. Chloe Nichols,Valentine-Mitchell,Treatment: Administered peritoneal dialysis and provided post-treatment counseling.','Admission Start Date:24-02-2024; Admission End: 22-08-2024; Treatment: Treatment: Administered peritoneal dialysis and provided post-treatment counseling.'',Old camera talk.,22483,Lutz Inc,Approved,+1-156-004-8113x85240,"Moore, Campbell and Stanley",Critical Disease Specific Plans,370c5854-bb9d-4f7e-bcd5-ecee573127a9,Individual,30-04-2024,38347,784,07-04-2023,27-11-2024,GB13MEUF11541646067613,370c5854-bb9d-4f7e-bcd5-ecee573127a9,Benjamin Ellison,"25706 Ashley Lock Wilsonfort, AZ 70043",761.577.6361x0068,owilliams@powell-jackson.com,Yes,24-02-2024,7557,No,Disease-Specific Health Insurance Plans
2a277632-1b9d-4738-849a-9fd60312084a,CPT-91777,Annually,7d491276-1292-483e-9b09-e06278b0729f,48442,Dr. Bryan Porter,Coffey PLC,Treatment: Conducted hospital-based monitoring for critical dengue shock syndrome cases.','Admission Start Date:15-02-2020; Admission End: 09-05-2022; Treatment: Treatment: Conducted hospital-based monitoring for critical dengue shock syndrome cases.'',Image real attorney seven process moment.,71437,"Williams, Mills and Brown",Rejected,8649471612,"Harris, Keith and Smith",Covers Ambulance Fees,01d4a998-12bc-4f48-864a-ff7f3df77e4d,Corporate,28-09-2024,5772,925,04-09-2024,06-08-2025,GB92WVJJ11753770652740,01d4a998-12bc-4f48-864a-ff7f3df77e4d,Melissa Davenport,"18172 Sharon Overpass Suite 700 Stanleyview, DC 05772",+1-750-379-4915x8272,dperry@miller.net,No,15-02-2020,8046,Yes,Senior Citizen Health Insurance Plans
ed2eb571-fdb8-47af-9530-097e4c2fdc6e,CPT-22351,Monthly,b55c5b55-0ce1-44c8-9393-059d1e58a291,72772,Dr. William Elliott,"Cooper, Sanchez and Davies",Treatment: Conducted angioplasty and monitored for complications.',Citizen organization view individual. Mouth three southern American price left increase.,Call either suddenly tend phone and.,5086,Werner Inc,Approved,151.173.6395x836,"Hernandez, Castro and Miller",Hospitalisation Benefits,9010c3db-c2c1-4780-add9-069fef74eba9,Individual,02-06-2023,36953,547,02-02-2022,01-04-2024,GB79IBEF54961356587153,9010c3db-c2c1-4780-add9-069fef74eba9,Craig Walker PhD,"8846 Howell Underpass Gibbsmouth, MD 81183",(429)589-1137,andrew63@carter-schaefer.info,No,10-01-2020,1935,Yes,Comprehensive Health Plan
20134e3a-c484-4fad-85f2-7738b7c2425c,CPT-19189,Annually,8ddbb553-bc85-4fbe-882f-75efd66c37cc,79918,Dr. Stacy Sampson,"Perez, Frey and Johnston",Treatment: Managed complications of chronic kidney disease through hospitalization and dialysis sessions.','Admission Start Date:10-03-2021; Admission End: 31-12-2023; Treatment: Treatment: Managed complications of chronic kidney disease through hospitalization and dialysis sessions.'',Through start finally close force manage.,59724,Reynolds Ltd,Rejected,(749)835-9397,Clark-Jackson,Hospitalisation Benefits,c7585ead-ff82-47d7-b0e7-5b6294969db7,Individual,22-08-2024,34253,99,25-12-2021,19-04-2025,GB28DWEW03698143993916,c7585ead-ff82-47d7-b0e7-5b6294969db7,Pamela Herrera,Unit 5903 Box 2643 DPO AA 52528,(449)238-2704,erikmiller@king-smith.net,No,10-03-2021,1188,Yes,Senior Citizen Health Insurance Plans
8a86ef52-09bd-4873-8b28-c4a0270788bb,CPT-76934,Monthly,6b3592d0-51de-4a60-9c02-7434e74684b8,22838,Dr. David Oneill,Hernandez Group,Treatment: Conducted angioplasty and monitored for complications.',Go care analysis all allow effort. Book choose institution enough benefit growth above.,Fund drug second girl.,57120,Bell-Wiley,Rejected,(963)594-8970x7715,Howard Group,Covers Ambulance Fees,a6edc4b2-c98b-40e8-98ea-72b3b81900db,Individual,17-01-2025,95264,340,05-05-2024,26-05-2025,GB91CLIY77296003475765,a6edc4b2-c98b-40e8-98ea-72b3b81900db,Ronald Miller,"80906 Rhonda Avenue North Alexa, NJ 47502",-8902,imontgomery@hardin.net,Yes,16-02-2023,1368,No,Senior Citizen Health Insurance Plans
55946847-a15b-425b-ab97-79f5ecd781d1,CPT-40290,Quarterly,aaa2e0ce-1a3a-4a94-8303-0e72eb362151,73979,Dr. Dr. Samantha Holmes,"Graham, Simmons and Blake",Treatment: Administered post-operative eye drops and advised on vision recovery.',Form just much likely state serve experience. Science attack then type address address so prepare.,Resource sign only decade likely.,1010,Glenn Group,Approved,352430465,"Williams, Humphrey and Gardner",Critical Disease Specific Plans,57bf57fb-bff4-4bb8-ba0e-87ccb6e72633,Individual,07-10-2024,74463,376,27-07-2024,10-03-2025,GB17GTTF67492024024166,57bf57fb-bff4-4bb8-ba0e-87ccb6e72633,Sean Hughes,"76015 Lawrence Point Apt. 282 Stephanieton, VT 38755",(077)927-0169x3393,robert15@mcdonald.com,No,18-02-2021,5899,No,Disease-Specific Health Insurance Plans
2b41b4e6-9c52-4c65-b27c-4a682dca9080,CPT-40945,Annually,082c7b23-b81a-4cd2-9da2-9d989ebfb3ab,71213,Dr. Tina Hill,"Turner, Garcia and Foster",Treatment: Provided intravenous fluids and electrolyte therapy for severe dehydration.',Rich do commercial center. Yourself memory back stock energy over senior.,Race side similar in college vote.,76348,Cruz PLC,Approved,213.175.7049x8046,Taylor-Young,Includes Yearly Medical Check-Ups,0de2c972-3c10-473b-b3c2-9810a60c26b5,Corporate,30-03-2022,69420,107,23-10-2021,19-07-2022,GB77IQGB67105289668973,0de2c972-3c10-473b-b3c2-9810a60c26b5,Steve Hopkins,"088 Christopher Point Apt. 819 Jenniferhaven, ND 36549",697-665-7869x72410,lswanson@yahoo.com,No,22-02-2023,1553,No,Senior Citizen Health Insurance Plans
a6621102-df62-4497-a20e-3abb7b8697d5,CPT-58518,Monthly,5ce88d53-3c77-4b07-bbd6-5ff8cae87304,58859,Dr. Jordan Tate,"Chavez, Hogan and Kelley",Treatment: Provided cardiac rehabilitation and prescribed medications for recovery.',Attorney support believe save pressure bed instead.,Smile game less treatment left majority.,59002,Summers-Griffith,Rejected,156-582-7491,Pennington-Gilbert,Covers Ambulance Fees,ae2b86bc-ef57-47c7-9ac6-d06702155151,Family,07-11-2024,47823,68,20-08-2024,02-04-2025,GB77SHHF16193182885781,ae2b86bc-ef57-47c7-9ac6-d06702155151,Jose Weaver,"85259 Lopez Loop Suite 569 East Monica, NY 56295",030.937.9628x433,gravesjohn@yahoo.com,No,22-02-2025,5226,Yes,Senior Citizen Health Insurance Plans
160a5e43-6c25-4432-a2cd-5fca04b1f43b,CPT-77442,Monthly,7efc8036-7ef4-4f10-8bfe-92bbc3a6147c,60792,Dr. Allen Cook,Buckley Ltd,Treatment: Conducted surgical intervention for lung cancer patients.',Report deep teacher about cup similar.,Citizen when sea west fine process.,10603,Campos-Woodard,Rejected,554.170.7772x5778,"Cross, Williams and Marsh",Critical Disease Specific Plans,4f66026b-9b9a-4d02-9e85-709efb614288,Family,05-06-2023,49383,743,22-05-2023,15-07-2023,GB59RKIH90646210267395,4f66026b-9b9a-4d02-9e85-709efb614288,Michael Zavala,"867 Murillo River Apt. 922 East Lori, OR 39927",844.094.2174x60009,krystal32@hotmail.com,Yes,10-01-2024,9691,No,Disease-Specific Health Insurance Plans
93cda937-1a0c-4036-b1a6-058bc5504577,CPT-55169,Monthly,78816a96-678a-4a8f-8f26-b23ac45d001e,9936,Dr. Dr. Debra Scott,Hill-Wilson,Treatment: Conducted postpartum evaluation and counseling on lactation.',Could identify case kid.,Home stock build first baby pretty girl.,85781,Gill Group,Rejected,561-012-4222,Hoover Group,Diabetes-Specific Benefits,16fa1c31-0e1a-469a-8e4e-d8f1b6d7a512,Family,02-10-2022,73865,505,16-02-2020,04-11-2022,GB88QKSD03913200758235,16fa1c31-0e1a-469a-8e4e-d8f1b6d7a512,Tracy Dixon,"93128 Thompson Land North Kendraland, NY 28736",(319)996-9167x351,kanedanny@jackson.org,Yes,19-07-2024,4650,Yes,Senior Citizen Health Insurance Plans
9313ad24-a3c8-4e50-b073-5f94ebdc3b70,CPT-99257,Monthly,794d203b-3840-4ebc-b039-938c1b574542,96286,Dr. Jon Martinez,"West, Clay and Raymond",Treatment: Administered antibiotics for infection control.',Young small staff. Culture hold turn law exactly.,Exactly relate ok top television history.,6719,Miller-Howe,Rejected,810-169-5595,"Duran, Choi and Williams",Critical Disease Specific Plans,181de76a-5cb3-4770-871c-d1af345f20a4,Family,22-01-2021,35961,993,20-01-2021,22-05-2021,GB96QTBC78744648774972,181de76a-5cb3-4770-871c-d1af345f20a4,Ashley Mccoy,"045 Clark Turnpike Apt. 334 Lindashire, MI 21741",621.438.5325x32784,znewman@walton.info,Yes,13-06-2024,8255,Yes,Disease-Specific Health Insurance Plans
030342b0-3dc6-4c69-9580-d94eed84a6d8,CPT-48315,Monthly,a701e623-9556-4f87-9342-fa2d98cf7d42,33326,Dr. Daniel Fischer,"Lindsey, Morgan and Bailey",Treatment: Assessed pre-surgery and provided comprehensive eye care instructions.','Admission Start Date:08-06-2023; Admission End: 19-05-2024; Treatment: Treatment: Assessed pre-surgery and provided comprehensive eye care instructions.'',Teacher lot economy actually.,76729,Mcdonald-Garrett,Approved,555968952,"White, Williams and Patterson",Low-Cost Premium for Young People,82a69e30-7992-4075-93ab-d923b6c8d07e,Individual,02-03-2025,13854,521,01-10-2024,03-07-2025,GB79NOJK97494447253432,82a69e30-7992-4075-93ab-d923b6c8d07e,Riley Graves,"819 Osborn Divide Kathyton, IL 88450",289.826.6321x1100,ebyrd@gmail.com,Yes,08-06-2023,8032,Yes,Comprehensive Health Plan
986c7a2e-ccdb-44bd-bcb5-9e8575e6b241,CPT-12549,Annually,bda17891-0f25-4541-8168-8f79c966f92f,31587,Dr. Jesse Ward,Gonzalez LLC,Treatment: Assisted with delivery and provided neonatal care.',Scientist half stand beat.,According suffer recently PM six produce.,98242,Shepard Ltd,Approved,(485)174-9014,"Phillips, Johnson and Morrison",Hospitalisation Benefits,01893e37-ab77-47cb-b746-e06d45fc18c6,Individual,12-11-2022,56458,603,05-04-2021,01-02-2023,GB92HINF83125154753263,01893e37-ab77-47cb-b746-e06d45fc18c6,Matthew Alexander,"893 Henderson Trail South Shawn, NV 65223",+1-101-692-1217x019,rileyvictoria@yahoo.com,No,07-08-2021,1008,Yes,Comprehensive Health Plan
59719d45-3bc1-40d8-b676-19d6c2be1335,CPT-44812,Monthly,f9168212-e00e-4651-91bf-3825cc59f03b,38587,Dr. Jay Brown,"Herring, Davis and Kim",Treatment: Performed coronary artery bypass surgery successfully.','Admission Start Date:21-08-2021; Admission End: 30-12-2022; Treatment: Treatment: Performed coronary artery bypass surgery successfully.'',Development small kid. Class move beyond shake.,29209,"Cross, Gallagher and Ferguson",Approved,001-130-622-6547x58313,Kent and Sons,Eye and Vision Care,beb2749c-cf23-46c9-b0ce-30f9cda6ddb5,Corporate,15-01-2025,38791,710,22-12-2024,27-12-2025,GB69FYJW48722022759557,beb2749c-cf23-46c9-b0ce-30f9cda6ddb5,John Cunningham,"84403 Tyler Dale Apt. 690 West Jamesstad, VT 05938",001-737-303-4676x55086,bryangriffith@hotmail.com,Yes,21-08-2021,3757,Yes,Comprehensive Health Plan
68a511ca-fa52-494d-b9d9-5cdebc355c86,CPT-31950,Annually,ddc52ceb-e467-4dcb-8226-6bc38b76b96d,30494,Dr. Mr. Jacob Foster,Shaffer Group,Treatment: Performed cataract removal and implanted intraocular lens.',Side increase loss. National pick available skin note unit.,Road law stuff simply.,92879,"Burgess, Calhoun and Smith",Rejected,001-643-064-6066,Bowen-Nunez,Hospitalisation Benefits,ff2fec39-ee39-4bf0-9451-19da5918f86d,Corporate,28-11-2023,21399,648,15-12-2022,06-05-2024,GB16RXRJ51274750411187,ff2fec39-ee39-4bf0-9451-19da5918f86d,Jennifer Chavez,"913 Camacho Unions South Nicole, MI 48679",059-443-1876,saundersbethany@mccoy.biz,Yes,10-12-2024,3995,No,Comprehensive Health Plan
26e0842d-1e3b-49c9-aa2d-99ff197b7ff4,CPT-47312,Monthly,570425fb-5689-42ea-a425-526988fb29f5,37561,Dr. Ashley Rodgers,Espinoza-Romero,Treatment: Assessed pre-surgery and provided comprehensive eye care instructions.','Admission Start Date:22-06-2023; Admission End: 07-07-2025; Treatment: Treatment: Assessed pre-surgery and provided comprehensive eye care instructions.'',East miss these believe.,45757,James LLC,Approved,(380)518-0052,Elliott-Hall,Critical Disease Specific Plans,248d276a-445b-41d7-93f6-97497569828a,Corporate,05-11-2024,15073,672,24-09-2024,30-07-2025,GB43BABT37041218383238,248d276a-445b-41d7-93f6-97497569828a,Melanie Morgan,"089 Kristen Plains Alexport, KS 23329",001-317-865-7672x189,tara56@haas-hendricks.com,No,22-06-2023,8431,Yes,Disease-Specific Health Insurance Plans
916ef85e-0f85-4caf-a134-30b6b3ea7bc1,CPT-59308,Monthly,3a5d0fb3-cfa9-4f26-bd1e-5772169d5b06,94015,Dr. Samuel Scott,Chapman-Stein,Treatment: Administered bronchodilators and oxygen therapy for chronic obstructive pulmonary disease (COPD).',Student job happen include operation hope difficult drive.,Fast teach kid hot husband.,52920,Moore PLC,Rejected,310.972.0839x387,Dickson-Smith,Protection from Growing Medical Expenses,a29022bb-68b8-4b4f-8337-be6652ef291b,Corporate,06-07-2024,19604,814,14-04-2024,18-12-2024,GB96ARFH92530932033536,a29022bb-68b8-4b4f-8337-be6652ef291b,David Stewart PhD,USNS Gibson FPO AP 47673,+1-357-114-1841x49525,raymondarnold@gmail.com,Yes,12-03-2022,1906,No,Senior Citizen Health Insurance Plans
54f22dfe-66b4-4e3a-9dfb-115e019a375e,CPT-39288,Quarterly,b5638be8-3761-4370-a883-35f00b8dc36b,99299,Dr. Sherri Thomas,Burns-Carey,Treatment: Managed acute pulmonary embolism through anticoagulation therapy under close supervision.',Moment even reality fire. Score around his.,Lay radio by war now yeah power.,76815,Ballard PLC,Rejected,123-290-6457,"Owens, Perez and Price",Covers Ambulance Fees,a9d9a567-3384-4c9a-a98d-6810f39656be,Family,18-02-2025,46452,383,05-02-2025,09-01-2026,GB49NTYZ15336868465926,a9d9a567-3384-4c9a-a98d-6810f39656be,Anthony Morris,"1448 Daniel Light New Kevinhaven, UT 06212",116.613.4610,williamsmarissa@gmail.com,Yes,08-09-2023,6137,No,Senior Citizen Health Insurance Plans
0d4a483d-d448-4451-9b81-bb0640bb6030,CPT-56959,Quarterly,57d76086-6961-4b53-a2df-41b66d1547cc,87905,Dr. Yvonne Parsons,Edwards and Sons,Treatment: Conducted follow-up after laser cataract surgery.Monitored and managed platelet count through blood transfusion during dengue fever.','Admission Start Date:12-08-2020; Admission End: 13-12-2022; Treatment: Treatment: Conducted follow-up after laser cataract surgery.Monitored and managed platelet count through blood transfusion during dengue fever.'',Artist medical own skin total sing.,60822,Gilbert and Sons,Rejected,900.979.4488,"Robinson, Coleman and Brown",Critical Disease Specific Plans,e804eaa2-f1ed-4dc3-8a54-5b99f4a548e3,Family,07-08-2023,54577,340,24-06-2022,30-01-2024,GB67JXYL21850058617523,e804eaa2-f1ed-4dc3-8a54-5b99f4a548e3,Robert Johnson,"1818 Perry Mills Costahaven, OR 31315",524.071.6099x2049,pjones@cruz.com,No,12-08-2020,8082,Yes,Disease-Specific Health Insurance Plans
5eab7036-09d7-4343-bea9-8f8df10700b7,CPT-36419,Quarterly,29c58630-1eb4-4aa1-aad3-3ae73ed3a0c9,67202,Dr. Daniel Ray,Gonzalez Inc,Treatment: Managed acute pulmonary embolism through anticoagulation therapy under close supervision.',Laugh star conference health.,Him nothing surface build international.,61057,Nguyen-Wallace,Approved,342-778-3905x789,"Graham, Smith and Stevens",Critical Disease Specific Plans,e0863218-de67-4789-82be-793685fe2f62,Family,07-09-2022,11400,298,30-07-2020,10-06-2023,GB56SZOA70939600876951,e0863218-de67-4789-82be-793685fe2f62,Amy Allen,"457 Anderson Green Hamiltontown, OK 68185",001-833-629-0075x11095,medinarobert@garrett.com,Yes,20-03-2022,5931,Yes,Disease-Specific Health Insurance Plans
0a2504d2-9b59-43b7-8096-642934856341,CPT-83321,Quarterly,23f9e19f-de4a-403b-9a58-178f6b981bb2,59103,Dr. Sonia Campbell,Salinas Group,Treatment: Administered post-operative eye drops and advised on vision recovery.',Attorney physical evidence strong. Say young bill similar factor.,Present wear indeed state wall out.,41505,"Frederick, Allen and Rodriguez",Rejected,-6981,"Brown, Campbell and Miller",Critical Disease Specific Plans,bbac74ac-6de3-4773-8b24-11c656c136fc,Individual,13-01-2025,57366,27,21-04-2024,26-11-2025,GB03QDOO54684150163590,bbac74ac-6de3-4773-8b24-11c656c136fc,William Perez,"7653 Rogers Path Apt. 383 Mathewland, WI 56812",+1-799-721-8154x76976,millermaria@dixon-turner.com,No,28-04-2020,8061,No,Disease-Specific Health Insurance Plans
6dc69d74-9db8-40e8-8992-064d5863469c,CPT-92919,Monthly,956e3480-15b2-48e1-93cd-5d78a7745594,18345,Dr. Julia Watson,Morrison-Salinas,Treatment: Performed minor surgery for injury repair.','Admission Start Date:30-05-2023; Admission End: 19-07-2024; Treatment: Treatment: Performed minor surgery for injury repair.'',Age medical why something.,26539,Thomas LLC,Rejected,+1-403-012-2297x1556,"Fitzpatrick, Conley and Jones",Diabetes-Specific Benefits,a459b85b-8dac-4186-9296-4f865fd87c8a,Family,05-03-2024,38442,963,18-12-2022,07-11-2024,GB88NUKB06174060505040,a459b85b-8dac-4186-9296-4f865fd87c8a,Devin Thompson,"93723 Deborah Causeway Suite 290 Chenburgh, AL 57044",272.765.6342x11397,timothyholmes@blackwell-smith.com,No,30-05-2023,6756,No,Senior Citizen Health Insurance Plans
1c976dcf-3bd2-4c05-99fc-cc23f96b217d,CPT-12537,Monthly,8c4b08b1-823a-4537-bd64-d5bf104baa4c,62097,Dr. Justin Harmon,Best-Sanford,Treatment: Conducted hospital-based monitoring for critical dengue shock syndrome cases.','Admission Start Date:18-10-2024; Admission End: None; Treatment: Treatment: Conducted hospital-based monitoring for critical dengue shock syndrome cases.'',Air if usually forget picture.,1832,Gallegos LLC,Approved,121-465-7607,Turner and Sons,Dental Treatment Coverage,220c71bd-3a15-46e6-a3f9-fc85dad2e486,Corporate,04-07-2022,78642,232,02-05-2021,17-06-2023,GB47PCFA48975007756726,220c71bd-3a15-46e6-a3f9-fc85dad2e486,Vicki Johnson,"97916 Cheryl Drive Suite 976 New Melissa, IL 69928",+1-972-571-1526x5667,sandra01@hoffman.com,No,18-10-2024,3470,Yes,Senior Citizen Health Insurance Plans
c8423c04-a814-4ad1-b508-ce0a5f11b85f,CPT-93499,Monthly,ad9ea896-5732-42ba-994e-5749b9dee080,24841,Dr. Laura Evans,Lyons PLC,Treatment: Administered antipyretics and managed symptoms of dengue hemorrhagic fever.','Admission Start Date:16-12-2021; Admission End: 06-09-2022; Treatment: Treatment: Administered antipyretics and managed symptoms of dengue hemorrhagic fever.'',Indeed serious south travel.,52592,"Perez, Ramos and Scott",Approved,152-842-8222,Martin Inc,Critical Disease Specific Plans,52c46bc8-db0f-4ae1-b007-d822831c57ee,Corporate,11-07-2023,59451,954,22-10-2020,17-12-2023,GB75NDEC11650128628419,52c46bc8-db0f-4ae1-b007-d822831c57ee,Bobby Bates,"2775 Jordan Avenue East Samuelport, HI 34049",853.152.9462x61280,levypaul@harris-aguilar.net,No,16-12-2021,2444,No,Disease-Specific Health Insurance Plans
1ad6f08e-cedc-429f-8440-bcc8e2ec9b99,CPT-46846,Monthly,ec2f2576-21fb-4d81-99ce-9023eb8a5ba7,35035,Dr. Earl Brown,Reed Inc,Treatment: Performed cataract removal and implanted intraocular lens.',Seek as report.,Budget later media their director who another.,5762,Porter-Martinez,Approved,(329)616-0778,"Figueroa, Cole and Jenkins",Includes Yearly Medical Check-Ups,f0d36735-846e-4053-bc22-2c273969fc44,Individual,05-12-2024,78735,943,07-09-2021,21-05-2025,GB56DUNN30180911189561,f0d36735-846e-4053-bc22-2c273969fc44,Ashley Leblanc,"6572 Ballard Mountains Apt. 562 Andersonland, DC 39364",371-669-2309x55457,cassandra19@yahoo.com,No,23-12-2021,5593,No,Senior Citizen Health Insurance Plans
475a110d-d8b3-461e-bfca-ecd6e541d579,CPT-88861,Monthly,a26549c4-03c6-42ee-be06-1a2e99fd2a20,28090,Dr. Paige Jimenez,Morton-Herman,Treatment: Administered post-operative care for valve replacement surgery.','Admission Start Date:26-04-2023; Admission End: 10-07-2025; Treatment: Treatment: Administered post-operative care for valve replacement surgery.'',Community stop natural keep American.,55884,Davis PLC,Rejected,142-861-5822x984,"Taylor, Vargas and Russell",Critical Disease Specific Plans,07bd440d-4795-4d4c-9d0d-6a7f94c397f9,Corporate,19-12-2024,18140,897,09-02-2020,11-09-2025,GB50MEES09447619363342,07bd440d-4795-4d4c-9d0d-6a7f94c397f9,Danielle Patton,"15829 John Run Apt. 855 Parkerstad, NM 29102",(702)185-5337,davidcarroll@sullivan.biz,No,26-04-2023,216,Yes,Disease-Specific Health Insurance Plans
d203152c-948e-4637-8221-a1610063133e,CPT-62418,Monthly,84d38640-9895-4ecf-95f3-e470dbc6695b,73322,Dr. Sarah Stone,"Carter, Hoover and Murray",Treatment: Provided prenatal care and routine ultrasound monitoring.',Floor thousand including choose writer style run per. Threat address explain nice stay his property lay.,Dark give eat learn feeling.,79043,Harris PLC,Rejected,+1-213-775-7166x5937,"Smith, Nash and Morgan",Mental Health Care,04fa68b9-d01e-4aeb-99fb-20c7189acec7,Individual,24-10-2024,93108,348,15-10-2024,06-08-2025,GB73YXWY12645523736429,04fa68b9-d01e-4aeb-99fb-20c7189acec7,Danielle Miller,"033 Clark Inlet Apt. 542 Lucashaven, ND 71115",397.520.5925,daniel70@collins.com,No,27-04-2023,2262,No,Comprehensive Health Plan
b01f2a35-7a0d-400a-a6a9-34baea4e4270,CPT-90951,Monthly,9a8d2ca2-55db-47d4-b33d-e724b3376c92,53403,Dr. Alan Ellis,"Gomez, Campbell and Cooper",Treatment: Administered antipyretics and managed symptoms of dengue hemorrhagic fever.','Admission Start Date:02-03-2021; Admission End: None; Treatment: Treatment: Administered antipyretics and managed symptoms of dengue hemorrhagic fever.'',Pick boy last.,5616,"Nichols, Williamson and Vazquez",Rejected,(270)858-9389x0749,"Sosa, Hart and Houston",Critical Disease Specific Plans,22f3896e-9a36-44f4-be66-40c937ef83b3,Family,02-12-2020,50941,639,20-03-2020,03-12-2020,GB38NCOQ01245844524974,22f3896e-9a36-44f4-be66-40c937ef83b3,Craig Hale,"340 Mark Wall Apt. 219 Sherryton, DE 08276",001-993-466-5901x621,xgarcia@yahoo.com,No,02-03-2021,2406,No,Disease-Specific Health Insurance Plans
955b8ced-569e-4be2-a479-1b9c9d5bc6a7,CPT-53423,Quarterly,546c5ed6-3edb-4d9b-9e7e-7d298f2fdc0f,1618,Dr. Amanda Clark,Mcmillan Group,Treatment: Administered peritoneal dialysis and provided post-treatment counseling.','Admission Start Date:28-02-2020; Admission End: 05-02-2025; Treatment: Treatment: Administered peritoneal dialysis and provided post-treatment counseling.'',Available sometimes probably less.,73893,Green-Vega,Approved,001-849-933-2203,Long-Kennedy,Eye and Vision Care,9146178d-48f4-44f2-8f18-68b35fd1348d,Family,09-03-2025,27417,486,25-07-2022,25-12-2025,GB02GZMO69764538381843,9146178d-48f4-44f2-8f18-68b35fd1348d,Robert Krause,"28471 Wesley Spur Apt. 770 Lake Timothy, CA 12297",-8314,phillipshayley@hotmail.com,No,28-02-2020,4962,Yes,Comprehensive Health Plan
36919a04-4e3c-46f6-abdd-4d34cbcc011e,CPT-83316,Quarterly,6aadb1bf-7519-4779-993c-37498675553a,16204,Dr. Gabriel Hernandez,Malone-Smith,Treatment: Vi',Or shoulder bill. Few experience campaign different how.,My fly prove before girl.,48336,Sandoval LLC,Approved,527.935.8474,Bond Ltd,Skin and Dermatology Care,47a23343-0784-4cc9-b66a-72452f064ed5,Individual,01-05-2024,83546,929,22-08-2023,21-04-2025,GB43LUSV82210943804502,47a23343-0784-4cc9-b66a-72452f064ed5,Scott Cox MD,"13434 Green Mount Carterburgh, AK 36940",+1-333-888-1399x75981,john59@randall.com,No,24-08-2021,7163,Yes,Comprehensive Health Plan
39f1a6e3-b451-4d9b-acf3-ec43e4411485,CPT-69079,Quarterly,fdfc497a-88c3-459c-a8c6-b2e5a3435a92,88178,Dr. Shawn Tran,Contreras-Watson,Treatment: Administered peritoneal dialysis and provided post-treatment counseling.','Admission Start Date:16-08-2024; Admission End: 28-10-2025; Treatment: Treatment: Administered peritoneal dialysis and provided post-treatment counseling.'',Its woman response cover home.,90336,Smith Group,Rejected,001-608-510-3131x530,Martin Inc,Diabetes-Specific Benefits,ab65b387-21da-4a96-93ee-272a61bb1264,Individual,19-02-2025,7666,533,21-01-2025,31-10-2025,GB95YJYQ99399699804741,ab65b387-21da-4a96-93ee-272a61bb1264,David Bell,"PSC 9928, Box 2749 APO AP 17305",479922848,fmoore@bailey-love.org,No,16-08-2024,9149,Yes,Senior Citizen Health Insurance Plans
a3625cf6-c661-40c5-871c-6aa92eab0b6e,CPT-52973,Annually,4d72ffc3-31ec-4f3d-93a5-48dc27546284,51020,Dr. Lindsay Franklin MD,Cole PLC,Treatment: Provided physiotherapy for mobility improvement.',Drive have issue course strong. There south again unit record machine sell.,Record opportunity daughter career five.,45428,"Barnes, Kelly and Evans",Approved,001-402-828-1553,Doyle LLC,Critical Disease Specific Plans,91a7f77d-95d0-40fd-801e-c1d571a26013,Family,25-12-2024,4468,205,11-11-2024,17-04-2025,GB32BOUY03208515124601,91a7f77d-95d0-40fd-801e-c1d571a26013,Matthew Martinez,USCGC Smith FPO AE 18979,(537)940-0780x3098,rileysamantha@ortiz-riley.com,No,24-04-2023,6684,No,Disease-Specific Health Insurance Plans
fc801e6d-4997-4dbb-9267-ae0e14ac0071,CPT-54992,Quarterly,abc31c65-b2c8-47cf-89c2-bbae6c76f89c,57628,Dr. James Thomas,Duke and Sons,Treatment: Provided cardiac rehabilitation and prescribed medications for recovery.',Hospital the worker success staff necessary. Control near benefit director less beautiful.,Likely huge kind.,50715,"Reed, Boyd and Avila",Approved,230.174.6406x179,Kaufman-Richards,Diabetes-Specific Benefits,97d31dcd-0c2e-49cc-8288-cd4af8580677,Family,16-02-2024,31240,271,17-07-2020,15-11-2024,GB66CZYK37810089521329,97d31dcd-0c2e-49cc-8288-cd4af8580677,Matthew Williams,"PSC 6286, Box 0207 APO AA 50247",004.843.4299x67051,daniel10@hotmail.com,No,25-09-2020,7144,Yes,Senior Citizen Health Insurance Plans
17e56315-dba7-4e80-9bb6-e3839c49394d,CPT-30857,Quarterly,ead35518-f4cb-4b32-bdcf-7018768355b1,60522,Dr. Brittany Walker,Ball-Taylor,Treatment: Administered post-operative eye drops and advised on vision recovery.',Rich particular half. Product heart again beautiful live.,Worry simply almost close.,69397,"Rocha, Moses and Fisher",Rejected,+1-155-875-6444x9293,Bonilla-Costa,Skin and Dermatology Care,0b85a881-d32d-4212-a756-e254679e70ee,Individual,19-12-2020,42760,422,19-05-2020,11-10-2021,GB72VECR83370567821889,0b85a881-d32d-4212-a756-e254679e70ee,Kevin Hall,"22602 Shane Lights Monicaberg, VT 95292",(116)332-1441x4198,droach@howell-cole.biz,No,16-09-2021,5529,No,Comprehensive Health Plan
b03331d8-f10c-4f4f-9351-9ee9390b882e,CPT-78778,Annually,87f5b04a-0202-48e9-9955-6d6a2c812b57,32141,Dr. David Boone,Brown-Miller,Treatment: Administered supplements for maternal health and fetal development.',Soon each wall wide within.,Treatment the energy.,89029,Carter LLC,Rejected,(402)955-2396,Richardson Group,Critical Disease Specific Plans,c12c80d6-f68e-4e15-8645-9b516c56ff12,Individual,01-05-2023,64014,452,02-01-2020,25-04-2024,GB38WZPS47303288859635,c12c80d6-f68e-4e15-8645-9b516c56ff12,Danny Mcguire,"985 Hoffman Groves Apt. 648 Rodriguezberg, ID 71062",(236)244-6026,rayamy@gmail.com,No,06-08-2021,5663,Yes,Disease-Specific Health Insurance Plans
3e7466eb-6ef2-4627-aa2c-4afda65e319e,CPT-47628,Monthly,6551693b-92ce-4c2b-a5c0-096764eae153,82614,Dr. Alyssa Rice,Waters-Hart,Treatment: Provided prenatal care and routine ultrasound monitoring.',For under executive media fear day.,One buy person region.,26817,"Edwards, Thomas and Brewer",Approved,(814)747-5106x033,Simmons PLC,Includes Yearly Medical Check-Ups,73158528-93a7-4589-84d6-242c174d789d,Family,21-04-2023,56253,92,19-10-2021,17-03-2024,GB54UOHL88824673594985,73158528-93a7-4589-84d6-242c174d789d,Carla Palmer,"7902 Melissa Gardens Suite 469 South Shawnmouth, KY 35126",(244)801-9482x658,brandonhernandez@hotmail.com,No,06-12-2021,3452,Yes,Comprehensive Health Plan
33ea3b18-35a3-41d4-ad18-4a4e2eaff8da,CPT-42570,Annually,dc23a85a-4fd9-4fb4-a618-87ec35971f71,53395,Dr. Derek Bowman,Randall-Nguyen,Treatment: Conducted follow-up after laser cataract surgery.Monitored and managed platelet count through blood transfusion during dengue fever.','Admission Start Date:12-04-2024; Admission End: 22-01-2025; Treatment: Treatment: Conducted follow-up after laser cataract surgery.Monitored and managed platelet count through blood transfusion during dengue fever.'',Treat me top east stage environment relate.,20364,Hammond LLC,Approved,+1-816-175-1708x767,Tucker LLC,Critical Disease Specific Plans,4ab7ec3b-a5c6-45e5-945d-44031b219043,Individual,14-01-2025,8999,771,04-05-2024,11-04-2025,GB15GJEV74999934190499,4ab7ec3b-a5c6-45e5-945d-44031b219043,Patrick Lopez,"6314 Johnson Center Port Gregoryport, MA 44759",3147851788,william88@olson-moore.org,Yes,12-04-2024,768,No,Disease-Specific Health Insurance Plans
fc5b81dc-b240-4c60-af9b-2b789c4f69e4,CPT-17783,Monthly,988692f8-1cf8-45c9-939e-80ffc2f567b7,54882,Dr. Matthew Dyer,Warren-Fields,Treatment: Administered bronchodilators and oxygen therapy for chronic obstructive pulmonary disease (COPD).',Explain might audience color drop player.,Sort both must position yourself choice.,94933,"Cox, Calderon and Murphy",Rejected,(514)530-1568x25414,"Woods, Payne and Brown",Critical Disease Specific Plans,ff460d8b-ecfc-4ab7-9998-70bc0396d464,Family,15-04-2023,47813,667,15-04-2023,25-09-2023,GB41VCPA11580449973492,ff460d8b-ecfc-4ab7-9998-70bc0396d464,Mark Lee,"94449 Welch Fields Apt. 876 Tracyton, OR 81542",857-913-2038,gary90@yahoo.com,No,21-02-2020,1303,Yes,Disease-Specific Health Insurance Plans
802e885d-36a2-4ead-935b-c4d7766ee949,CPT-39835,Monthly,9bfc1533-0995-4ae3-9296-b9a6754045cb,20766,Dr. Miss Caitlin Walker,"Phelps, Johnson and Bowman",Treatment: Provided care for acute kidney injury requiring urgent dialysis.','Admission Start Date:10-11-2021; Admission End: 14-10-2024; Treatment: Treatment: Provided care for acute kidney injury requiring urgent dialysis.'',Letter indicate far quite no Democrat.,16867,"James, Hamilton and Campos",Approved,+1-231-731-5101x460,Graham Inc,Critical Disease Specific Plans,fd79a66b-66bb-4835-a941-d1fa933c3398,Corporate,28-08-2024,14889,18,20-05-2020,19-05-2025,GB02KRWP31379056286889,fd79a66b-66bb-4835-a941-d1fa933c3398,Jorge Jenkins MD,"8303 Lee Groves Port William, OR 60350",001-986-370-5755x180,williamssarah@gray.org,Yes,10-11-2021,3266,No,Disease-Specific Health Insurance Plans
b9dde281-ed18-4279-9959-e0eaa9b31654,CPT-11260,Annually,8a1041cf-7c28-4158-a740-09f4fc12c74a,99346,Dr. Debbie King,Peterson-Berry,Treatment: Conducted follow-up after laser cataract surgery.Monitored and managed platelet count through blood transfusion during dengue fever.','Admission Start Date:16-04-2021; Admission End: 18-12-2023; Treatment: Treatment: Conducted follow-up after laser cataract surgery.Monitored and managed platelet count through blood transfusion during dengue fever.'',Meeting executive some no serve hundred.,32244,Francis-Guzman,Approved,061.292.0484x12134,Wyatt Inc,Hospitalisation Benefits,928cbe36-de95-4cff-a9a1-29e68dae9bc0,Family,06-02-2025,99148,939,08-01-2025,13-11-2025,GB49MOGT34927877058009,928cbe36-de95-4cff-a9a1-29e68dae9bc0,Sarah Wilkinson,"34708 Bryant Fords Morseburgh, WA 36918",1875833751,john21@brown-morris.com,No,16-04-2021,8273,Yes,Comprehensive Health Plan
27ccd83a-cbec-484f-829c-d4ea35b225e1,CPT-23951,Quarterly,1525fb7a-c1e8-4620-8cc6-3ef9ecf392e6,28572,Dr. Amber English,Banks-Archer,Treatment: Administered pain relief for post-operative recovery.',Expect dinner move anything still west memory.,Morning interesting idea perform network inside.,89780,Bruce Inc,Rejected,001-558-542-1746x570,Smith-Powell,Hospitalisation Benefits,dd22a17f-e491-4136-aa8c-ecfde6f0b83b,Family,23-11-2024,13895,823,27-05-2024,06-08-2025,GB83XTVG98963637187944,dd22a17f-e491-4136-aa8c-ecfde6f0b83b,Teresa Estrada,"10756 Patrick Mountain Suite 798 North Brian, PA 31875",218-310-5208x928,zhancock@hernandez.net,No,17-08-2023,6363,Yes,Comprehensive Health Plan
815e4f99-5c6d-494c-ac4e-b51c62a017d7,CPT-52910,Quarterly,0c30c78e-52d1-4ee5-93ed-1ab6bc9ad665,65313,Dr. Martin Miller,Ryan-Lee,Treatment: Administered antibiotics for infection control.',Notice doctor record view force pressure.,The door involve deep deal everything.,76357,Riley-Webb,Rejected,001-543-911-9470x23924,Barker-Huang,Critical Disease Specific Plans,c31fe46c-3f37-4fba-8184-0fe6ccb47abf,Individual,18-05-2023,89622,534,24-02-2023,25-11-2023,GB19JRDO88422730725545,c31fe46c-3f37-4fba-8184-0fe6ccb47abf,Bryan Estrada,"199 Moore Branch Harperborough, NE 03045",022.099.4538,batessarah@bowman.org,No,05-02-2021,4252,No,Disease-Specific Health Insurance Plans
0a867da5-5ffc-41ff-ac1b-c7999f2dec2c,CPT-29360,Annually,578e7d94-e11c-488d-967a-fcffa2365f98,47783,Dr. Sean Wright,Snow PLC,Treatment: Administered post-operative eye drops and advised on vision recovery.',Yard make up.,Day trouble discover present.,10970,"Bolton, Mcdonald and Harvey",Approved,+1-273-530-6519x1560,Wolf Ltd,Eye and Vision Care,8f36f2b2-7af1-4378-b473-cff8eb4bff4d,Individual,13-06-2024,67264,619,20-07-2022,12-08-2024,GB17EXXD30009638819356,8f36f2b2-7af1-4378-b473-cff8eb4bff4d,William Tran,"8959 Michael Road Lopezberg, WI 90929",139-014-6695,nkeith@gmail.com,No,17-06-2023,3370,No,Comprehensive Health Plan
e67cf775-a6a4-432b-80e0-7f1b1c674299,CPT-57260,Monthly,ae2a5583-e553-44bb-a0f4-856171e12ff9,40257,Dr. Aaron Mcknight,"Adams, Williams and Lopez",Treatment: Performed coronary artery bypass surgery successfully.','Admission Start Date:18-07-2023; Admission End: 29-02-2024; Treatment: Treatment: Performed coronary artery bypass surgery successfully.'',Provide region and case which.,98978,Ramirez Inc,Rejected,(814)919-7938x8811,"Santiago, Dalton and Clark",Covers Ambulance Fees,4598ec77-8527-473a-b957-3137e38f1e2f,Corporate,15-09-2023,13301,408,13-04-2021,01-09-2024,GB65MVUU66144562199508,4598ec77-8527-473a-b957-3137e38f1e2f,Evan Stewart,"509 Samuel Route Suite 862 New Nicholas, CA 47185",(528)310-2583,cynthia93@yahoo.com,Yes,18-07-2023,7371,Yes,Senior Citizen Health Insurance Plans
9f868e94-53bb-4ba9-9ca0-9772df0962ba,CPT-29683,Quarterly,3e45e340-cb53-4165-a5dc-3b5be14e573e,65920,Dr. Sarah Riddle,"Hunter, Flores and Wright",Treatment: Performed minor surgery for injury repair.','Admission Start Date:24-03-2021; Admission End: 23-05-2023; Treatment: Treatment: Performed minor surgery for injury repair.'',Dark pick indicate should country buy.,31765,"Hall, Obrien and Jackson",Approved,+1-980-848-5140x3349,Whitney PLC,Skin and Dermatology Care,220dbf2a-ae3c-48e3-b167-9d76f7227935,Individual,08-09-2024,30143,607,22-06-2023,24-06-2025,GB40RVCN76454483278018,220dbf2a-ae3c-48e3-b167-9d76f7227935,Jose Miller,"21060 Jones Union Suite 874 South Julie, VT 92133",(031)557-9747,heather78@costa.com,No,24-03-2021,8904,Yes,Comprehensive Health Plan
622025ee-f97d-4b3a-ae6f-23affa901dc5,CPT-52881,Quarterly,8d4ee920-0003-4611-84c3-1dc4ad8a8ba0,33998,Dr. Renee Harrison,"Gutierrez, Leblanc and Bass",Treatment: Performed cataract removal and implanted intraocular lens.',Reach audience poor design prevent knowledge.,Guess light site right American sit.,6073,Davidson and Sons,Approved,001-887-717-9542x9708,Miller-Kelly,Cardiovascular Health,eaf05eb9-5417-4d4d-83e9-063c1739eb3a,Corporate,25-12-2024,30970,894,19-12-2024,24-04-2025,GB97BTQD33768136729020,eaf05eb9-5417-4d4d-83e9-063c1739eb3a,Barbara Henry,"1276 Cheyenne Fall New Derrickburgh, ND 87252",(387)897-4710x843,jenniferalexander@aguirre.com,Yes,26-09-2023,8612,Yes,Senior Citizen Health Insurance Plans
d3823017-6620-4d0a-ad14-b5b049ae2f80,CPT-51730,Quarterly,a9452874-a2df-49e3-8981-fbb8c0f906a0,1331,Dr. Kristine Williams,"Johnson, Williams and Sullivan",Treatment: Provided physiotherapy for mobility improvement.',Himself term ready decide deep ten stand. Bed positive western would state.,Yes create increase else language letter.,81906,Schroeder-Baird,Rejected,+1-262-310-5411x031,Perez-Mills,Protection from Growing Medical Expenses,3d6ea98b-5645-4627-a259-f4af1c0f39e5,Corporate,21-08-2024,93671,999,22-11-2022,22-10-2024,GB61JYMF86421352572144,3d6ea98b-5645-4627-a259-f4af1c0f39e5,Lisa Palmer,"2871 Salinas Springs New Jose, NJ 88728",226-798-5739x468,walkercharlotte@frazier.com,No,28-11-2024,9159,No,Senior Citizen Health Insurance Plans
669f98b3-3b90-47df-a362-27e790220292,CPT-31206,Monthly,c3d8882f-23eb-49d8-bc7e-f3eeb6571b7c,93311,Dr. Jeffrey Smith,Patterson-Phillips,Treatment: Provided counseling for mental health support.',Development body church financial shoulder strategy road. Detail do method.,Mother enjoy today become say police.,53616,"Fischer, Stevens and Kim",Approved,001-220-535-9178x17006,"Jenkins, Wyatt and Strong",Mental Health Care,a126e607-e297-440e-978a-6694862d1587,Corporate,23-12-2023,43571,437,06-03-2021,31-08-2024,GB83PVLY11438362699537,a126e607-e297-440e-978a-6694862d1587,Jonathan Harrison,"1477 Lisa Neck Suite 427 Lake Travis, MT 99855",275.383.1789x1079,rodriguezvickie@yahoo.com,No,22-12-2024,4582,Yes,Comprehensive Health Plan
a3c80fbd-1083-4fd7-a2c9-90dc6086e6c1,CPT-61005,Annually,f888a8ac-3176-4825-8436-5cd6f47f2c3c,94664,Dr. Kelsey Jackson,"Coleman, Cole and Rodriguez",Treatment: Performed minor surgery for injury repair.','Admission Start Date:07-06-2021; Admission End: 18-12-2022; Treatment: Treatment: Performed minor surgery for injury repair.'',Process learn factor compare production always.,70516,Perez Inc,Approved,228.642.3544,"Howell, Mcmahon and Parker",Protection from Growing Medical Expenses,2ad39c27-c948-4470-9817-84c1ea6019b9,Corporate,18-09-2023,94136,744,19-03-2022,25-03-2024,GB44AQSA52011905562296,2ad39c27-c948-4470-9817-84c1ea6019b9,Jessica Tran,"93961 Maria Isle North Phillipton, AL 71019",-9793,ywarren@yahoo.com,Yes,07-06-2021,2724,Yes,Senior Citizen Health Insurance Plans
3d074517-0b67-4478-9e3c-03ba6c74655e,CPT-19291,Monthly,cdaf8ded-1f4b-4d76-b4c4-c13e28c0f4e4,15523,Dr. Michael Smith,Peterson-Tucker,Treatment: Provided prenatal care and routine ultrasound monitoring.',Student process stand very research power.,Watch issue today need business read.,17970,Villarreal Inc,Approved,+1-406-319-1989x067,Santiago-Gordon,Diabetes-Specific Benefits,601243d0-7f1c-48c4-bfe3-aac751735605,Individual,20-01-2024,60995,14,23-08-2021,27-10-2024,GB62DWHY73858040025195,601243d0-7f1c-48c4-bfe3-aac751735605,Jessica Pratt,"636 Joseph Via Apt. 355 South Tina, WY 46718",893.349.4848,thomas25@yahoo.com,No,27-08-2020,3319,No,Senior Citizen Health Insurance Plans
b5893d97-bd86-4e0c-8227-15e918f28d32,CPT-54726,Annually,b17e6853-6494-49f3-9ad0-f3c193e77710,17564,Dr. Caroline Winters,"Sherman, Harris and Powell",Treatment: Administered supplements for maternal health and fetal development.',Somebody finish marriage development involve agree trouble. May drive official lead continue.,Long why boy sport media man available.,23792,"Moore, Peterson and Bartlett",Approved,740.899.7226,Robles-Baldwin,Critical Disease Specific Plans,d268139b-842e-4811-b2a0-9380cb37f1e6,Family,02-11-2024,91444,880,02-08-2024,31-07-2025,GB35LFYB88888766022184,d268139b-842e-4811-b2a0-9380cb37f1e6,David Hoover,"63163 Reginald Ville Olivermouth, AZ 70079",+1-351-638-6103x4346,crystalwilliams@smith-hawkins.com,Yes,29-09-2020,2917,Yes,Disease-Specific Health Insurance Plans
7927ae4d-d17e-461d-9929-d6f70f5525f6,CPT-12291,Monthly,b0c876b3-4aee-49ac-89c8-cad3a05fc7c5,52552,Dr. William Mclean,Graham Group,Treatment: Provided counseling for mental health support.',Old hair reduce join. Leader industry society less conference actually alone.,Just including arm security black lot.,55917,Todd-Lewis,Rejected,623.041.7089,"Kirk, Scott and Gonzalez",Critical Disease Specific Plans,19c9982e-c375-412c-999c-e11f48a10ca2,Corporate,27-07-2024,94182,648,04-08-2023,01-07-2025,GB04RRCN41896812140752,19c9982e-c375-412c-999c-e11f48a10ca2,Andrea Webster,"39771 Kayla Burgs Katherineshire, NY 50591",2412234286,tiffanycruz@shaw.org,Yes,10-04-2021,8865,No,Disease-Specific Health Insurance Plans
c5d8f7da-9c07-4d60-872b-850f8509a5d9,CPT-61392,Quarterly,0453d57a-c5e3-41c1-906c-e0b0d6ebe0c7,38541,Dr. Jeremy Curtis,"Morris, Sanchez and Jones",Treatment: Vi',Along anything plan.,Visit hit approach why huge live.,14353,Mcdonald-Myers,Approved,7155247978,Collins PLC,Critical Disease Specific Plans,508248a0-e7bc-44d0-91ee-54b499d9a221,Family,03-04-2023,17738,98,30-06-2022,11-01-2024,GB92YZHM55760404443531,508248a0-e7bc-44d0-91ee-54b499d9a221,Gabriela West,Unit 1979 Box 3265 DPO AE 43141,001-277-287-1496,rose37@garcia-miller.org,Yes,05-03-2025,5409,No,Disease-Specific Health Insurance Plans
909278e2-4113-4b68-bc99-32e4e7b2d48f,CPT-36689,Quarterly,21a9899e-38a9-4bc4-a783-50a9657ce0b4,62796,Dr. Heather Roberts,"Benson, Russell and Mathis",Treatment: Hospitalized for treatment of severe asthma exacerbation with corticosteroids.',Among space get occur land our.,Begin majority same run why.,616,Ferrell-Garrett,Approved,784-506-2990,"Franklin, Stanley and Owens",Respiratory Health,2a94ad2c-17f3-46ca-b671-773a6fc79b0d,Family,26-05-2024,39189,723,28-07-2021,08-12-2024,GB76IFSQ87525153294528,2a94ad2c-17f3-46ca-b671-773a6fc79b0d,William Banks,"7204 Ford Rue Suite 578 Edwardstad, AK 63603",515.727.3341,wjones@yahoo.com,No,13-01-2022,6914,No,Senior Citizen Health Insurance Plans
ab80fef2-13a2-44a6-8001-f603a3d5e95c,CPT-21950,Annually,ad975b22-c2c6-433a-9aba-2e66e6c1798d,45254,Dr. Jennifer Vaughan,"Mitchell, Fleming and Harvey",Treatment: Provided ventilator support for respiratory failure caused by severe pneumonia.','Admission Start Date:04-08-2020; Admission End: 30-12-2020; Treatment: Treatment: Provided ventilator support for respiratory failure caused by severe pneumonia.'',Hand visit several high here.,82158,"Rice, Martinez and Adams",Approved,794.851.8522x009,Moreno and Sons,Critical Disease Specific Plans,6a90299e-8c53-47ab-ac15-1e7dd9dfb2cb,Individual,17-04-2023,52433,414,23-01-2023,19-05-2023,GB87RRID33589695911177,6a90299e-8c53-47ab-ac15-1e7dd9dfb2cb,Sarah Mendoza,"175 Morales Course Apt. 403 New Jessicastad, NM 01663",+1-698-444-0390x75661,bestmarvin@davis.com,Yes,04-08-2020,5081,Yes,Disease-Specific Health Insurance Plans
d34ee877-4c02-49bc-91f2-6aeec5951a65,CPT-65314,Quarterly,ca840274-162e-482f-ae3f-82a7b974826e,14727,Dr. Michael Morales Jr.,Cook Group,Treatment: Assisted with delivery and provided neonatal care.',Whole road argue south end lose take sing. Song better apply price especially.,Administration successful central situation red.,42911,Garcia PLC,Rejected,919-224-6924x476,Romero Group,Critical Disease Specific Plans,d8db16ec-9a64-4828-ba9f-3b489cb067a4,Individual,24-01-2023,1562,989,20-09-2020,04-05-2023,GB63TBGI99571546014212,d8db16ec-9a64-4828-ba9f-3b489cb067a4,Michael Lambert,"433 Veronica Fields Medinaport, SD 09765",(071)599-8442,jonelson@morris-atkinson.info,Yes,07-08-2022,3462,Yes,Disease-Specific Health Insurance Plans