Provider ID,Procedure codes/CPT Code,Billing frequency,Patient ID,Total amount,Doctor,Hospital,Diagnosis Report,Discharge Summary,Prescriptions and Bills,Hospital Bills,Insurance Company Name,Fraud history approval/rejection status,Contact Details,Network Partners,Benefits,Policy Number,Policy type,Policy Date,Claim limits,Premium amount,Start Date,End Date,Bank Account,Policy Number (Claim),Policy Holder Name,Address,Phone Number,Email,Covered,Hospitalized Date,Treatment expenses,Claim Documents Submitted,Policy Name
3ad4f758-0a2f-4a2d-8aa7-fdd19c576967,CPT-88487,Quarterly,a2656711-298d-48e2-b62a-ad041afbd686,14135,Mrs. Alyssa Howard DDS,Brown LLC,Study young human.,With food past environment challenge girl well.,Us weight recently industry.,25016,"Mcguire, Rose and Moore",Approved,+1-961-533-4770,Castillo Inc,Maternity Benefits,9dd9cbcd-cdb1-4957-b9c1-545b4adbf22c,Family,2022-09-09,14523,877,2022-08-16,2023-06-24,GB78OJPO94754806326229,035b9268-3816-409b-be47-591789384d7b,Stephanie Williams,"9029 Jimmy Ranch Apt. 078 South Robert, AZ 04164",845-208-4551,gibsonvictoria@example.net,Yes,2021-07-10,4535,Yes,Disease-Specific Health Insurance Plans
54815931-a6aa-44c3-90c5-75e183040e6a,CPT-27900,Annually,b9395cd3-d48e-41d2-b0d0-c781f813ca31,47161,Karen Becker,Cooper LLC,Step away within account.,Issue pull throw size.,Else help go red.,18254,Middleton Group,Approved,904.212.6061x29495,Hampton PLC,Critical Disease Specific Plans,32ab98da-5f01-4aec-aee4-a7cf2c62a5e6,Family,2021-03-06,50460,454,2021-02-28,2021-05-14,GB57PJKS46998028861565,cd49a352-ff19-4103-8003-adc08b914261,Nichole Salazar,"783 Amy Wells Suite 045 Vasquezside, KS 71093",(691)747-5994,deannawalker@example.net,Yes,2024-04-19,8192,Yes,Senior Citizen Health Insurance Plans
090d7017-2186-41c9-aa5a-a8a1416b2a94,CPT-70026,Quarterly,a660ac38-2641-4680-bb52-8c1a00e056e4,8934,Linda Chambers,"Williams, Jackson and Greene",Movement miss someone only.,Apply whether music heavy mean here central customer.,Hour series note add.,27145,Adams and Sons,Approved,341-757-3199,Ibarra-Pierce,Maternity Benefits,771a72f4-9cb6-4aa4-bbb7-04409e5cb3d5,Family,2022-02-25,15715,238,2022-01-09,2022-04-07,GB61DUZC36535537026891,5af2759d-0639-446f-9bfc-e005e0f9f495,Katie Logan,"0966 Jasmine Springs Apt. 018 South Danny, AZ 47311",973-561-1967,brandon22@example.org,Yes,2020-05-25,3639,Yes,Senior Citizen Health Insurance Plans
eeb84c5d-beaf-4e0e-b818-ed12d1f13fdb,CPT-10653,Annually,ace263b6-601b-4b0a-ba26-8f55ca32d03f,3845,Devin Thompson,"Jones, Ramsey and Graham",Right create current.,Story mind coach.,Certainly campaign know anyone front.,39950,Strong Ltd,Approved,001-673-968-5202x6944,Hernandez-Green,Eye and Vision Care,d1235dcb-128d-4341-a8a1-b207d2bd89b3,Individual,2024-05-11,53820,940,2024-01-29,2024-05-27,GB52BITZ59562514701093,b3c383d9-4eae-46e5-b384-750c80ee97de,Alice Porter,"5556 Brandt Oval Suite 171 South Josephton, SC 38632",001-420-525-4194,karengreen@example.net,Yes,2021-02-03,6815,Yes,Senior Citizen Health Insurance Plans
641ad61b-42d9-4899-8f43-d0d52d6e6c1b,CPT-82426,Quarterly,ce3793c7-b74f-4230-872a-18b76f39260a,8661,Scott Smith,"Tran, Cabrera and Jordan",Four series national wife newspaper couple.,Citizen pattern eye movement too tonight.,Avoid western adult these what during structure.,79378,"Smith, Miller and Johnson",Approved,(229)277-8219,"Hill, Howard and Ashley",Critical Disease Specific Plans,a809725a-1ce1-49e3-aa6e-6d3ad79ef012,Individual,2023-03-18,20214,364,2022-09-22,2023-09-13,GB09ZSCY49521478712025,fb1f12f9-a563-4157-8616-c0ce61027e08,Elizabeth Washington,"44061 Colleen Trafficway East Ericside, AR 66289",359-498-8136x7412,alexander51@example.org,Yes,2024-08-19,4935,Yes,Disease-Specific Health Insurance Plans
c52e2c3e-108b-4f48-b744-6c5638b2081d,CPT-26365,Monthly,8f780f29-159e-456e-842d-a0a71d66051e,11816,Tammie Carrillo,Branch-Archer,Manage Democrat western century.,Worker moment claim way wind argue practice.,Reflect toward television those need hard entire.,10698,Wood-Villegas,Approved,710-366-5103x825,Allison-Hooper,Eye and Vision Care,213fa243-6876-4efb-b531-913c6d839ff3,Individual,2023-01-14,68774,393,2022-03-15,2023-02-05,GB86JMWD23453011235093,e8de3d48-7e39-48e6-a0de-0a5835b61be8,William Knight,"8347 Torres Passage South Tiffanybury, MN 05981",(817)322-0946,bwright@example.net,Yes,2024-06-09,2975,Yes,Disease-Specific Health Insurance Plans
2786ee0a-668c-4bc1-9e69-a2f0e29549da,CPT-49735,Annually,044abf57-f2ca-46dd-842e-0e5a68a4ac06,26692,Melody Sherman,Maynard-Spears,Leave vote time another population machine.,Reason able soldier determine.,Them ball break son.,89397,"Mccall, Brown and Thompson",Approved,+1-893-381-9692,Atkinson PLC,Eye and Vision Care,9213bb56-586e-485b-a5b6-d95eeda245c7,Individual,2021-12-28,37509,749,2021-06-21,2022-05-10,GB14ZWYJ10065412992728,aa633543-9772-4166-8283-eb721f0ed6c2,Casey Kelley,"156 Pham Park Deanton, IL 03148",+1-862-599-7590x68839,johnwatson@example.net,Yes,2024-08-06,5943,Yes,Disease-Specific Health Insurance Plans
6cae395b-99b2-4b0f-92b6-81bc192be477,CPT-20230,Annually,74d6b012-d6fa-4539-8f7a-23b3a0a9f582,25219,Brandon Pena,"Fisher, Gardner and Roberts",Similar buy some phone often.,Population fish inside.,There author argue their yeah fight.,33693,Nguyen-Smith,Approved,001-687-219-1322x7937,"Gilbert, Bowman and Brown",Maternity Benefits,9c7333e3-6fb8-4fa0-961d-79077aa5ebef,Family,2024-09-23,33954,486,2024-03-19,2024-12-08,GB29HDHQ03504344928116,99172739-f06a-4975-89e3-35e99fe29132,Victor Miller,"7782 Watts Forest Pagetown, NH 50173",(214)982-3492x47796,katiegibson@example.com,Yes,2021-03-05,6841,Yes,Disease-Specific Health Insurance Plans
27af5e86-35e5-46d1-9a32-f1f5196ae531,CPT-93302,Annually,03d3787e-703e-402a-9960-998b6aa6c264,21838,Jimmy West,Moore PLC,Yourself including beyond even determine nothing.,Make where fear respond.,Thank food purpose top range never stand.,47605,"Jenkins, Pittman and Smith",Approved,202.505.1301x191,"Wong, Butler and Wilson",Comprehensive Health Plan,121d16eb-58c6-4971-9b4d-f31e4767d2b0,Corporate,2021-05-29,39967,695,2021-04-12,2022-03-27,GB97IVQY69841269546297,48d1c7fb-412f-4e59-ba1b-fa93cfbfb2d5,Amanda Morales,"628 Nelson Corner Apt. 464 Port Sarah, NE 98771",001-201-444-2591x354,angel89@example.org,Yes,2024-04-16,5915,Yes,Disease-Specific Health Insurance Plans
99ac4dd9-2e4b-4d82-aab8-789673f0bd02,CPT-35303,Quarterly,443d82f5-78d1-4b23-af40-098dd806d7b7,4597,Christine Morales,Barnes-Bullock,Discussion common level war way support fill.,Indicate executive share stock foreign risk modern.,True control real weight detail long.,75540,Bruce Inc,Approved,+1-290-639-6496x53978,"Williams, Parker and Singh",Comprehensive Health Plan,540cde19-4aee-4a88-8852-71fa60bbaea6,Family,2021-01-08,12870,659,2020-03-14,2021-02-20,GB92LHAU92695270258786,ddf5b738-35d0-4452-90b0-e0063e9a55ed,Andrew Anderson,"029 Alyssa Spring Suite 476 Port Randyside, WA 01225",(283)927-6006,kara02@example.net,Yes,2024-04-05,7494,Yes,Senior Citizen Health Insurance Plans
03559968-274a-4541-a821-84d1f1ba0536,CPT-49167,Monthly,4b310602-24a0-41a0-b7aa-ecd44655058c,53971,Wesley Fuller,Klein Inc,Easy upon especially building do.,Off specific wide media finally special.,Protect partner option its reduce indeed former.,9911,Cox-Martin,Approved,+1-481-571-2187,Vega-Roberts,Comprehensive Health Plan,d4712d32-5d77-45fe-b537-328b4d39dbeb,Family,2021-06-24,82793,823,2020-12-13,2021-08-29,GB06WWAQ05914772779332,e55a6991-b487-4a87-8b8b-ccd7bd4646df,Andrea Maddox,"24345 Joshua Place Oliviaborough, GU 71533",4752266230,smithwilliam@example.net,Yes,2022-06-22,2825,Yes,Senior Citizen Health Insurance Plans
5ead15f6-e55c-4db9-9e5b-13ed9f610e03,CPT-16620,Quarterly,c1bfa179-7970-48bb-8f84-0940b2294f24,12115,Kelly Johnson,Newman Group,Continue chance environment rate.,Safe laugh environmental say her collection agency record.,Rich around attorney able last yet.,3803,Ortiz LLC,Approved,001-303-611-7477x13104,Santos-Whitehead,Eye and Vision Care,b905f0ab-9673-45c1-9287-40f07a69b183,Individual,2021-11-28,23393,113,2021-10-29,2022-06-05,GB15SABW83833764233127,4d7bf6e9-ff08-4812-a55f-8ad529138fc8,Dr. James Walker,"1853 John Place Jamesborough, NV 87395",989-908-2380,hamptonthomas@example.com,Yes,2024-12-15,6900,Yes,Senior Citizen Health Insurance Plans
8ab6dd44-164c-425f-8249-a5211dadabf7,CPT-60896,Annually,ea8beb99-32ed-4993-9318-838264d44b38,52497,Robin Wright,Flynn Ltd,Structure should safe wrong record way back challenge.,Smile large between region economy.,Staff nothing prevent find yet attention.,55578,Marks-Mayo,Approved,864-630-3839x36525,Joseph Inc,Critical Disease Specific Plans,e01596b5-7202-4133-84d1-39d133db0edb,Individual,2025-01-26,90672,316,2025-01-06,2025-05-30,GB84LIQI12435581170972,736f291b-e67d-47a9-acab-9d0a3a7229be,Alicia Hayden,"8772 Shelton Islands Stephanieville, AS 41463",331.356.4532,myersandrew@example.net,Yes,2025-01-16,9316,Yes,Disease-Specific Health Insurance Plans
b6590d5a-53d3-4445-8a1d-6d6c8588d6f1,CPT-47886,Annually,459fb00f-2394-4f2a-81d5-b762279c4fe5,46093,Brenda Sexton,"Smith, Castro and Simmons",Position economy smile leg senior so.,Special write what whatever.,Certain president training kind.,79073,"Wagner, Smith and Peterson",Approved,227-665-9329x0310,Cameron-West,Maternity Benefits,2424f17d-2405-41f1-b287-9769fdc2d730,Individual,2024-01-17,64444,653,2023-12-15,2024-11-12,GB97LNYZ53828896249254,d5a6d62b-7205-458d-9b5f-469e74523ab1,Brent Malone,"026 Ortiz Stream Suite 767 Thompsonchester, KY 67842",(730)910-6493x610,maldonadoronald@example.net,Yes,2020-02-02,8204,Yes,Senior Citizen Health Insurance Plans
dc5c5021-7569-4f57-a67e-05daa3fb60fa,CPT-13773,Annually,b00eb11b-a697-45f9-a994-6e568e706960,15266,Joel Bernard,Sanchez Inc,Dog bag shake real break return bag.,Beyond individual way.,Life edge process heavy song sure research.,88374,"Barnes, Washington and Castillo",Approved,+1-798-743-7783x320,Davis PLC,Comprehensive Health Plan,b2e8a6ba-24d1-4e9d-b365-55cbc638633e,Corporate,2025-01-17,15441,606,2024-06-10,2025-02-26,GB77YIPV53894852590264,213a5166-a9d3-46a8-a585-3ab6404c1f6c,Joel Clark,"17752 Salazar Burg Suite 810 East Ashleystad, VI 01524",+1-324-385-2554x36920,desireemolina@example.org,Yes,2022-01-04,7388,Yes,Disease-Specific Health Insurance Plans
5b3b65c3-78d1-4019-b55c-5eaf9a08c330,CPT-95898,Annually,e6010c92-6311-4b7b-9919-b4269c85c83d,7076,Sharon Singh,Fisher-Baldwin,Involve take like two.,General push drop.,Project opportunity give wait.,23339,"Flores, Warren and Welch",Approved,904.775.5512x9176,"Cunningham, Brown and Potts",Comprehensive Health Plan,9dc3396c-0f89-452e-9a8a-b0b02fbd3b8a,Family,2020-03-17,22949,709,2020-01-13,2020-10-31,GB93ZWTS79838633350742,a23cb01e-f9f7-4f08-9842-47d5a556ce21,Gregory Roth,"PSC 3084, Box 5794 APO AP 14058",001-883-570-8335x16578,peter09@example.net,Yes,2024-08-03,7114,Yes,Senior Citizen Health Insurance Plans
97a33ce1-f923-477c-ae31-1e673f6af1ba,CPT-22729,Annually,72f0dcf5-0c0b-41c5-894f-eec622105f30,58562,Kathryn Mcdaniel,"Smith, Walker and Humphrey",Section leader single loss much receive wish.,Serious child lay close water them.,Station tend if.,55281,"Manning, Romero and Richard",Approved,9896755440,Carter and Sons,Maternity Benefits,69cdddf8-013a-4a9d-b9bc-b2524f5b092e,Family,2022-03-19,84897,719,2022-01-30,2022-05-01,GB10YGOV82007731295825,73aeac32-832c-4b03-a7a4-657d505647e1,Corey Porter,"997 Troy Motorway Joelhaven, AL 68973",993.870.3673,aprilwallace@example.org,Yes,2023-09-06,9429,Yes,Senior Citizen Health Insurance Plans
f24ab1e3-53e7-4177-91c9-e040948b393e,CPT-74803,Monthly,5e9253fd-c090-4842-b1ef-90962329a8bd,16472,Natasha Bailey,Wilson Ltd,Interesting position growth action contain today film.,Measure story rise piece outside school.,Sometimes pay street improve sort what year development.,62187,"Davidson, Ryan and Martinez",Approved,(567)598-7274x212,Davis-Jackson,Critical Disease Specific Plans,4684df5e-5e35-4af6-aed7-b3ccca85373f,Family,2021-11-29,72311,980,2021-06-09,2022-01-12,GB61QMID14267216872683,0558360c-f010-4a4d-8bc7-90f6261add40,Lisa Harvey,"829 Matthew Springs Apt. 216 Rebekahfurt, MP 96702",001-396-876-0334x015,gailspencer@example.net,Yes,2020-02-01,4445,Yes,Senior Citizen Health Insurance Plans
9e0f622f-3df3-4cdc-8de2-8c20b4814987,CPT-20638,Monthly,e27ecc04-768b-4d69-a288-948e315c8a3b,27277,Shelby Lee,"Clark, Stafford and Miller",Imagine capital take character food.,Hold good because sea notice miss.,Morning risk miss I job none sit.,71638,"Parrish, Hopkins and Graham",Approved,(609)422-9150x7440,Rodriguez-Erickson,Eye and Vision Care,80891b44-2888-4174-bb3c-113ded182ab4,Individual,2024-11-05,82061,404,2024-08-24,2024-11-22,GB88HNHH26615468782569,a59e34c8-ed03-4410-a121-7364977ab662,Robert Cooper,"96548 Paula Crest Amyshire, UT 50573",255.613.4109,youngmichael@example.net,Yes,2022-10-01,5942,Yes,Senior Citizen Health Insurance Plans
075f5f53-b4d3-4906-8f9c-5d443aa5f66e,CPT-84714,Quarterly,7fa530f6-4e62-4c91-9ab1-7814207fd35c,2048,Morgan Flores,Johnson-Wilson,Drive discover speak tough able take three piece.,Open over store top.,Plant baby meeting number coach.,48826,Potts-Kelly,Approved,262.644.6899x3386,"Herrera, Fox and Palmer",Critical Disease Specific Plans,185c3b18-b5bc-467b-9bca-922b15f851ed,Family,2025-11-18,51896,319,2025-01-12,2025-11-28,GB81NNMD66335608837309,6d5a4cb3-18e2-4396-a4f5-642b5af9a669,Allison Taylor,"328 Larry Motorway Alexanderport, TX 01318",7745342007,shawnflores@example.com,Yes,2020-09-04,6232,Yes,Senior Citizen Health Insurance Plans
68182208-96d1-464e-ace1-fd071815b55f,CPT-73701,Annually,92cd3d2f-7059-48cc-bd9b-055a81d788e9,4488,Teresa Allen,Cisneros Group,Citizen media enter her military set share.,Billion lead suggest media nice.,Role but court pressure with amount.,25401,"Rocha, Reeves and Brown",Approved,502-209-8267x857,"Humphrey, Powers and Dixon",Maternity Benefits,61b6bc92-c1f0-425d-8699-2a51c968b2c3,Individual,2023-08-26,6261,174,2023-05-17,2023-11-28,GB46YQVC61231305881020,9eb7c461-47ef-4da6-9138-d7400d6669b8,Laura Medina,"5534 Coffey Manor Apt. 673 New Katieland, IN 39928",(535)637-0565x2504,stephenjohnston@example.net,Yes,2022-06-12,3243,Yes,Senior Citizen Health Insurance Plans
4966fdaa-4fcf-4245-9d91-1494d83d342b,CPT-58149,Quarterly,fb9b2b11-6bfa-4909-991d-0523786c86e1,5990,Travis Valencia,Carter LLC,Question that contain lot.,Open measure particularly effort.,Heavy bad within of receive.,44015,"Martinez, Montgomery and Conway",Approved,+1-377-677-5855x43929,"Pittman, Gregory and Chavez",Eye and Vision Care,47adc773-384b-4c9c-8366-fbd0aa3cd8d6,Corporate,2024-06-06,10854,323,2024-04-11,2024-07-17,GB84ZCZE45452175731481,935f9023-d994-41d1-b56a-3725a3487570,Christina Ramirez,"41884 Shields Lights New Tammy, IA 99332",001-534-651-6655,plarson@example.com,Yes,2022-12-27,1172,Yes,Disease-Specific Health Insurance Plans
96c96fcb-adab-4bb6-8b4d-2803c74918d4,CPT-89673,Quarterly,22383e55-4b32-4558-8083-ef860633c31b,61901,Juan Parrish,Thompson-Cochran,Ask back within upon happen so.,Once data level act.,Structure instead like help nature argue spend so.,81493,"Smith, Soto and Eaton",Approved,001-347-769-9559x1446,Davis-Morales,Comprehensive Health Plan,16eff53c-fbde-44d0-b886-5ad252ef96ee,Individual,2021-02-09,78661,187,2020-12-12,2021-06-22,GB18DDQY78322116006667,5cdd72d2-5656-4d20-921a-9e67af74d743,Ronald Peterson,"4711 Murphy Rapids Apt. 640 New Anthony, OR 14136",339-859-4791x562,gavin36@example.net,Yes,2023-06-09,9861,Yes,Disease-Specific Health Insurance Plans
643d9eb5-bb2e-4d9e-b8e7-9735d6b2546b,CPT-27574,Annually,8c39df8a-186e-427d-81ae-f6c5d49adce6,1194,Monica Monroe,"Wright, Garrison and Davila",Century wait within talk.,Thus cost important especially ball source.,Citizen again sound do wonder commercial standard most.,21521,Brown-Walsh,Approved,001-856-679-2418,Scott Group,Eye and Vision Care,20fcda56-f67e-4be7-a2ae-1ecc8afa9660,Individual,2023-04-10,15119,787,2022-10-26,2023-04-17,GB24FFYM84628248011895,de41773d-e4f4-41ca-b4ab-1a0bc962b36d,Chad Velasquez,"97603 Smith Throughway Apt. 603 West Joseph, OR 22477",5332912095,tina03@example.com,Yes,2024-03-23,4024,Yes,Senior Citizen Health Insurance Plans
1bc5c76a-588c-4543-8af5-bfa6f61edd3b,CPT-70645,Annually,462e7309-29e4-4a74-9325-31f72a98244b,9520,Brooke Fernandez,Stevenson and Sons,Become might as begin.,Fish appear look film term hope ability tough.,Parent prevent religious fire hit few thought movement.,74632,Hall-Smith,Approved,(399)302-3087x53764,Stanley-Miller,Eye and Vision Care,7a7cde29-ae95-4a9c-99c0-2c4467bbe4c0,Family,2020-07-19,24339,127,2020-02-11,2020-12-25,GB46SYDM94232745991831,4c0ba700-8f2b-4ecf-a05f-1b78bd40d10d,Jessica Wiggins,"56556 Marshall Green New Rebeccatown, GA 59753",+1-326-745-3603,harold35@example.com,Yes,2020-10-18,9715,Yes,Senior Citizen Health Insurance Plans
2479088a-8d2b-4a21-b85c-69d6d7c62359,CPT-20619,Annually,a140232b-9d60-496d-b28c-2ac9799bf3ba,2021,Kent Robinson,Campbell-Holder,Certainly discuss sense such building whom.,Home just way on.,Person scene hard modern.,65733,"Hicks, Mason and White",Approved,555-793-5089x46704,Ray-Baker,Maternity Benefits,d482d6ef-e18c-4d70-85c7-c037845f192e,Family,2020-12-28,17655,662,2020-08-25,2021-08-05,GB30SCLI15904916293121,4c3679e6-05a0-4070-b189-caca1d94f308,Erin Burke,USNV Owens FPO AE 08941,865-744-9050x202,ttorres@example.org,Yes,2023-02-28,2929,Yes,Senior Citizen Health Insurance Plans
6de8c333-457b-4811-85bf-9d3c916b897d,CPT-18968,Quarterly,e85826f2-6aa2-40d7-8dc0-a3e4e6bb32af,54073,Michael Townsend,Walker PLC,Eat care wrong word.,Condition begin ground may standard.,Ability professional opportunity.,77150,"Burke, Butler and Evans",Approved,001-440-870-0127x9258,"Miller, Gordon and Brown",Maternity Benefits,948c7a8d-dcde-4a43-8323-85450c9608c9,Corporate,2024-12-18,69245,289,2024-08-12,2025-04-15,GB46VMSO02430317454085,9311f68a-b1f9-47d9-b7cf-3bd16b9b9172,Timothy Johnson,"25158 Nunez Fords Stewartton, WI 34397",(268)321-4332x6635,yorkmaxwell@example.org,Yes,2024-02-16,7873,Yes,Senior Citizen Health Insurance Plans
1d955d25-c409-4836-9204-c1523e94a0db,CPT-60192,Monthly,544f6eb2-2b35-4b0e-95cb-562bb2fca986,2914,Samuel Hardin,Lee LLC,War send many lead management.,Doctor guess place value front.,Course practice south.,20232,Mcmahon-Lopez,Approved,885.833.4397,Miles Inc,Comprehensive Health Plan,e018da22-5d14-4d08-ba37-5d6fad7d3e63,Family,2022-05-17,13405,697,2022-05-07,2022-06-30,GB10XWZU79179038983918,d1843e25-02e6-4d1e-bcef-fde2ff6ca844,Lauren Navarro,"940 Williamson Harbors New Stacy, WA 60871",(854)729-4064x77902,hbrown@example.net,Yes,2022-09-17,9716,Yes,Senior Citizen Health Insurance Plans
250aaf29-5ca2-435a-9798-d6e7c623bab1,CPT-79458,Quarterly,c94d847e-343d-4efe-8844-c452c3188030,7486,Larry Mcpherson MD,Lewis-Wiley,Choose act free reveal rich yourself.,Nothing probably court fish gun.,Together later partner act fish partner.,94244,Morris-Cohen,Approved,(499)208-0399x18362,"Ellis, Smith and Andrews",Comprehensive Health Plan,5d7bd72e-c9f4-43ea-a1c0-af5ae12480c2,Corporate,2022-02-20,29860,885,2022-01-08,2022-09-21,GB93ZAEL44740406579194,8099e689-b25b-4f47-800c-310266881db9,Ashley Bates,"3519 Robinson Meadow Apt. 971 Leberg, KS 86825",(561)357-0940,tannerkimberly@example.org,Yes,2022-11-18,4890,Yes,Senior Citizen Health Insurance Plans
c1befa01-327e-4467-896b-754e1102cbe3,CPT-54671,Annually,5f9a7a20-c294-42ab-909e-06472b8d7667,17695,William Shannon,Cervantes LLC,International among sister hope last form.,Worker break if him national life.,Blood painting decision outside respond.,68689,Harris-Obrien,Approved,341.394.6465x34069,Anderson-Brady,Critical Disease Specific Plans,03593a04-df6b-4267-b47b-de6c6457e781,Family,2021-08-30,36641,224,2020-12-29,2021-10-02,GB66VQWL22531622135546,137ce624-aca8-4442-bc9a-64a58c51e633,James Watkins,"7235 Butler Springs Caitlinside, NE 23106",794.982.5307,david55@example.com,Yes,2023-04-22,3347,Yes,Disease-Specific Health Insurance Plans
e50beb77-ffe4-4636-8c6a-0a37c6c0d09a,CPT-99511,Monthly,6541aff7-29cd-49e9-ac09-48b78fde3d10,36523,Jennifer Beck,Williams-Holland,Spring once situation quality anything them Republican.,Act push he nor even carry before low.,Commercial toward lose game hot simple.,82649,"Harris, Ramsey and Rodriguez",Approved,829-793-7508,"Herring, Shah and Briggs",Eye and Vision Care,45514bd2-8d83-4667-85c7-a99ea501a5bf,Individual,2024-03-10,43866,645,2024-02-01,2024-05-25,GB48AZDP16398900424041,bfccc2b4-a934-4572-bf08-1c5edfa00e15,Leslie Miller,"1738 Jessica Fort New Krystalfort, NE 25994",9566898201,debbiealexander@example.net,Yes,2024-06-06,7376,Yes,Disease-Specific Health Insurance Plans
11d07b08-229c-4844-82a5-cd5cb32428e6,CPT-15772,Monthly,4a1f2313-91d6-4c8e-b19d-49c6465c5b49,59433,Jamie Wilson,"Reyes, Hanson and Anderson",Second contain pass wide despite others production.,Among would eat appear on off person affect.,Skin early body certainly enjoy.,56487,"Ibarra, Green and Chavez",Approved,409-841-0744x449,"Cox, Bishop and Wood",Critical Disease Specific Plans,b545a4ef-d5df-4518-8170-2b4f3752b79c,Individual,2023-11-29,62766,548,2023-05-22,2024-04-21,GB82QREZ01670861210072,e733aa50-fc48-4d1f-a58e-695e7d3d4afa,James Smith,"422 Christine Flat West Mariaburgh, FM 28180",(251)366-8212,cookgerald@example.net,Yes,2022-03-21,2350,Yes,Disease-Specific Health Insurance Plans
fcea8b66-1ce2-4ae3-8445-f16c3f9657fd,CPT-89729,Monthly,35f1c1d5-f36a-4264-8529-56766a657559,5555,Yvonne Jennings,"Johnson, Black and Spencer",Start black area fire.,Federal dream it station audience.,Budget very amount special give attorney whatever.,35065,Osborne Inc,Approved,451-624-5959,"Baker, Huffman and Barrett",Maternity Benefits,4c3436a5-45a5-4d0d-b5d1-b2ea66c05c1f,Corporate,2021-03-28,8423,344,2021-01-16,2021-06-17,GB21ATTS50477859215185,645a93a3-c5bd-475f-9747-710fbbc2d169,Carla Parker,"993 Rush Hollow West James, VI 77028",001-707-372-4636x6313,jennifer33@example.net,Yes,2021-09-05,8437,Yes,Senior Citizen Health Insurance Plans
3e8c53e9-cf9d-488a-be1f-01914591b982,CPT-27608,Annually,ab06ab13-954f-4205-afba-e80b6c47cd16,29053,Phillip Ayers,"Gonzalez, Jones and Cooley",Investment will she court several.,Possible account term admit develop through.,Significant stuff successful myself agent join learn.,79266,"Gallegos, Sullivan and Douglas",Approved,001-716-577-8471,"Perry, Torres and Clay",Eye and Vision Care,6aaacfda-5adf-47b6-a2ee-17a51efe3bb6,Family,2024-08-13,34728,282,2024-07-19,2024-10-24,GB92PVCN21294344914433,3a317349-c001-44d5-a6e4-8f3c9d89e49d,Caroline Torres,"34569 Warren Vista West Colton, TX 86099",681-365-5319,omoody@example.com,Yes,2022-07-08,1511,Yes,Senior Citizen Health Insurance Plans
8c0bdffa-9b38-4337-9bf8-ce7f9a58e0b0,CPT-71133,Annually,83a59aae-1113-4647-b464-8098c2255526,4337,John Smith,"Salazar, Rivera and Smith",Phone realize again and.,Exactly enjoy talk claim begin.,Sing particularly among sea.,52883,Jones Group,Approved,(341)626-0915,"Calderon, Moore and Andrews",Maternity Benefits,d1c42e00-2574-4ebf-857d-c5c42acc3fd7,Family,2021-09-26,29223,398,2021-02-25,2021-12-29,GB30UDPW69587001426723,1623383a-566a-4d1f-95ba-7a0d5311356c,Christine Lewis,"6759 Renee Viaduct Suite 211 Lake Jesse, VT 56388",7232667106,vanessa60@example.com,Yes,2021-02-02,7728,Yes,Senior Citizen Health Insurance Plans
f4557b15-b60e-48e5-9153-20b568f7adb7,CPT-26462,Monthly,e83e3b86-90af-4fb2-a425-7c5b57137858,9462,Melanie Webb,Valentine-Garcia,Religious I page role left fill rate.,Avoid tax citizen only response party sit contain.,Bring others recently chance have good require cut.,25733,"Lane, Roberson and Downs",Approved,(310)947-3100,"Simmons, Woods and Smith",Eye and Vision Care,499a446c-66d7-45ff-be02-272c9ce55e4e,Corporate,2021-06-25,34591,183,2021-04-05,2021-07-19,GB62OSBX63511408202620,6df5d02e-e0ab-43bb-8a9b-622d110fee0d,Michael Zimmerman,"226 Glenn Mountains Apt. 425 Port Denise, CO 86693",001-517-637-4159x18302,meghanrush@example.com,Yes,2023-06-11,3141,Yes,Disease-Specific Health Insurance Plans
db0485a4-1f44-407e-866f-604631b22893,CPT-44363,Quarterly,2559e9ff-b493-494e-a931-cb06128d7f57,12640,Robert King,"Stephens, Bowen and Malone",Fall whom ready to instead.,Particular image defense employee.,Music fund court instead win do write.,41591,Phillips LLC,Approved,(240)734-1369x14705,Rodriguez-Sanchez,Eye and Vision Care,857139da-994b-483c-9dc6-a7548c3a07d3,Family,2022-04-16,59551,153,2022-02-15,2022-06-30,GB39RKGG77177147803142,37713e2e-26af-4a56-95b8-0896e0425a17,Seth Webster,"15462 Lewis Burgs Apt. 113 South Ericburgh, WI 19557",379.431.5005x3148,tara39@example.org,Yes,2022-11-20,6494,Yes,Senior Citizen Health Insurance Plans
0eab951e-643f-447f-8acc-13c7bca7d585,CPT-70762,Quarterly,1c243d32-0616-4649-a469-971312c0f767,71241,Jeffrey Bruce,Sparks PLC,Through public picture contain pass include.,Coach two nice food.,Carry end suffer church learn.,55534,Petty-Hicks,Approved,526.491.3814x431,"Simpson, Lopez and Freeman",Comprehensive Health Plan,b43f1705-01ca-4d4e-b77d-86f6b14e6de7,Individual,2024-10-02,95422,274,2024-08-05,2025-05-10,GB20RBEO66715761556362,1078a344-b528-4a3f-a319-7c17ab6daadc,Madison Roberts,"115 Michael Run Changbury, PW 22286",622.995.8424,michael36@example.com,Yes,2022-04-27,1792,Yes,Senior Citizen Health Insurance Plans
57500b95-4b74-4b17-bc7c-679bc405a25d,CPT-26010,Quarterly,fd5ba7e8-d64c-40ac-a9ea-cd9147a844dd,8179,Mr. Stephen Powell DDS,"Oneal, Abbott and Rubio",Suggest hot agent scientist he.,Concern money space difficult explain rule eight.,So standard century soldier.,22713,"Ray, Phillips and Reyes",Approved,001-292-942-5904x37325,"Woodward, Hart and Best",Comprehensive Health Plan,c0db8e00-5c9b-4604-aea9-0f5acb40c552,Family,2022-11-13,9146,962,2022-06-15,2023-05-11,GB30AHDB03278714263510,bab18780-4954-43ba-bfdd-28579ca084ad,Tammy Rogers,"47419 Espinoza Course Apt. 649 West Stevenborough, GU 85398",(384)549-6264x320,samuelpatrick@example.org,Yes,2020-05-29,5835,Yes,Senior Citizen Health Insurance Plans
ade6c156-c272-491b-af87-2bf7b39c8979,CPT-40975,Annually,41293a03-e3a6-41fd-b386-ef565801be16,7258,Megan Soto,Bryan Ltd,Serious down with entire.,His door stand call house none.,Manage goal deal food Democrat.,75216,Lee Inc,Approved,001-623-605-3068x5169,Perry Inc,Critical Disease Specific Plans,f071e33f-ac0c-483f-931f-c702ca3e13b4,Corporate,2024-08-31,11145,842,2024-08-15,2025-03-31,GB46TWRX69211095475529,8f066f3f-271d-449f-86df-bd17f132fe44,Charles Johnson,"PSC 0782, Box 4842 APO AE 91429",(305)603-7958,gwalker@example.org,Yes,2020-03-05,6093,Yes,Disease-Specific Health Insurance Plans
c5dd81b3-12a9-4376-83a1-ebe0d919e1a7,CPT-76674,Annually,9c9abc46-7b9e-4736-ade1-1c3db5943c62,4483,Traci Wilson,Guzman Inc,Husband sort small hair hand even put.,Participant leave look response energy talk finally media.,Girl series community.,79801,Barker-Morris,Approved,001-649-882-9922x5338,Gates-Davis,Maternity Benefits,77d1a628-4380-48fe-b384-fb505722b5ac,Corporate,2021-09-19,5740,325,2021-08-18,2022-02-15,GB80GYHK03937566981828,35474e35-208c-4b69-8a9f-bcdf354bf18f,Kelly Bennett,"00762 Mackenzie Orchard Marcusville, TN 69552",6529244052,beckybarnes@example.org,Yes,2024-01-11,9249,Yes,Senior Citizen Health Insurance Plans
f2cda6a1-0254-4c46-b931-6c211b37d074,CPT-94632,Annually,6efee14c-1bc7-447f-8e75-1d593e647093,1077,James Crane,West Group,Often understand force.,White crime ball.,To phone American relate language.,4112,Smith-Peterson,Approved,513-269-8699,"Shelton, Jacobs and Park",Comprehensive Health Plan,a875087c-df7c-4ae7-80e3-f7f072006ec1,Individual,2024-01-12,7819,922,2023-10-21,2024-03-12,GB60MJBO37772210496926,f20a6f3a-6704-4b69-8ac1-519826959d59,Thomas Stone,"365 Julie Stream New Stevenburgh, DE 75955",(284)729-2327x08904,antonio56@example.com,Yes,2024-02-10,3843,Yes,Senior Citizen Health Insurance Plans
bddc9354-7e66-4dcc-9d00-969bcdb63b0c,CPT-92043,Annually,4692d0d5-4f7e-429f-b19f-d630a0572d08,13878,Cody Navarro,Gibson-Murray,Cause least outside bring body rate.,Star fight key late remain rich management turn.,Could employee rest safe experience region.,41212,Watkins-King,Approved,519-913-2058x024,Morales Group,Critical Disease Specific Plans,705ecdb3-8a35-4f84-9647-e8d63187adb7,Individual,2020-02-23,19590,944,2020-02-18,2020-07-14,GB39BSLF72608335659701,605f4175-354b-490c-b5bb-ed8ff84b38a2,Cassie Taylor,"5253 Jacob Junctions Apt. 525 East Jeanette, MI 97361",476.813.0787,james62@example.com,Yes,2024-12-27,6372,Yes,Senior Citizen Health Insurance Plans
3448cfb1-8668-402a-8746-1b298073450d,CPT-30579,Monthly,ed768a85-cf3d-4d8e-93ac-05fac7633fda,43389,Brad Faulkner,Potts PLC,Federal surface in during rate let us though.,Yet security house list audience hard nothing.,Born lay before fall.,79973,White-Mcbride,Approved,717.611.9298,Chambers-Kelly,Comprehensive Health Plan,c17c1bda-8c05-4c2e-a64e-5f1ef2153d4c,Family,2021-08-12,47556,304,2021-08-10,2022-01-04,GB20XHWF21604484198587,72215caf-1b38-44ca-91ef-a74d035996d9,Luis Jackson,"6456 Ricky Way Port Melissaton, LA 04573",(979)637-9440x58204,hansenashley@example.net,Yes,2022-04-14,4822,Yes,Disease-Specific Health Insurance Plans
e0c20a57-0afe-4f11-89a6-3b95d2872037,CPT-27305,Quarterly,59c89b21-5787-4a17-a19a-d56e393bdd02,15044,Traci Suarez,Smith-Peters,Tax mother concern when.,Huge suddenly they save.,Money return site study technology understand official.,12343,Cannon Inc,Approved,+1-654-953-2042x4861,Cox Ltd,Eye and Vision Care,91db5898-aaf5-4f66-abe8-e7d644214022,Corporate,2024-04-01,25770,638,2023-10-21,2024-05-14,GB19ALTN98253744154485,f940a08e-2313-42ac-ae88-def6178414b8,Matthew Harris,"5790 Victor Points Apt. 663 Danielberg, NV 59691",001-795-698-8223x81969,tracysnyder@example.org,Yes,2025-03-16,1126,Yes,Senior Citizen Health Insurance Plans
b90de855-5e30-4cb6-b69d-6017fc1dccd0,CPT-54394,Quarterly,619bf692-22ab-4f41-b47f-788a1788b9dd,11782,Jeffrey Sampson,"Rodriguez, Ayala and Lewis",Likely trouble summer pass even city.,Development direction decade agree understand animal.,Network probably manager technology drive agency.,58121,Hill LLC,Approved,470.219.2776,"Williamson, Rogers and Singh",Eye and Vision Care,7b688055-2436-42e1-832d-a35d2374a06f,Family,2020-12-06,73400,400,2020-09-17,2020-12-09,GB79VKTB90585835285334,6cf1cae0-35fc-4d05-99a0-df13abcaa08b,Michael Miller,"04839 Sean Via Suite 454 South Charlottebury, SD 96662",689.831.6848x33147,derrickgarner@example.net,Yes,2022-06-17,5538,Yes,Disease-Specific Health Insurance Plans
8e412b0a-9a14-45b1-a257-bb637830b68a,CPT-50519,Monthly,330ca954-50f5-43cb-aead-270be52c492f,55628,Robert Wilson,Brown Group,Teacher chair mother particularly right suggest.,Tax responsibility school office I some look see.,Part support plan push.,38422,White-Walker,Approved,866.715.5895,Cortez Group,Critical Disease Specific Plans,0daf503f-6983-4ca5-8087-2018aa70d1c8,Family,2025-04-24,62617,670,2025-02-18,2025-11-08,GB24HGBQ29643806905543,ac012f3c-87a2-4271-96f3-1460b4d3e7ec,Eric Jackson,"764 Luke Cove Whitechester, LA 42308",(702)273-2438x02884,harrisstephanie@example.com,Yes,2023-06-11,1892,Yes,Disease-Specific Health Insurance Plans
b4fa034f-81b1-4f29-843e-3d76209e4bef,CPT-32307,Quarterly,febd042e-3da8-4e02-a48e-89264bb2f745,82043,Christy Russell,"Gay, Williams and Rodriguez",Thing situation decide special toward business again.,Likely operation ask meet.,Position article director head market.,18351,Peck LLC,Approved,9495573701,Jones Ltd,Eye and Vision Care,539e24af-55b6-4f37-afb8-27b83480012d,Individual,2023-12-20,96813,131,2023-11-20,2023-12-31,GB26IBSR81579141215658,111e3c15-5f56-45ab-ac83-7c442ceb2e22,Trevor Zhang,Unit 2322 Box 7115 DPO AP 57979,5257920207,laura32@example.org,Yes,2024-04-23,9750,Yes,Disease-Specific Health Insurance Plans
d4822551-f0f8-49d9-bf1e-f500a5831821,CPT-94465,Quarterly,abd93781-ba6e-4d18-bd38-ee652800f9e5,28578,Patricia Shaw,Morrison-Griffith,Result policy system help every seek.,Know voice attention west.,Miss window easy so travel.,77312,Vincent Ltd,Approved,001-323-908-8343x9610,Johnson-Hill,Critical Disease Specific Plans,8ded9883-8b4c-463c-86c2-8fda949679c3,Family,2022-03-13,93967,557,2022-03-04,2022-06-05,GB84GWSH22737675919522,279af673-dd85-47e1-8a2f-54468076a0cb,Jonathan Watson,"7780 Williams Villages Apt. 503 West Carolstad, MS 69828",001-750-277-6530x2767,melissamarshall@example.net,Yes,2020-10-15,7301,Yes,Senior Citizen Health Insurance Plans
1beaabd9-7c30-409c-bd54-83d9fc139d95,CPT-23729,Quarterly,0ef90ec0-eea1-4b3d-a201-cba926556b23,22489,Jeremy Graham,Cook-Davis,Off because could eye.,Yard high against take notice nature.,Rule window face senior.,84572,Miller and Sons,Approved,801.407.6459,Scott-Henry,Comprehensive Health Plan,7f0ea5a6-d607-4199-964f-5aebd7471313,Individual,2023-11-03,72957,694,2023-08-23,2023-11-04,GB46EXRE33475819883438,f79e942e-8424-43a7-9c93-fb4b621f1019,Monica Spence,"2426 Johnson Row Suite 612 New Bridgetmouth, MO 91108",828-943-4621x592,codymiller@example.com,Yes,2024-01-18,6444,Yes,Senior Citizen Health Insurance Plans
b22f28cc-ef55-4bed-9cc8-c2c7f74b0765,CPT-45719,Annually,0ff04407-a012-4628-8dc3-dc6fd3b65ef2,28310,Amanda Mason,Salinas Ltd,Ok factor daughter turn.,Anything anything listen best.,Wall child sometimes garden policy.,63803,Guerra-Bass,Approved,(258)635-2988x8128,Smith and Sons,Eye and Vision Care,e2f01b0c-c09d-40e7-8ca4-8e4d9ba54551,Individual,2021-09-02,76288,333,2021-03-10,2022-02-10,GB16GBPZ14297635732744,7ccbcb1c-c2c5-4a8e-930d-846c0afb48b4,Karen Smith,"PSC 3869, Box 3499 APO AA 91784",246-560-4693x2987,michaellewis@example.org,Yes,2025-02-06,3658,Yes,Disease-Specific Health Insurance Plans
6e86c2c0-8e4b-47d5-a96f-667c70f1b908,CPT-23243,Quarterly,3cf4ba08-f579-4a10-8501-51d4cc2977b9,23370,Bryan Garcia,"Hall, King and Carrillo",Certain smile remain east.,Glass enjoy piece your kid use.,Reach wall expect a.,65239,Salas-Vazquez,Approved,538-402-2371,"Ward, Smith and Dennis",Maternity Benefits,43395eac-2735-4a42-9103-d6a61e9e5eb9,Family,2020-05-14,39684,909,2020-03-05,2020-05-29,GB23RIYS86536710811538,f5876eeb-74f0-4732-94a7-3879552d6a60,Joseph Moon,"13802 Long Green Matthewsberg, AL 26027",2533636466,kelsey29@example.org,Yes,2021-02-26,1782,Yes,Senior Citizen Health Insurance Plans
1a7ebd71-b91e-4cf3-996c-9eda9ac7e55e,CPT-31329,Monthly,2e184949-a642-458c-b292-44cbd1b4d3d6,8212,Robert Atkinson,Barry-Wilson,Yeah run leg consider their.,After training dog player blue religious mind early.,Amount pretty much reality.,8054,Fernandez LLC,Approved,+1-651-868-8087x9357,Davis PLC,Critical Disease Specific Plans,864ffad8-401e-448d-b553-22d369e4d91f,Individual,2022-09-15,12657,554,2022-02-05,2023-01-05,GB70SMSF46130178660296,c6fb9589-2ac5-4994-8075-bd98d9889650,Miss Katherine Gibson,"1779 Craig Parks Suite 415 Lake Cynthia, MD 41205",001-607-232-5130x9134,bonnie49@example.com,Yes,2023-06-16,9046,Yes,Senior Citizen Health Insurance Plans
4f758196-c647-415e-a85e-920d74a41c0c,CPT-80065,Monthly,306adba8-2b75-441e-97f7-e7db82282e10,16190,Jeffrey Powell,Guerrero LLC,On increase take difference.,Save share find spend.,Property individual blood maintain.,77513,"Castillo, Rodriguez and Summers",Approved,986-351-2236x30217,"Ward, Mcdaniel and Henry",Comprehensive Health Plan,36796589-ce21-4115-8070-fd9e48620ce4,Corporate,2021-09-02,49462,823,2021-07-19,2021-09-28,GB38PPMK08400593274913,2f03e867-afca-49cf-9292-2da19607dd33,Sharon Doyle,"7760 George Road Suite 743 North Travis, KY 78747",(386)344-3598x8822,stephanie89@example.org,Yes,2020-09-09,6935,Yes,Disease-Specific Health Insurance Plans
fa554da6-77ce-4b6b-b0d4-634876293296,CPT-44424,Annually,88870a70-2486-4d2d-906d-5c79cfcaf205,28305,Stephanie Gutierrez,Becker-Harrell,Evidence west return involve surface third then.,Their operation make rather for rich know.,Area after become not media less shake.,80700,"Marsh, Nichols and Fuller",Approved,(581)532-3751x455,Salas-Snyder,Comprehensive Health Plan,ff2e2f42-5abd-485b-97c5-871eabfdd21e,Corporate,2022-05-03,56981,295,2022-03-16,2022-12-25,GB55XUHS09528682894346,e0af3e75-8fe6-408d-95eb-26647366799f,Shannon Mullins PhD,"28181 Franco Square Suite 373 Nelsonhaven, VA 80658",723.412.8727x76311,francisdonald@example.org,Yes,2023-09-27,7615,Yes,Senior Citizen Health Insurance Plans
67752437-d45e-465b-86d4-667805af4800,CPT-36904,Quarterly,e296ef98-a62f-4d7e-9227-6fd3e6fa811d,9001,David Mcdonald,Brooks Inc,Avoid despite by speech.,Stage few and bad relate.,Animal likely not identify process.,69489,"Jimenez, Hanson and Davis",Approved,+1-427-327-3239x7564,"Russell, Snyder and Owens",Eye and Vision Care,5d4db2aa-14da-46da-82e4-f02528bafeca,Family,2025-01-20,15908,303,2024-11-15,2025-03-14,GB11SEGC89277620321754,43cc1e2d-7dda-424d-ad8a-594a1c0bfd14,Randy Johnson,"039 Rice Green Apt. 885 West Carolynbury, PA 74820",001-540-623-9166,jwoods@example.net,Yes,2024-07-12,7594,Yes,Disease-Specific Health Insurance Plans
d410849d-45ad-4dd7-94f2-e9cfa836bbc7,CPT-26576,Annually,1a0586b0-a109-4307-ac0f-a6692becc29b,9617,Francisco Frey,"Smith, Waters and Chavez",From upon later.,Pay head month standard try.,Free white little five.,72395,Nunez-Hutchinson,Approved,(474)266-8221x546,Mann Group,Comprehensive Health Plan,37da4d77-c97e-43af-9714-6fd36ae9a2ba,Family,2024-05-03,10348,896,2024-02-22,2024-08-28,GB27TINJ66678404628733,b5e471e9-25f1-4096-bdfd-6463e89ce9a3,Debbie Hill,"671 Strickland Glen Suite 556 New Summertown, OK 94404",(235)803-5442x935,scox@example.org,Yes,2023-06-23,3095,Yes,Disease-Specific Health Insurance Plans
d44097ad-fa2d-46b2-ad12-9a5d1a3539fc,CPT-38372,Quarterly,9ca5fa17-8b09-4b55-9360-2a3956ab2bdd,34740,Frank Thomas,"Martinez, Shah and Vargas",Strong else too shake.,Factor get probably.,Last catch next commercial thought.,51168,Robinson-Brandt,Approved,+1-253-619-6067,Jacobson-Jordan,Eye and Vision Care,47ab67c9-dbe3-4fce-af78-197ed0507156,Corporate,2024-03-31,57889,494,2023-06-01,2024-04-22,GB79CCQW99141522593522,e82bf5e9-30c2-430e-89dd-71b68b209315,Justin Young,"677 Gabrielle Trafficway Gillespiefurt, MO 37973",450.552.4245,james34@example.org,Yes,2022-02-23,1526,Yes,Senior Citizen Health Insurance Plans
090804e7-e5e6-4ad3-9b8d-0fcb27c8d1f7,CPT-82911,Quarterly,efdb2fd5-0287-48d9-9a0f-62713e988b7a,5563,Christopher Phillips,Davis Ltd,Rock difference how why summer task into manage.,Laugh husband establish apply begin kid imagine.,Agree election cell last.,87205,Moore and Sons,Approved,729-706-3783x5184,Murphy-Brown,Critical Disease Specific Plans,f8c4b108-27fa-4a6c-bc2b-ac5f637f7d92,Family,2025-01-24,63165,158,2024-06-15,2025-01-25,GB17FNXY36699541332707,0af4e2f5-503e-416f-a2a6-6a5a286e8837,Melissa Wallace,"456 William Junctions Juarezchester, GA 72134",+1-260-999-5983x47484,kristin83@example.com,Yes,2024-08-26,8673,Yes,Senior Citizen Health Insurance Plans
b6c61841-b97b-4a1a-8cc4-543ef01fa395,CPT-95768,Annually,a5bfa7d3-e272-4e5e-b63d-d1b7ef6b2473,28796,Larry Brown,Adkins Inc,Wonder beautiful growth pull south.,While role about answer.,By alone similar firm ball seem.,96155,Baldwin-Flynn,Approved,3012170480,Hicks LLC,Critical Disease Specific Plans,c68b759f-a6fd-48d8-9321-6ab743a80391,Family,2021-02-07,38278,504,2020-05-06,2021-03-01,GB31VEPG88936239739889,ed1472dc-3c5d-43ff-aca4-94122c36a69d,Jerry Kirk,"8691 Bryan Rest Suite 355 East Ryan, NV 68077",(572)757-7990x95329,tiffany27@example.com,Yes,2021-05-17,6426,Yes,Senior Citizen Health Insurance Plans
a104f035-f7ac-4513-86e0-3dfbc140a6be,CPT-48836,Quarterly,764c4406-e8f8-4a97-9a47-bfdd1e6e7a05,66501,Robert Marshall,Diaz and Sons,Top edge involve special require.,Resource per someone them color nature necessary.,Town benefit star daughter general above key.,75152,Ewing Group,Approved,+1-382-817-6554x6399,Ward-Thomas,Eye and Vision Care,af91a671-d283-4812-a8fd-d16bcc7c025a,Corporate,2023-06-08,66625,424,2023-05-26,2023-07-07,GB57XVCW25120083850135,ae293735-5e52-4743-b3d6-f4d44c717d45,Dawn Perkins,Unit 8601 Box 5613 DPO AE 67359,6625118416,christina07@example.org,Yes,2023-05-16,5435,Yes,Senior Citizen Health Insurance Plans
9449bce6-2120-44bb-9421-33b2f85ba449,CPT-33262,Annually,1ee836c1-1984-4619-bf97-e0fb1b933b54,2412,Timothy Cruz,"Bowman, Charles and Wiggins",Student phone nation seem step consumer.,High one history.,Lose knowledge majority admit throw glass save.,60769,"Palmer, Gonzalez and Chavez",Approved,(348)224-4411,Knight Inc,Eye and Vision Care,a7405624-9bd5-4b1a-aea3-c3d2d57ec567,Individual,2020-04-10,7753,419,2020-02-15,2021-01-28,GB87MNCE64953804126332,94165149-a99a-4196-a051-4145c68b15ad,Melissa Diaz,"892 Harrington Garden Moralesstad, NH 36388",001-661-703-1529,evansmichael@example.net,Yes,2020-11-28,9638,Yes,Senior Citizen Health Insurance Plans
61a885e7-acbb-437a-946a-513df1aa3c5f,CPT-83410,Quarterly,1d70411e-d5e1-42a7-819a-7b26fcaac01b,40876,Lisa Rogers,Ruiz-Ferrell,Play chance deal week artist.,Control although after any resource skin.,Threat control material sometimes.,4719,Smith Group,Approved,+1-824-234-2363x695,Whitehead-Lee,Comprehensive Health Plan,360b158e-2be7-4923-89db-a9582101af4d,Family,2022-08-23,64027,113,2022-06-02,2022-09-18,GB40FXJP39499010749010,5858ea7f-d555-4f25-974f-01b2886a3651,Debra Parker,"170 Stephanie Heights New Aliciaburgh, OK 16168",205.456.6696x77597,mcarpenter@example.com,Yes,2022-11-28,2369,Yes,Senior Citizen Health Insurance Plans
6d31972c-6da1-4183-a237-02e047c3869c,CPT-90832,Quarterly,967e3ff9-8790-47be-8c7e-53b47ebdb902,31335,Joseph Diaz,"Jackson, Miller and Jackson",Foreign easy finally in health degree.,Line yard response per live.,Church fish into likely edge home yourself need.,85293,"Mclean, Pearson and Franklin",Approved,430.416.6360x8770,"Thompson, Moore and Dyer",Maternity Benefits,5ba77443-4e2e-4019-92a1-ad5eb30b4d67,Corporate,2021-01-24,43038,810,2020-12-24,2021-02-11,GB68ODFV11674678799044,26e7a462-2957-48b0-a340-717515eacd7b,Christopher Brady,Unit 3270 Box 6853 DPO AE 47549,868-615-9410x027,ericrobinson@example.org,Yes,2024-05-12,8111,Yes,Disease-Specific Health Insurance Plans
aa45aa5a-d0d1-411f-ac4d-4d14642d91d5,CPT-78167,Monthly,9804f0aa-60ab-4282-a681-ed732ce28747,9476,Richard Hall,Clark-Davis,Summer same represent important even.,Dog commercial wish push recently.,International price pattern official political treatment.,13070,"Cannon, Campbell and Saunders",Approved,001-473-711-9949x145,Nichols and Sons,Comprehensive Health Plan,99b5ae21-0678-40e9-879d-cd63e10b6117,Individual,2022-11-01,18138,753,2022-05-06,2023-01-18,GB68EVQP13769301921445,ed6987a4-3aee-4e21-83a1-a41e32f917d9,Megan Franklin,"991 Braun Manors East Joshuaberg, MT 74868",487-643-1929x6430,kimmichael@example.net,Yes,2020-09-26,2539,Yes,Senior Citizen Health Insurance Plans
28e688a9-9ba0-4b37-8144-4b2a671cab44,CPT-33012,Quarterly,5481d7db-41cc-4f4d-94cf-f20fdf74c371,13611,Keith Huber,Taylor-Miller,Feeling mouth carry activity already.,Manage would once.,Full whether research news send peace explain.,9592,"Evans, Cain and Williamson",Approved,396.680.6849,Allen-Wilson,Maternity Benefits,b8039432-bbd5-4dbe-8178-5a1e4a61230d,Family,2023-12-08,35788,807,2023-12-01,2024-04-20,GB34QZVO75473188764422,d0b174d4-9e40-4d2c-ab01-3ad6f90dddd7,Aaron Sloan,"3444 Jenkins Course Apt. 887 Griffinburgh, WY 46088",950-540-3565x35260,lisa11@example.net,Yes,2023-02-14,6941,Yes,Senior Citizen Health Insurance Plans
4ecd1e1e-6cb9-43a4-8a0e-c2b2e3d03168,CPT-48662,Annually,e34e7b00-ae9a-464c-8c49-bb9e6cac3bfb,61552,Stacey Howard,Franklin Ltd,Direction represent attention.,South join popular other team.,Total though someone any.,89218,Alexander and Sons,Approved,+1-696-588-1259x42793,"Hunt, Rosario and Jacobson",Maternity Benefits,93b029cf-fc05-458f-a7e0-709692d5795d,Individual,2024-07-14,74437,452,2024-01-26,2024-10-16,GB31XXJZ80802466592781,a8dccfeb-a309-4f52-9305-253e4193b8d5,Thomas Carter,"PSC 3883, Box 4499 APO AA 23801",(624)839-0221x260,omorrison@example.org,Yes,2024-05-02,2231,Yes,Disease-Specific Health Insurance Plans
f12daa34-a3f0-41d7-b2c5-db4a23f4af11,CPT-94939,Annually,428d005d-cc82-42d5-9bc5-3321934b8fd4,63843,Jon Lyons,Newman-Webster,Into catch yard these order role.,Majority science laugh occur pick age month.,Our contain enter camera law hand.,4327,Davis Ltd,Approved,8792047594,Hunt-Foster,Eye and Vision Care,d3969592-0855-45d1-9d95-3680df74820c,Individual,2024-02-17,66771,822,2024-02-02,2024-11-03,GB78JAZE99405916228281,24a9ed0d-b34f-4255-8681-13b7d1b01a20,Fred Acosta,"6917 Robert Hills Apt. 872 Lake Angela, AR 99498",728.829.2861,donna31@example.net,Yes,2024-10-29,4237,Yes,Disease-Specific Health Insurance Plans
d10b2c27-12b0-4627-9072-787dfe6af6bc,CPT-71749,Quarterly,eaa673fd-5ebb-4bd1-bfaa-053796349a76,24240,Jessica Buckley,"Klein, Robbins and Mcdonald",Agree natural boy figure whose year require.,After less especially generation around.,Actually worry voice professor school everything recently.,28352,Henson-Hines,Approved,+1-524-309-6911x68290,"Hunt, Lara and Le",Critical Disease Specific Plans,f8e446f3-b527-4fc9-acff-1c87b0c97087,Individual,2020-10-16,25297,779,2020-09-08,2021-01-10,GB16FUJN41238529092154,a7f462db-e943-48a9-a8eb-2647555b40db,Jessica Malone,"77334 Mccullough Branch North Michaelfurt, DE 73279",(404)511-2726,jessica67@example.org,Yes,2024-12-02,9236,Yes,Disease-Specific Health Insurance Plans
9593e514-5b11-4e07-bee9-18b05a972d84,CPT-13758,Annually,0ea2075a-bfbb-4251-ad00-5880be730961,5811,Anthony Atkins,"Shelton, Sharp and Vaughn",Contain fear day health employee improve.,Base eye music close sound just.,Great word person.,19966,Fernandez-Shepard,Approved,2268653136,Davis-Edwards,Critical Disease Specific Plans,8d2fa875-8865-45b2-aad7-995ed9fcd120,Individual,2021-02-04,91634,649,2020-07-27,2021-03-19,GB02RSZY77976187958667,2a2eb98b-de9e-4ee0-945a-bc9ce069736d,John Mooney,"1095 Mary Lights Suite 045 Williamsbury, IL 43185",(669)501-3437x0972,wbradshaw@example.com,Yes,2024-07-19,6764,Yes,Senior Citizen Health Insurance Plans
187c69b6-bdda-4b3c-a160-d10d8b8bc9ad,CPT-79819,Annually,8f53e663-3005-450e-8434-16b854196e31,7178,Kendra Floyd,Russell-Gilbert,For hot chair investment doctor.,Relationship decide event evidence identify decision.,Method civil everybody some.,58482,"Smith, Briggs and Carter",Approved,804-729-7916,Lawson-Hale,Comprehensive Health Plan,f3e59998-4307-4aba-9915-c6132f78c553,Corporate,2025-05-13,40071,225,2025-02-08,2026-01-22,GB64EVWP13369703539674,2799e03a-87e6-4c34-a53e-db02447df695,Dr. Sarah Hawkins,"6997 Deborah Circle Suite 685 Port Sheri, IL 82940",(928)847-6782,goodmisty@example.com,Yes,2022-06-06,9755,Yes,Disease-Specific Health Insurance Plans
2a3a7fa4-2a58-40ea-8a90-6652e18f95b8,CPT-61001,Annually,34af87a2-6fd5-4e1b-86cb-51ec8924bf8a,8526,Zoe Gardner,Lawrence Ltd,Look market exist argue newspaper so morning.,Statement bad military rather month box good show.,Foot one physical health generation old.,98257,Mendoza-Martinez,Approved,956-522-5527x88788,"Robinson, Lopez and Hendrix",Eye and Vision Care,ca2470e2-c064-4ff9-bd44-ed54bf87fc38,Corporate,2023-03-22,60676,693,2023-02-23,2024-02-16,GB33LUYM38445457092573,26b4da16-54e3-44d4-b070-556291207bc7,Brittany Mathews,"8003 Barbara Cape Apt. 091 Franciscohaven, KS 48596",804-255-3172x219,zjohnson@example.net,Yes,2024-12-13,7422,Yes,Senior Citizen Health Insurance Plans
3e3a9c98-39e9-4c83-a637-5baf20abc9cf,CPT-91611,Annually,21b39cec-dbbf-44f9-87d9-8927664057f8,26463,Sarah James,"Hernandez, Pierce and Jones",President give safe any rate.,Thank fast reduce professional century discuss until.,Rest speak establish in young never.,78644,Hines LLC,Approved,709-711-6629x6166,Perry-Olson,Critical Disease Specific Plans,5049fefa-34d2-4981-a261-f77d9b431522,Individual,2024-07-09,47371,783,2023-09-17,2024-09-04,GB39NHTS88893013750719,42a0ef33-49ee-4f58-8bab-67b2c12a3f25,Dana Anderson,"127 Chapman Plains Penaton, AR 84485",(819)872-2657,melanie55@example.net,Yes,2024-11-16,6751,Yes,Senior Citizen Health Insurance Plans
72f011a1-0aae-4920-9e49-25c0b160333e,CPT-85415,Quarterly,32a49fc1-1cf9-4f18-8391-8c02d98ee6f2,13908,Rebecca Garcia,Campbell Inc,Ahead small rock.,No age however religious their.,Skill professor group none current lawyer such artist.,35111,Johnson-Barnes,Approved,403.940.2984,"Price, Wright and Adams",Comprehensive Health Plan,175ee4e2-7b22-4fcd-9980-47b2369f70e5,Corporate,2024-09-12,18007,539,2023-12-08,2024-10-07,GB35OHPC40561886619420,5052a32e-b515-4e7a-9026-20d2137732d3,Dr. Ashley Jenkins,"34655 Smith Corner Port Donna, MP 85251",304-468-8852,pnguyen@example.com,Yes,2023-03-16,9150,Yes,Disease-Specific Health Insurance Plans
f4c2415d-91a9-4b4a-a41d-c6a4fa564e56,CPT-62005,Monthly,1dc06c12-bff2-47b5-99b1-ccde88f2e87b,8741,James Jones,Abbott-Yu,Ago indicate total pressure.,Paper must could director writer pressure none.,Phone guess anything fast method.,39490,Gentry Ltd,Approved,(613)321-5512x9221,Velasquez Ltd,Comprehensive Health Plan,5df0c735-0fc7-45a6-91af-fc522dc7e39e,Family,2022-04-30,11064,681,2022-02-05,2022-08-11,GB39TFYW29195604103487,d60697bf-1739-462f-a40d-cd57f832a46f,Samantha Larson,"4843 Jennifer Trail Suite 319 North Michael, OH 16451",908.659.6243,crystal21@example.com,Yes,2024-11-09,3543,Yes,Disease-Specific Health Insurance Plans
b299d720-b939-40d1-b54a-2bc954e317b3,CPT-93564,Quarterly,3b7b0c31-8270-4de2-9b9d-88b983f3d9e7,33939,Christopher Campbell,"Williams, Cline and Rios",Organization cultural where garden close word theory.,Under art direction full threat other decision.,Manage several leg cut must themselves.,2757,"Long, Ferguson and Campos",Approved,7753875870,Mcdonald PLC,Comprehensive Health Plan,b1e9f7b0-be0c-4bf2-a733-03a083938b73,Corporate,2022-05-13,46051,793,2021-09-14,2022-09-08,GB12WNUW30955265106147,538c4e07-14b0-4b39-b579-3701ced27fe9,Richard Douglas,"109 Theresa Pass Apt. 318 Diazton, PA 47803",(519)455-1757x3305,alexisrose@example.com,Yes,2021-04-16,9238,Yes,Disease-Specific Health Insurance Plans
60960309-76bf-4219-b76a-157869b94579,CPT-60031,Quarterly,c656588f-3d9b-4dab-8b9d-8d3ee7804460,2336,Kaitlin Palmer,Mercado-Flores,Number radio strategy speak cold.,Perform dream suggest this.,Entire he pattern maybe the fact yes enough.,36448,Harris-Livingston,Approved,+1-521-940-0132,Potter-Lindsey,Maternity Benefits,9bd210b4-1553-4fd0-ad45-997f85506e03,Individual,2025-01-20,84484,277,2024-05-12,2025-03-12,GB73RMHM87948572141819,162f2526-4147-42b9-af23-ec5ea790f155,Caleb Turner,"1442 Best Rue Jamesport, WI 93145",+1-373-458-5445x551,npena@example.org,Yes,2023-09-18,1827,Yes,Senior Citizen Health Insurance Plans
5f9e3599-844b-4e5b-9882-cd2ebb007db7,CPT-24352,Quarterly,bfc86e40-4c2a-48c7-aa4e-82006092cf10,28905,Dennis Williams,Lamb LLC,Help again street work until yes.,Wall yes talk.,Meeting three investment law scientist whole.,81317,Hernandez-Summers,Approved,735.246.8648x9672,Schmitt and Sons,Maternity Benefits,3119f62b-ff9a-49d6-935e-7153236aa85c,Individual,2023-08-17,90525,451,2023-01-01,2023-10-16,GB93ZXKA59759263968696,ee0e2748-bcff-40f5-86e1-12ff7d8d552e,Cynthia Henderson,"31084 Harrell Haven Kyletown, LA 93735",432-354-9684x333,pcurtis@example.net,Yes,2021-02-20,7837,Yes,Disease-Specific Health Insurance Plans
716b001a-8894-42e6-9c97-59bc8b22758a,CPT-66830,Monthly,667660ca-d783-459a-abcf-37715fc18c6b,5251,Loretta Lee,Cain Inc,Meet hot will modern effect pick tax.,Hair forward author deal page.,List general sure side cost raise.,97675,"Obrien, Williams and Mathews",Approved,+1-290-493-5326x481,Washington-Garza,Eye and Vision Care,bb1a5720-888d-4496-83cf-fd5bc66c9196,Corporate,2023-03-27,92807,726,2022-11-21,2023-09-09,GB07LHFG35376581295923,848d1e72-10b3-4a92-8648-57953d274f1d,Albert Robinson,"4476 Navarro Curve Apt. 895 Lisaberg, NY 38234",652.379.1759x49300,gatesbobby@example.org,Yes,2023-06-21,4770,Yes,Senior Citizen Health Insurance Plans
f2757c51-92c9-45dc-88cf-d8c5a25db017,CPT-54263,Annually,e5579073-e44a-4cd4-803a-37486c8c4eb3,8407,Autumn Adams,Carroll-Lawrence,Nation power value base point challenge without.,Daughter though according their student military staff.,Finally summer but each.,45471,Horne-Lee,Approved,3686410451,Miller-Durham,Eye and Vision Care,d556f37e-111b-4259-a956-5135d39c6122,Family,2024-09-15,16021,153,2024-08-11,2024-12-18,GB77NRBO73058745619199,dc9a7b3b-95fe-498e-9666-643db901994a,Joseph Pruitt,"300 Jacqueline Summit East Christophershire, MH 45968",515.638.1913x55134,miguel19@example.com,Yes,2021-11-08,5102,Yes,Disease-Specific Health Insurance Plans
e5bb87c7-d193-48c4-8a5b-321ba8345407,CPT-51756,Monthly,bb8df9ab-94c5-43f4-bc07-3b3ff722cdcc,20419,Laura Hall,"Russell, Peterson and Wilkerson",Grow piece Republican.,Real speech police phone over.,Peace woman generation fire American tax road.,19915,Jacobs-Franklin,Approved,+1-204-765-0804x271,Stevens and Sons,Eye and Vision Care,0d92f90e-4a60-49ac-a605-85dbda596066,Corporate,2021-09-27,59279,836,2021-04-03,2022-03-25,GB21QJWI00518261669779,9820c690-2127-495a-96a8-0ca1f5461654,Gary Young,"9909 Nicholas Haven Lake Courtney, NH 18965",001-515-701-0867x6108,hernandezcarolyn@example.net,Yes,2021-12-17,4427,Yes,Senior Citizen Health Insurance Plans
043a56b0-9faf-41ba-bc80-96a932fb4063,CPT-42908,Quarterly,f48bf2e5-790a-47df-a1d3-9b406c83ad40,17743,Traci Lowery,Chase-Davis,Time cup coach wife.,Support simple discover despite heavy unit significant.,Might him chance hotel level.,69855,Hall-Thompson,Approved,(202)994-6118x16172,"Murphy, Mcintyre and Rodriguez",Maternity Benefits,14507d9b-2a69-4b05-9520-2cf5d562ea49,Individual,2022-08-14,53135,327,2022-02-16,2022-11-17,GB84WYAX33216791263952,92c8ab7a-bc05-4edf-88e0-3becc03c507f,Erika Mcbride,"348 Jonathan Drives Suite 100 New Amyside, CO 94144",6919556818,khicks@example.org,Yes,2022-01-11,7568,Yes,Senior Citizen Health Insurance Plans
6a31f53a-76c0-4169-b6a3-5ced165af844,CPT-59316,Quarterly,2fc10dc8-5894-44b8-8d7c-1c9aeaee7450,14868,Thomas Keller,Gutierrez PLC,Receive on one effect.,Range hear place support no.,Price computer fly ask anything sometimes term itself.,47169,Jennings and Sons,Approved,001-867-357-9682,Dickson-Lucas,Critical Disease Specific Plans,5bb29e3c-fdab-49cc-8676-3730d0971334,Corporate,2023-04-02,31624,197,2022-12-21,2023-11-04,GB03DYSR83022438392825,313267d7-df6e-49db-a3d2-b6bf3093f10f,Cameron Johnson,"96178 Mcclure Square Navarroberg, CT 02948",001-621-614-4353,danielbarr@example.org,Yes,2021-03-18,1427,Yes,Senior Citizen Health Insurance Plans
aab6cb16-5547-421b-9012-b322c8d797f5,CPT-62098,Quarterly,7592e788-3529-4d0e-88da-40a4f6a8f8ab,4862,Cynthia Acevedo,Johnson Inc,Common growth firm meet.,Drug behavior quickly goal surface find.,Girl picture save so.,21414,Bush-Collins,Approved,4222595176,"Barnes, Sexton and Howe",Eye and Vision Care,ee3bb8f9-3344-4fc4-b8e2-134493191e8e,Family,2021-02-04,42011,356,2020-09-26,2021-07-15,GB07HVLM01038821093314,3b302dd2-3945-479c-ad88-dcadef5e74a8,Ana Graves,"361 Smith Forest Apt. 534 New Veronicaberg, FM 66122",468.277.3565x56457,collinssteven@example.org,Yes,2021-02-27,4977,Yes,Senior Citizen Health Insurance Plans
14b584c3-b3dd-49be-922d-e5272c2e8f35,CPT-52681,Quarterly,7259e92f-57bd-4998-aca6-7a8592253ea4,73554,Charles Jenkins,"Taylor, Reynolds and Garrett",Guess may old think.,Range blue determine what.,Participant interview resource at.,12078,"Saunders, Woodard and Lopez",Approved,387-764-3454x1250,Bauer Inc,Critical Disease Specific Plans,f55ea2a6-b800-4644-8f89-4f5ca0439bdd,Individual,2023-12-21,89283,418,2023-08-12,2024-07-16,GB81BPOF87624541405402,0664b313-f1e4-48b0-aaa3-13e5effdf47d,Dr. Ryan Bell,"29567 Brent Stravenue Apt. 904 New Aaronmouth, MH 93932",001-858-309-0799x0511,dorseyvanessa@example.org,Yes,2021-01-11,1647,Yes,Senior Citizen Health Insurance Plans
63f56cac-7fb7-44c4-95b8-a7f62851797d,CPT-45692,Quarterly,55df00c6-4bed-46f1-9c1e-f25b803de725,23225,Bradley Guzman MD,"Andrews, Jones and Morris",Economy never available.,Mr fish member his focus Congress.,Law art drive role lose fill.,57570,Guzman PLC,Approved,784.482.6911x260,"Gonzalez, Lester and Willis",Critical Disease Specific Plans,1b0c28e6-ab0f-42a5-8e4d-b39820bd521d,Individual,2020-10-26,35619,163,2020-09-21,2020-11-07,GB03JVGL25009750921552,6bce61c8-267a-4a6e-afe7-262adfcf2f1d,Kristen Ortiz,"149 Steven Landing Apt. 286 Moorebury, KY 76469",(817)840-4274x40573,ericellis@example.net,Yes,2024-02-03,1606,Yes,Disease-Specific Health Insurance Plans
5544f213-b00d-431a-881f-eaa7c3fd19f7,CPT-61913,Annually,c4f77a40-ec6c-437d-951b-b797228e6830,12224,Holly Turner,Gilbert-Daniel,Crime mouth term purpose approach.,Home player investment table instead.,Do upon research man choose buy.,71727,Powers Group,Approved,001-494-349-0916x75254,Smith Group,Comprehensive Health Plan,b5459a3e-d268-401c-8283-20432b8074d3,Individual,2023-10-28,29697,846,2023-08-01,2024-04-03,GB14LTBH78670126614872,54075265-762c-4a56-8e28-b66336d3d8f3,Ann Arroyo,"24033 Julie Road West Brian, NJ 21823",+1-895-602-7516x9558,teresa96@example.net,Yes,2024-01-09,9102,Yes,Senior Citizen Health Insurance Plans
0a60a428-65f1-4767-81dd-4b840431cf96,CPT-12449,Monthly,bbb03256-7ab1-47b4-80e9-10d5d238094f,28688,Bryce Henderson,"Moreno, Mcclure and White",Improve research at view team black four together.,Live crime fly especially price seek anything.,Rise wonder professor cell successful fund think.,74294,"Walters, Cooper and Miles",Approved,(566)578-3311x74991,Nguyen-Estrada,Critical Disease Specific Plans,1bb45ef6-e9c3-4139-ad1b-2a49fe750a02,Corporate,2022-04-14,57292,786,2022-03-25,2022-09-04,GB15DJPK73176418039844,291d972a-8a92-41eb-a671-5d81da1c4f18,Jeffrey Cook,"353 Paul Corner Suite 682 New Duane, NY 31336",521-290-7371,kleintara@example.net,Yes,2023-03-19,3992,Yes,Senior Citizen Health Insurance Plans
85f84e94-b101-4c3b-b64f-bbc716a6bd5d,CPT-18743,Quarterly,030e9f40-07cc-4111-900a-b149bb9438b6,36353,William Lee,Lee Ltd,Responsibility citizen phone professional win get your.,Return case task weight area myself.,Until fight may.,52429,"Wilson, Wright and Allison",Approved,7377829742,Fields-Bowers,Maternity Benefits,20d540a2-ea32-43c8-b375-22eb3ec30b5b,Individual,2020-07-31,60143,631,2020-05-19,2020-09-06,GB47SHVW67697817918046,d16c484f-9525-474f-8b5c-cf3929cba1c2,Jeffrey Cannon,"86231 Stevens Flats Suite 518 Port David, MA 63925",(968)486-6469,kwallace@example.org,Yes,2021-11-05,5510,Yes,Senior Citizen Health Insurance Plans
92ebd3de-79f9-4a93-be4a-25b25f302bfd,CPT-63801,Quarterly,8db818eb-84b3-44fd-ad06-dbd1f20bb6f0,19740,Guy Phillips,"York, Merritt and Tucker",No treatment audience language despite present.,Manager outside arm great should suddenly.,Any kid democratic five sing good.,41856,Pratt-Escobar,Approved,(538)777-7051x28828,Johnson-Johnson,Comprehensive Health Plan,9df2fb95-1c0a-476c-93b5-a8f94db57b9f,Corporate,2021-12-25,56864,315,2021-09-27,2022-02-10,GB43OWIN96059164258898,65d3f5c9-d5af-45bf-a68a-c2570f37609f,Lori Joyce,"382 Ray Drives Roseborough, WV 70207",999-716-1845,tabitha41@example.com,Yes,2024-09-03,8524,Yes,Disease-Specific Health Insurance Plans
d39745f3-a16b-46fa-aabb-71361b45f4f2,CPT-27406,Annually,2fae2ea0-0357-4e97-9929-ae7fcbfa9c01,5611,Jason Maxwell,"Carter, Thomas and Silva",Build hard not interview decide side section.,Rather move no everyone manager.,Role traditional prepare now marriage control.,76057,White-Whitehead,Approved,800.860.1222x48800,"Myers, Olson and Warren",Critical Disease Specific Plans,c0bb58d1-5523-461c-a926-9433cb729ba6,Individual,2023-04-14,23319,327,2022-06-19,2023-05-03,GB46PHIV19041431066427,55a8c0e0-c979-4f93-844a-ef60087c4a38,Michael Stanley,USNV Gates FPO AE 11866,001-432-523-2831x597,lori20@example.com,Yes,2024-11-06,6548,Yes,Senior Citizen Health Insurance Plans
483125cd-f2e5-424b-aa44-eeebab22493f,CPT-94006,Quarterly,035d3c99-1678-4c94-a158-e963d4a54a44,11921,Diane Thompson,Lawson-Lindsey,Sing us country ahead law speak suffer.,Fall public up determine star.,Yes product offer raise receive.,87807,Kirk Group,Approved,(749)612-5504x2996,Lucas-Wagner,Critical Disease Specific Plans,f344b74c-75c5-46b3-b860-30bf14a47e95,Family,2023-08-27,79597,700,2023-05-12,2024-02-19,GB81JRDZ17107996538282,1e8d1109-c12c-42fa-823e-6316f686e399,Brian Brown,"7686 Brown Gardens Apt. 507 South Matthewborough, MO 40932",001-420-706-8374x713,tommyhubbard@example.org,Yes,2023-04-20,4221,Yes,Disease-Specific Health Insurance Plans
43af2f0d-beb6-42fb-8822-cc8d7a93138a,CPT-18086,Quarterly,fedd0395-242a-4875-8c9d-ac5c8f6fc63f,25817,Laura Hughes,Miller-Scott,Gun because couple simply arrive series write follow.,Morning natural tree place build energy travel.,Crime ago hospital.,12636,"Ferguson, Wright and Greene",Approved,597.855.6160x64907,"Armstrong, Schneider and Williams",Critical Disease Specific Plans,52b5f210-6946-4592-a596-4cdf271bad40,Corporate,2023-04-27,30015,831,2023-02-28,2023-07-07,GB97YBST52931930952823,5e7520de-655b-4887-9108-fd20b943aad7,Carrie Moore,"78885 Jones Fields Suite 097 Anthonyborough, PA 86179",+1-559-914-0012x385,williamsrandall@example.net,Yes,2023-03-14,9333,Yes,Senior Citizen Health Insurance Plans
8177ed93-07d5-409d-9e4c-32c152e94080,CPT-59448,Quarterly,a933eaca-c96b-4a1a-9b22-2e30cba34c6e,11824,Kelli Alexander,Williams Group,Talk recently prevent hot education probably.,Job require ahead reach ever.,End debate sea.,24697,Meyer-Melton,Approved,(680)811-9022x4795,"Rowland, Brown and Snow",Eye and Vision Care,d117dd2d-a8a0-445c-a2c7-70c1a4a00812,Individual,2022-06-22,16249,612,2022-06-09,2022-08-13,GB14DWYS97960900684583,f5a9e0ad-b58c-445c-924b-3598dd28cd18,Jason Walter,"293 Aaron Brook Suite 723 Port Denise, GU 17401",+1-896-335-9814x35236,uhernandez@example.com,Yes,2025-02-26,3643,Yes,Disease-Specific Health Insurance Plans
a4cb31a1-c79a-4e43-9807-57dcf2501bea,CPT-82304,Annually,855ef52d-7628-4236-b090-c9e4001017a2,7464,Eric Evans,Marshall Group,Others board same development owner create.,Save fine edge.,Why mind first opportunity.,50582,Martinez-Cruz,Approved,+1-257-755-2349x2924,Mann-Wilson,Eye and Vision Care,d1ae3e59-b27d-44e7-9640-f6425432c7bb,Corporate,2024-01-26,28717,118,2023-10-30,2024-08-16,GB41JCBE14104193283080,799467cc-3869-46a9-be2c-2b20cbb35bb4,Christina Morrison,"161 Robert Wells Apt. 921 New Peter, GU 81401",(863)836-7059x15325,todd87@example.org,Yes,2022-08-22,2308,Yes,Disease-Specific Health Insurance Plans
1c958a9c-6101-4b52-930a-189c97e97683,CPT-32398,Quarterly,6d27e463-9de9-430f-9ecd-379bc5cfdf87,14582,Justin Clements,"Mclean, Page and Anderson",Suggest interview bill night candidate central tough.,Surface civil score arm.,Society thus property general choose expert.,46427,York-Trujillo,Approved,001-239-731-1102x4773,Johnson Ltd,Comprehensive Health Plan,501578f3-6de5-4fa4-a926-dcba39c5ac0f,Corporate,2024-01-07,34585,145,2023-05-21,2024-03-29,GB32OPIJ33398211753328,db04d77a-bccc-4a6b-af2f-4efd23aec803,Jennifer Petty,"288 Villanueva Locks Paulberg, GU 68414",(796)735-7506x36085,jordanann@example.org,Yes,2023-10-01,7257,Yes,Disease-Specific Health Insurance Plans
e07d1295-0a91-4a92-a102-98611049a370,CPT-69121,Monthly,82964f7f-b288-462c-ab3e-998fa3ca25ff,11140,Patricia Ellison,Scott-Hernandez,Force Mrs environment stop dog.,The nor their professional.,Organization your budget different.,48063,Moon PLC,Approved,767-345-4630,Kaufman Ltd,Eye and Vision Care,1d843602-93f5-48cc-bf37-595d33edbd5c,Individual,2020-07-28,18898,110,2020-01-31,2020-08-31,GB38PXLO16463098064684,3dfe05dc-05a2-4366-ba83-df75ef2d7941,Emily Barrera,"14018 Amanda Canyon Suite 309 Cathyport, MP 01652",001-492-324-4624,woodsjames@example.org,Yes,2021-07-07,7885,Yes,Disease-Specific Health Insurance Plans
b7b6e3d7-3734-4878-bb4a-92823c2e2c56,CPT-69771,Monthly,6a16206b-d2ed-4ccc-8b91-6596c633af12,15696,Kenneth Stanton MD,"Curry, Johnson and Olsen",Compare benefit challenge several hold avoid room.,So beat then surface.,Direction machine personal modern could type.,75504,Cox-Wade,Approved,991.409.5056x09864,Rocha-Dunlap,Eye and Vision Care,5366e7ce-f58f-4444-a12c-8d0ee1d5d83c,Individual,2024-02-04,29354,565,2023-04-27,2024-03-11,GB70KACV47839823229320,45d96b64-f5a6-4029-a0e3-00cb2610a9a4,Shelby Olson,"7177 Frazier Avenue Reedmouth, MA 98195",485-445-3724x57031,grahamalexander@example.net,Yes,2023-12-31,1034,Yes,Senior Citizen Health Insurance Plans
85c2447f-8e20-4ef8-aee1-010c49236da0,CPT-52099,Quarterly,c046f536-8aee-425a-b0b9-25132b4544b7,16987,Kevin Robinson,Mendoza-Wagner,Year reach single determine money billion toward glass.,Mother always religious final future house.,Side kitchen right in age itself better.,69228,Wright LLC,Approved,(425)200-1502x19424,"Mcbride, Vang and Ramos",Critical Disease Specific Plans,c28ea163-ac97-485a-bdae-449edbc01034,Corporate,2020-02-18,28516,371,2020-02-02,2020-03-22,GB85EWEH93965889328325,dce26918-6cd8-4bbd-b5cf-390526e88094,Teresa Bailey,"226 Megan Estate Suite 203 South Heather, MI 60587",611.284.7764x55529,zbeard@example.com,Yes,2023-10-02,5486,Yes,Senior Citizen Health Insurance Plans
08215eae-5131-4cf8-a2db-d1503d6b5f33,CPT-92200,Quarterly,813503d7-f45d-4634-8ec9-f3e9c03bf245,40333,Dennis Warren,White-Tate,Quickly grow give per form.,Head ready happen exactly turn.,This set character door leave store property.,33354,Meyer and Sons,Approved,697.542.3398,Henry and Sons,Maternity Benefits,8ace48e7-4620-449b-a512-85419a3889f8,Individual,2021-03-18,85584,739,2020-11-08,2021-10-26,GB07FJWX89867191479849,8fdda494-d036-4ab4-8639-f9057a7301de,Justin Ryan,"570 Christina Course Suite 951 Gilbertbury, FM 49719",716.882.5178,bgregory@example.net,Yes,2022-10-29,6548,Yes,Senior Citizen Health Insurance Plans
6dfac46e-9fec-42bc-8065-582a35d7f6c7,CPT-47214,Annually,d8cabf69-6306-4c50-9b33-7ec5875f39da,19421,Matthew Summers,"Thomas, Alvarado and Bryan",Commercial against relationship author true position.,Event new public.,Worker billion activity kitchen herself despite.,98495,"Mack, Watkins and Cooper",Approved,001-978-736-7275x5284,"Tucker, Mclean and Simpson",Critical Disease Specific Plans,9025878e-7503-42ab-80d2-c0a0671733ac,Family,2022-09-19,33645,957,2022-01-10,2022-12-13,GB86HHKT79198118516660,48589dc7-9637-40ef-9dae-5b418d102670,Connie Shannon,"PSC 0933, Box 2358 APO AP 01343",(486)966-9971x544,georgegrant@example.com,Yes,2024-05-03,6663,Yes,Senior Citizen Health Insurance Plans
8b1a081f-1ab3-4c62-9901-a4c9f1c7aaff,CPT-31873,Annually,6f269665-17d1-4033-8adb-b5d8407121d1,30712,Patricia Livingston,Russell Inc,Nice involve must.,Food reason worker trial international leader change commercial.,Lawyer generation sport.,67329,"Harper, Ball and Clay",Approved,001-475-909-1742x5285,Miller LLC,Maternity Benefits,8e22271b-56ed-41a8-9519-0defee9b7696,Family,2022-09-22,30832,308,2022-09-10,2022-10-27,GB95YAGI29674474454712,6fda1799-5631-43db-999c-be99882351d1,Harold Scott,"0357 Garcia Inlet Walkerton, IL 50437",319-894-0443x861,kingbrianna@example.net,Yes,2021-12-20,6707,Yes,Senior Citizen Health Insurance Plans
124ceee7-3a1e-49ab-b960-2bbac3d32797,CPT-65456,Quarterly,eb5e868c-92ce-4600-9ba5-d111a2e77ff5,5445,Regina Vincent,"Dickson, Gray and Diaz",With power money attorney form prepare interview.,Out age face look.,Role light prepare.,88497,"Osborne, Baker and Perez",Approved,(317)737-1339,Gates-Wright,Maternity Benefits,f23a833a-e511-4b14-a623-89a7fb9cf97c,Family,2025-03-05,13332,477,2025-01-09,2025-06-27,GB97LDJE35253859795011,c16a7d82-e3f1-40cf-aa93-7e75302029d9,Cynthia Johnson,"16956 Lane Mountains Danielburgh, FL 23385",388-981-5481x9281,smanning@example.net,Yes,2021-09-19,2516,Yes,Disease-Specific Health Insurance Plans
56905d89-3aa0-4f9b-863c-fc8321f346ff,CPT-50955,Monthly,4bea6345-69bf-4ade-a0b7-e9049e0f2448,11755,Christina Hendricks,Baker and Sons,Account TV yet nearly the.,Necessary course out try.,Computer pull list phone yourself fund.,66410,"Bailey, Brown and Owen",Approved,761.672.4540,Stanley Group,Comprehensive Health Plan,ac644563-3903-4453-b053-e64f174ea468,Family,2024-06-08,29817,943,2023-12-21,2024-11-01,GB20PDVH14732149320538,3fd34e4b-3230-43e1-bc80-e0809ea50409,Dean Smith,"8555 Brian Orchard Apt. 406 Guerreroville, WV 50586",(228)732-2346,alexisgalvan@example.org,Yes,2020-12-11,8980,Yes,Senior Citizen Health Insurance Plans
86f0293b-b94e-4c43-ba31-c2df21875970,CPT-16792,Quarterly,0bfba916-8d79-4523-b084-964551cf5452,5160,Jacob Snyder,Cruz-Mcgee,Us believe issue certainly girl right.,Major protect hot.,East police point fish board miss.,67440,Davis Ltd,Approved,476-247-1084,Martin-Mueller,Eye and Vision Care,2d12198c-c731-478b-8a80-c68f969b4df7,Family,2025-05-03,30491,951,2024-12-02,2025-08-02,GB72RZPF64866133238893,19fe2fb2-1784-4c22-b29c-c2ca513badf8,Shawn Smith,"70226 Zachary Parkways Hernandezhaven, NC 54608",(979)633-5111x342,jamieburke@example.org,Yes,2021-12-20,8083,Yes,Senior Citizen Health Insurance Plans
8ae769cc-6459-41c1-afa1-92fa91c4a98d,CPT-12006,Annually,cada68b3-0802-4075-8581-e2bd49f0a7d6,48349,Kelly Moore,"Rice, Roman and Wood",Down daughter player look anything will office price.,Bag fly less first early may.,Father one ever charge this cost throughout.,92823,"Johnson, Scott and Rodriguez",Approved,001-427-448-3255x9022,Smith PLC,Critical Disease Specific Plans,4357c49c-5f09-48cf-b683-eca14a9b215a,Family,2021-01-06,72607,373,2020-10-15,2021-04-16,GB44PSSG51172724769591,b68a4354-373d-4afd-b195-786805f62197,Billy Rivera,"088 Derrick Valleys East Elizabeth, IN 74072",497.950.2695x1210,nicoleford@example.com,Yes,2023-01-20,6392,Yes,Disease-Specific Health Insurance Plans
942247f7-4981-497b-948d-1411b4689827,CPT-43083,Quarterly,c733fce0-8baf-4e41-9d4e-96f5e9b31dc1,37978,Bradley Smith,Ramos-Shah,Arrive protect stage body Democrat scene.,Build technology usually mention.,Might shoulder around.,79362,Mitchell-Warner,Approved,001-437-950-0313x5902,Stone-Leonard,Comprehensive Health Plan,06d4fa22-793e-4da5-ab02-81c1c5c90085,Individual,2023-07-12,58591,534,2023-03-10,2023-08-14,GB46AEKM32550589059015,9ca5ecb2-1323-4a28-aeb8-95b2181a4d18,Scott Phillips,"321 Miller Extension Apt. 225 New Brendaborough, MI 57651",001-344-694-1999x7082,shanebrewer@example.org,Yes,2024-05-22,4177,Yes,Disease-Specific Health Insurance Plans
87a309fe-ed74-4ea8-81cc-8e6210747755,CPT-11592,Monthly,10dde2cc-cc6d-4bd0-832d-44679becae6e,11272,Jennifer Brooks,"Escobar, Ryan and Matthews",Seem nature leave dinner group entire group.,Under future program paper little nor deal.,Light baby ready human capital sometimes.,60586,Cuevas Group,Approved,318-772-6961,Garcia-Ross,Critical Disease Specific Plans,125fe2e2-b9a1-4ea7-9059-344feaf1ccdf,Individual,2021-08-23,61515,680,2021-02-18,2022-02-17,GB86LLZX35668536362928,51ed8ccb-e62c-4896-8d57-70db1110b525,Chris Morris,"58829 Charles Lane Lake Kimland, DC 22952",774-888-4759x5041,elizabeth04@example.com,Yes,2023-10-07,2980,Yes,Senior Citizen Health Insurance Plans
9a340d91-b521-425e-b525-2464b2c3eb11,CPT-64146,Annually,45249fbb-3522-4214-98d9-c6537ae974fa,47927,Jeffrey Henderson,"Garcia, Hicks and Flynn",Factor ok recently.,Word part sign should may product seek may.,Against four own long race describe.,39852,Lane-Russell,Approved,951.200.9536x7945,"Morrow, Scott and Wallace",Critical Disease Specific Plans,ce6534cc-e803-471f-85a5-49288ad3d98a,Corporate,2023-05-23,51652,904,2022-11-17,2023-07-21,GB90PEUP28828733539364,952243c8-11ec-44a3-a45b-bd6dcbdce73d,Keith Waller,"78356 Jonathan Isle New Eric, MO 95694",+1-912-241-3401x7874,vanessastokes@example.net,Yes,2022-06-22,7155,Yes,Senior Citizen Health Insurance Plans
1f7187e1-d7db-4fc6-95cf-efe18129e394,CPT-19883,Monthly,e5317d64-2ac2-48a5-b3f8-94f84c9bfb72,6690,Dorothy Martin,Phillips and Sons,Live marriage model will imagine.,Teach prepare spend field debate contain.,Technology better thought grow.,15795,Scott-Hudson,Approved,001-614-759-2084x5566,Miller LLC,Maternity Benefits,eeadfe99-860e-4645-87c3-9d73f0c85084,Family,2020-08-25,23734,624,2020-08-17,2021-01-06,GB72CDCH31010201902937,cbf481da-c769-49de-bf5c-a314208817c1,Austin Evans,"9984 Bennett Field South Shelley, NV 30717",6097475369,emily55@example.net,Yes,2023-07-09,2928,Yes,Senior Citizen Health Insurance Plans
7d336c32-4398-450e-99b4-9c67c927b2b3,CPT-25824,Monthly,b0c5b7a3-455c-4e60-94b5-829fd9650c96,1341,Andrea Mejia,Ford Inc,Read edge cup situation.,Pull test campaign expert.,Area security language day production campaign.,2471,Miles PLC,Approved,488.820.0885x285,Moran-Schaefer,Critical Disease Specific Plans,b7391865-1472-4584-ab4a-54e06c9628f0,Individual,2025-09-11,61023,697,2024-11-27,2025-09-24,GB03WQHC05544621631694,f0d56636-53c8-4d8c-84bd-5844cbdb6844,Jason Costa,"045 Ellis Plain Suite 930 Burnsshire, AR 29686",609-775-4925x239,gravesmariah@example.org,Yes,2022-12-01,9904,Yes,Disease-Specific Health Insurance Plans
b0e27a6a-6ca2-424a-84a4-7d824a4fe6ba,CPT-64441,Annually,59369c03-16de-4622-a65e-387205011c48,29350,Patricia Stokes,Riggs Group,On turn for sound have poor.,Artist from fire firm light.,Else matter first suffer turn.,95844,Scott Group,Approved,001-945-760-7934x6295,Jones Group,Critical Disease Specific Plans,e99e4eb3-cc91-475e-9bd2-a00162d78df2,Individual,2021-11-12,48391,606,2021-06-29,2022-01-12,GB61OXDR42999376936646,3684d7e6-9425-4d11-8006-36ca7baa134a,Melissa Colon,"85982 Rivera Greens Suite 366 New Patrickland, IL 80685",+1-675-563-4566x19864,andredunlap@example.org,Yes,2021-12-14,2989,Yes,Disease-Specific Health Insurance Plans
0829df13-3e95-4774-aea2-138d691652c1,CPT-27591,Monthly,3b8422f0-238c-4c97-b725-0bf256e19361,41730,Ruben Scott,Shannon-Bauer,Hundred talk reality property father form.,He cover approach behavior ok phone.,After practice indicate.,41985,Hughes Ltd,Approved,(222)984-8110,Lowe-Nelson,Eye and Vision Care,df51c559-d40f-4324-8ef4-377d5f032256,Family,2023-06-12,57997,752,2023-06-05,2023-11-05,GB86RQBF81277956057524,2e675b2b-b30d-469d-8d41-a2054c63e97f,Stacy Allen,"693 Jasmine Falls Floresmouth, FL 28976",8107884406,laura03@example.net,Yes,2020-03-20,3264,Yes,Disease-Specific Health Insurance Plans
bf0456fe-a50a-4057-ada3-f580fabba679,CPT-59665,Monthly,f5c044f4-5a91-455b-88b5-f33e756f7a0b,44374,Jenny Fitzgerald,Rivas LLC,How person effort painting though pass live.,Bit in season.,Low whole simple official.,92013,Jones PLC,Approved,(698)584-1322,Thomas-Alvarado,Eye and Vision Care,da1001d6-bc6c-4877-8da6-b2756b7845d6,Family,2023-09-27,71638,155,2023-09-16,2023-10-16,GB84XWHX19294430895516,6e92c1ab-19bf-4c21-b2dc-78da1a6370ac,Mrs. Amber Castaneda DDS,"7272 Thompson Estates Davidchester, AK 52856",773-660-6884,katiemcdonald@example.org,Yes,2023-03-13,6142,Yes,Senior Citizen Health Insurance Plans
2ee12f63-5426-4672-ae68-8294104e98e6,CPT-51576,Monthly,6b998d9d-f02d-47ff-a761-b1645c50ef61,9500,Christopher Garcia,Miller and Sons,Better crime success low building list for.,Law kid record kid catch toward staff spring.,Tax seven model middle.,30534,Grant and Sons,Approved,(947)548-0557x58584,Washington-Parker,Critical Disease Specific Plans,5afd43a0-2924-4544-8886-73bb3b9e3917,Corporate,2020-10-15,32615,719,2020-04-16,2020-11-26,GB33ITYX88357815486741,50bdc663-ca3d-40b4-98d9-c263d7eddb0e,Charles Fleming,"4317 Harper Lights Suite 304 Hayesshire, AK 80457",001-598-370-5496x873,christopheresparza@example.com,Yes,2024-08-03,8393,Yes,Disease-Specific Health Insurance Plans
c40cf8a2-cff5-4fc8-8caf-b82a3d063b75,CPT-59067,Quarterly,a814a299-4ce0-4acc-b70a-60bb57342a22,6201,Cory Estrada,"Lopez, Bailey and Love",Vote must single travel song deep.,Police music thousand or worker wait.,Wear per throw task country.,2166,"Young, Smith and Bryant",Approved,+1-320-320-4445x8817,Day PLC,Eye and Vision Care,3e895ff7-b579-49b9-b3e2-4e26a5a33acc,Individual,2023-05-06,30486,696,2022-10-12,2023-06-30,GB16PZNG88217128522728,fc1ebb55-f412-445f-9489-8d4be7d9dab4,Christopher Schneider,"2978 Collins Plain East Lisa, MA 74739",+1-620-835-8398x359,christianwarner@example.net,Yes,2021-08-05,8635,Yes,Senior Citizen Health Insurance Plans
b9759b26-e6dc-487c-9461-fcece125fdf5,CPT-15175,Annually,ade1d103-96f2-497c-befa-1d51c1744e27,43008,Andrea Owen,"Price, Gray and Nelson",Of different traditional budget.,Investment break performance get particularly give.,Institution remember bill stand term know station right.,31083,Anderson PLC,Approved,232-365-1344,Long and Sons,Comprehensive Health Plan,abb58986-5ba9-4166-a5b7-e1aff50449ad,Individual,2022-07-26,95109,881,2022-06-23,2022-09-24,GB90LEDX19746756805967,fe0192a3-7434-4f04-ad92-0d8f341d1559,Craig Welch,"459 Graham Shore Apt. 382 South Christian, AK 00799",001-821-792-8670x1431,sarahhopkins@example.org,Yes,2023-07-29,5698,Yes,Disease-Specific Health Insurance Plans
3e5a8cbc-b7e6-4a22-8268-0f0c98d28356,CPT-39703,Annually,cccb16dc-1153-4412-a054-3f43924961cc,13641,Megan Wallace,Dougherty-Lozano,War wait account career.,Congress attention put.,Shake wind office.,68495,Butler-Potter,Approved,+1-901-407-8418x7941,King Group,Critical Disease Specific Plans,9a7a97b8-bcb0-4536-8572-68f45e3feebe,Family,2021-08-02,50286,590,2021-06-25,2021-12-20,GB70KCWZ55522631102505,a48af315-d2b1-4a2d-9db3-221cdb7ac02c,Mr. David Johnston,"58651 Becky Tunnel Port Andrew, GA 08602",001-342-491-3484,hhall@example.com,Yes,2020-06-09,6566,Yes,Senior Citizen Health Insurance Plans
caa11040-0844-4dbd-8412-2facef07d47b,CPT-83148,Annually,ab9fe692-d220-4b21-b176-9a87f4049998,2762,Michele Moore,Colon-Alvarado,Necessary room just investment anyone.,Film effort say degree meet.,Individual most top good heavy mission easy.,96244,Santiago-Sullivan,Approved,001-310-530-1237x942,Adams-Lee,Comprehensive Health Plan,6b98531c-cf67-41e5-a183-09bdfa838280,Family,2024-02-08,39927,268,2023-08-08,2024-03-10,GB73TNNO42220582922886,bf950b7e-50b7-4a87-9b81-e7a94724df2f,Andrew Wolfe,"52480 White Ford Gentryfurt, NV 75136",001-770-706-7534x50391,rosedavid@example.org,Yes,2021-12-08,5857,Yes,Disease-Specific Health Insurance Plans
f0b983d4-d455-46c2-b99d-2860b8c37dfd,CPT-56554,Monthly,3cc42504-cc3c-4400-9446-d044f67b1f7d,1442,Jacob Johnson,Williamson-Cook,Lawyer reduce heavy seat even most long.,Us read certain.,Energy cost activity important stage media.,61086,Meadows PLC,Approved,383.804.0990x509,Martin-Proctor,Eye and Vision Care,ef2d1f57-e865-49a3-8373-d8a75bb4fb71,Individual,2021-12-23,38698,282,2021-12-20,2022-06-06,GB77OHLQ02857395229152,17a6d879-4bdc-4a93-aacf-dca957500527,Krista Walters,"048 Steven Dale Suite 705 New Lauren, PR 42377",625.957.4639,marissa06@example.net,Yes,2020-07-31,8051,Yes,Senior Citizen Health Insurance Plans
eac2b576-9193-4c66-a6ff-39d4d99773e0,CPT-93257,Quarterly,a5d5d370-4125-431e-b981-6c8994eedf54,71049,Jerry Horton,Monroe Group,Open better idea specific size save.,Great appear firm those rock change house.,Story section toward company sign must race.,98541,Hamilton Ltd,Approved,(329)604-9925x2155,Davis-Powell,Eye and Vision Care,9e443976-f3d5-4753-b153-e4d431d784a1,Corporate,2024-03-18,97558,730,2023-12-14,2024-05-03,GB78QDQL33207443680009,59d7857e-716f-4a8e-999e-7d3c206b05d6,Robert Jimenez,"074 Perry Burgs Port Danielberg, ND 48749",+1-424-997-4889,dnoble@example.org,Yes,2022-05-17,3159,Yes,Senior Citizen Health Insurance Plans
1dba79c8-b49c-4c38-83af-523d7c44993a,CPT-68272,Quarterly,1cb64f24-2437-40b7-8208-a8bf53fac9b8,11847,Austin Lewis,Clark-Moyer,Area magazine finish too Mr.,Power center data research crime determine goal.,Term school here art follow call place.,55834,"Wolf, Cooley and Ramirez",Approved,(891)461-2082,Vasquez-Hunt,Comprehensive Health Plan,9bd0fec2-83a2-4856-b387-1496cdd8b141,Individual,2021-12-20,69669,976,2021-11-17,2022-06-03,GB08SUVU11111243078748,db892eeb-0469-4685-be9c-a08c6fec72a2,Allison Davis,"7929 Tyler Spur Patriciaview, KY 07590",001-295-322-5015,daniellecain@example.org,Yes,2022-12-02,3207,Yes,Senior Citizen Health Insurance Plans
993769fa-2519-4181-b24a-61303c4282cc,CPT-56580,Monthly,fb446e5c-13b0-4794-9a69-f85ae287b09e,37901,Wendy Bruce,Collins Ltd,Against eight site plant growth any gas.,Serve carry probably read participant international.,Seek every long purpose.,55921,"Hall, Griffith and Nguyen",Approved,869.477.3804,Jones-Chen,Critical Disease Specific Plans,4527cc21-54fa-4d1f-9484-eeb5f19ba48d,Corporate,2023-12-01,88172,483,2023-04-09,2024-01-06,GB77CYII61166307159701,ef2cf091-ccbe-4532-a6a3-cbd883e9605d,Jacqueline Lopez,"134 Martin Square Suite 461 Jenniferberg, ND 29509",692-568-9618,amber22@example.com,Yes,2024-10-30,1152,Yes,Senior Citizen Health Insurance Plans
f290c78e-6675-4e15-b954-6db9adf0e5d5,CPT-81449,Annually,68428da9-d29f-440d-aefb-ebc760d86480,61437,Scott Cox,Roberts-Cardenas,Yeah popular moment fine.,Until notice particular seat century drive.,Including open mouth fire by decision professional green.,55884,Greene-Jackson,Approved,+1-389-464-3441x22497,"Brown, Bailey and Ewing",Critical Disease Specific Plans,2707b7ac-14f0-4b68-a065-54117840a983,Individual,2020-03-22,80187,295,2020-03-13,2020-06-05,GB59OMVV49913386411054,5715ee30-3e76-484e-8b00-483fb7bb865a,Bruce Love,"0661 Wright Parkway Griffinmouth, NE 42792",001-225-445-4039x953,james02@example.com,Yes,2024-08-15,4450,Yes,Senior Citizen Health Insurance Plans
37ebbe32-c5d6-49a4-901e-02ac09d007b7,CPT-34477,Monthly,d32a3c86-db50-49f1-b567-54b34f7c47d0,6223,Jennifer Barnes,"Ramirez, Kelly and Andrews",Nice medical certain picture exist.,Southern condition professional style everything instead gun as.,End themselves grow activity spend.,20399,Lamb-Williams,Approved,+1-264-923-7531x92025,Rios and Sons,Maternity Benefits,3bcc9eb0-56be-4411-834f-772106fc9c78,Corporate,2023-07-23,32443,190,2023-06-20,2023-07-25,GB65TWML46099370554952,68a023e1-ddbe-4b9c-9a2f-8f66e0b99cc0,Christopher Peterson,"4230 Williams Summit Lake Darren, MD 04740",+1-728-277-1103x922,michaelpatterson@example.net,Yes,2020-11-14,2410,Yes,Disease-Specific Health Insurance Plans
1f3800d8-4334-4cfb-95a3-3ba993ca11f6,CPT-53174,Quarterly,2366f8af-f1f2-4bcf-bbfe-1e4bf0a8df7e,19444,Elizabeth Jenkins,"Mcintosh, Bailey and Reid",Clearly challenge field class stuff beautiful girl.,After western ground relate wide sometimes.,Ground too military this view able ahead.,18790,Everett Inc,Approved,537-740-4113x8087,Hawkins-Holt,Eye and Vision Care,b25b5c52-a5b3-4907-9ea2-c933ce611ce3,Family,2022-12-22,64064,729,2022-05-08,2023-01-22,GB81PSAU78207705221938,b589ee60-fed0-49e3-842e-eaecd53ecfb9,Shawn Park,"9780 Smith Run South Ashleyburgh, CA 81823",872.350.5588x47977,ckerr@example.com,Yes,2025-03-28,9060,Yes,Disease-Specific Health Insurance Plans
fc2b548a-9ee0-4e24-87ef-4dcb038bed29,CPT-65111,Annually,3ee86345-9f04-427d-8ea8-5542ce972f2c,28889,Brandon Taylor,Hull-Young,Loss popular shake this daughter year.,Much fight future happen fly artist address.,Similar certain wide now particularly much effort.,55185,Pollard-Garner,Approved,+1-811-974-2657x71084,Oconnor-Espinoza,Maternity Benefits,8981de27-6069-4c39-9dd9-42c8700a8f48,Corporate,2023-12-17,63798,882,2023-12-05,2024-01-11,GB28MZXK40766731479070,30898fab-5efc-427e-948e-384a6603ee33,Regina Morris,"427 Edward Trace Collinsside, MA 84811",001-396-859-7541x65383,adamsbrian@example.com,Yes,2020-03-26,2465,Yes,Senior Citizen Health Insurance Plans
64c9d52d-fbe3-4ec7-804b-f383bf29d5eb,CPT-99619,Monthly,37dee1a2-aa01-4ea2-9555-e45722ef9e5d,8426,Anthony Carter,"Weber, Hill and Pierce",More like they radio.,Style decide worry suggest indicate.,Prepare wish myself pressure.,90005,"Williams, Robertson and Hunter",Approved,214-293-3388x657,Allen PLC,Comprehensive Health Plan,f29e75f3-937b-4b05-914c-bea8f4c52b99,Individual,2022-06-21,16025,740,2022-01-30,2022-09-12,GB21SCWA33207055811654,fa6d18bd-311e-4e39-991e-ad86fb142129,Russell Mitchell,"490 Charles Route Suite 357 Williamberg, CO 41281",2042214026,campbellmolly@example.com,Yes,2022-08-30,9910,Yes,Senior Citizen Health Insurance Plans
41aa0608-be63-4bf8-9f29-4d888125d859,CPT-75438,Monthly,9a3d23ce-53b2-4e92-923b-141a8f2c08d0,27080,Jason Reynolds,"Nunez, Hall and Page",Grow no happen shake.,Charge way special figure consider human.,Great worker instead money different we trouble.,54737,"Parks, Norton and Stevens",Approved,550-541-8545x3119,Porter and Sons,Comprehensive Health Plan,d49df99f-00e6-4905-8269-dcb4470ebf3b,Family,2024-06-01,42569,944,2023-08-29,2024-06-26,GB39AYAK39973992443754,2119faab-5e1a-47b9-badc-fcdff5863dac,Brandon Hartman,"491 Gardner Rest West Moniqueside, ME 61319",+1-240-749-3450x052,tlee@example.net,Yes,2024-12-17,9805,Yes,Disease-Specific Health Insurance Plans
e57b1bd2-2b9b-42c2-9592-a3e96b490682,CPT-78379,Annually,673d5482-c9eb-4144-b28b-66866c8f2e2b,32236,Kimberly Shaw,"Johnson, Haynes and Perez",Anyone poor moment take.,Law training central hear.,Court event data little little billion.,89592,"Barrett, Braun and Price",Approved,001-790-287-4680x2904,"Goodman, Perry and Hoffman",Critical Disease Specific Plans,d7e92f82-6ab3-4b63-838b-8ec99dfb1bd1,Corporate,2023-03-09,40653,618,2022-12-26,2023-05-29,GB69TOLW09322628938812,65307bf6-66ac-497b-99ce-f2111e299b94,Rodney Robinson,"9155 Cynthia Radial Apt. 090 South Tammy, WI 95721",3773488319,arthurfletcher@example.net,Yes,2020-02-22,7956,Yes,Senior Citizen Health Insurance Plans
59fcab94-5b00-4f37-a7ae-8bc5d4695b5a,CPT-31231,Quarterly,e43706a0-8666-45a0-80bf-9a497cb002cf,65011,Cheryl Torres,Rivera-Floyd,We how stand word pressure.,Site work of vote.,I activity vote.,85593,"Ramos, Johnson and Rojas",Approved,823.758.0665,"Barrett, Kirby and Holmes",Eye and Vision Care,3001b609-2a22-4c1b-b4a3-32750425d5b5,Individual,2021-03-16,67605,850,2020-11-10,2021-07-07,GB53XKBJ56595309355842,daea4f82-76f0-4c73-9aae-e38bcc656992,Brett Barron,"0094 Hampton Junction Apt. 955 Cisnerosfort, VI 18615",734-466-3501,iramirez@example.net,Yes,2020-09-02,4526,Yes,Senior Citizen Health Insurance Plans
f4d9a8a5-74cc-4a13-b967-154561e4ed41,CPT-66908,Quarterly,89f243c5-c594-4a1d-ab44-931c857078f8,53345,Jacob Carter,Kennedy Group,Loss she radio.,Race heart lead.,Stay personal compare like.,4116,Taylor Ltd,Approved,+1-856-653-6832x46959,"Larsen, Washington and Quinn",Eye and Vision Care,c2ef6f38-2268-43ec-9ee8-d684f607fdbd,Individual,2022-01-21,56396,440,2022-01-10,2022-02-22,GB62BQZJ50626841181163,731e9f9f-9a45-4934-87fe-10eb38a98148,Daniel Williams,"3427 Kelly Hill Williamfort, NC 80385",868-479-0485x9927,jerryflores@example.net,Yes,2024-09-27,2630,Yes,Senior Citizen Health Insurance Plans
6358d986-f503-47d5-afab-167cfff39cf8,CPT-25598,Quarterly,302844e0-2a2b-4804-9572-7d28faed53c5,22870,Michael Fowler,Reed Group,Address accept everybody down huge effect.,Everyone notice design coach worry call theory must.,Produce film goal start off focus term report.,5649,Daniels-Velazquez,Approved,508.765.0027x93869,"Williams, Collins and Davenport",Comprehensive Health Plan,828e743d-dcb5-4d2e-9783-b9c74fb5a325,Individual,2023-01-26,76197,898,2022-06-13,2023-03-26,GB11TBWR91196832745152,e3c24674-eb16-40c8-9275-be951422ba4b,Shelley Meyer,"997 William Walks East Brandonfurt, IA 93254",928.471.9660,brooksscott@example.org,Yes,2020-01-11,6828,Yes,Disease-Specific Health Insurance Plans
787b16b0-0e79-4605-a2d1-e1cd80f2038f,CPT-62976,Quarterly,34b4eac7-06ad-42d2-8f6d-0858a75d59ed,5353,Ernest Jackson,"Mcconnell, French and Rosario",Pretty pick time.,Six after road book kind around near could.,His difficult do claim.,47125,Finley LLC,Approved,8269157598,Browning-Parker,Eye and Vision Care,d27779a4-c773-43fd-a523-242fb0f926e9,Individual,2020-07-18,37079,878,2020-04-25,2020-08-23,GB56NYXJ41219428698685,68a9ff27-6d93-4302-ab62-ca66a6a69506,Danielle Choi,"9186 Harris Road Danielfurt, WY 03890",(315)203-3288x897,pgray@example.net,Yes,2024-02-25,1833,Yes,Disease-Specific Health Insurance Plans
4590f35e-1306-442b-b0c0-85055f3eca54,CPT-14857,Monthly,4c886dac-a118-4416-95e7-fe23cda1981d,61084,Joyce Smith,Diaz LLC,Fact onto report raise west identify edge.,Specific road choice little near would.,Science week social up peace.,8394,Guerrero-Graves,Approved,001-321-517-1583x100,Jennings LLC,Critical Disease Specific Plans,e976ab06-29f5-4099-b512-b8c4cb768c85,Corporate,2024-06-19,77800,713,2024-05-28,2024-08-24,GB73EXDT40932161545500,7141a405-23a8-4245-b580-5de9f0d1faac,Alejandra Miller,"148 Lawson Track Lisaburgh, TX 24536",585.255.8246x43028,wsaunders@example.net,Yes,2020-06-13,2918,Yes,Senior Citizen Health Insurance Plans
887450ed-5e5b-4209-8d8b-76d375dc2eca,CPT-30662,Annually,ff1113e6-c5ba-4369-b8f9-cd9a054581f2,6179,David Graham,"Johnson, Wilson and Bernard",Mind recognize ahead address thus.,It person visit summer could.,Whose subject yes truth.,98049,"Craig, Moore and Hull",Approved,(903)292-2432,Saunders-Savage,Maternity Benefits,a4beab9c-541e-4f72-8126-6cb87fceceee,Family,2023-08-31,70299,952,2023-06-02,2024-01-26,GB18WCSK07398232412094,c8471bae-efde-434c-ba94-23dfcaa6e79d,Stephen Hernandez,"685 Smith Wells Crawfordhaven, AR 94181",+1-638-974-0228x88430,bryan55@example.org,Yes,2023-05-18,6284,Yes,Disease-Specific Health Insurance Plans
7a69d6ca-5eb6-46f8-9ca8-7cf6f134a771,CPT-63652,Monthly,6e08b41c-e74c-491b-ba57-8b9c86af0926,1405,Kenneth Stone,"Hawkins, Mckee and Nguyen",Price provide name million.,Authority focus key environment education.,Kind long camera store.,33458,Thomas-Stephens,Approved,(648)520-7470x9029,Johns-Wells,Eye and Vision Care,5f959c7c-1b8e-43f8-9b40-8c9c0dce9258,Corporate,2020-12-22,72625,439,2020-10-03,2021-02-18,GB92MTNH02966529732179,9b39a895-e140-44bb-8985-d1fdc029ce69,Mrs. Michelle Klein DVM,"46355 Jones Cliffs Scotthaven, MH 57528",332.434.4558x928,ncoleman@example.com,Yes,2022-05-26,7154,Yes,Disease-Specific Health Insurance Plans
691f05ad-a806-46ac-a3d7-fd4b7b4ad0da,CPT-13033,Monthly,004be98f-abe9-4553-8d5d-fa1ea7aa74cc,13070,John Willis,Ramirez-Stanton,Possible carry pick nation enter.,Doctor fly him wish financial beyond.,I only step consider.,91266,"Gibson, Bennett and Lawrence",Approved,582-752-7969,Carlson-Marshall,Critical Disease Specific Plans,11deadbc-82ab-4766-a9d7-9f3306c405e9,Corporate,2021-03-16,56320,371,2021-02-17,2022-01-31,GB34LKBN79092145969413,d33f35e8-f65e-40a4-85d5-d27ebec8dc32,Christopher Ruiz,Unit 6348 Box 4040 DPO AP 01716,001-546-996-9865x80328,cheryl19@example.net,Yes,2020-11-06,2394,Yes,Senior Citizen Health Insurance Plans
360a9a9a-151b-43de-b330-1f2da6a76e11,CPT-99186,Quarterly,1907806f-4fd6-4072-80f0-db17512b8391,3169,Amy Hernandez,Morris-Brown,College key hair sign design prove picture appear.,Style avoid bad half city business forward.,Tell nice house myself from analysis.,60139,Tapia-Zuniga,Approved,(601)315-5645,Thompson Ltd,Critical Disease Specific Plans,c78c17f1-78e0-41f6-b571-a51339e633ec,Corporate,2022-09-08,69776,129,2022-06-21,2022-10-09,GB82VKIL90930668213221,f21cab46-cff9-4038-aa6e-c93dab7fc556,Patricia Key,"308 Miles Crescent East Travishaven, AL 55725",001-441-826-0370x97090,ohuff@example.com,Yes,2020-03-22,5451,Yes,Senior Citizen Health Insurance Plans
d3e49486-c74f-4c51-a659-2399191ca517,CPT-71462,Quarterly,6d3098aa-a8ef-47b9-92ca-371e3d0557c8,9439,Dylan Baker,Hale-White,Likely out alone.,End physical point history could sort.,Open price somebody western thank sort agree arrive.,53646,"Avila, Baxter and Hamilton",Approved,001-550-502-0891x295,"Hernandez, Taylor and Thompson",Maternity Benefits,8ea441ca-eec3-48b4-8088-6a64f959ebd7,Individual,2020-10-31,67440,197,2020-04-19,2020-11-05,GB96UIPL52952671199210,00d3feab-cfb8-414b-85e5-7b8d6deb7c96,Maria Alvarado,"11505 Brown Dale Suite 626 Lake Erika, NV 86238",341.395.3553,thompsonyolanda@example.org,Yes,2020-07-17,8889,Yes,Senior Citizen Health Insurance Plans
2c214d72-d603-480a-bc66-37793eb9c6fb,CPT-44212,Quarterly,d802916f-674b-40b2-8704-51d0a0934e46,6711,Rebecca Reid,Perkins Group,Agree protect speak politics different ahead.,So answer role film time research expert.,Nearly stock story four method.,54394,Edwards-Hurley,Approved,7082820871,Gordon-Patel,Eye and Vision Care,090fa8d8-3e3d-4b1b-86b9-d554490142c1,Family,2022-06-29,69109,670,2022-03-03,2022-10-26,GB91IYBA55237933264043,4279bde7-6ce3-4aeb-adb9-e31b1b6084eb,Meredith Lawrence,"19960 Joseph Square South Michael, NY 23408",001-913-782-3887x457,brucekimberly@example.org,Yes,2021-10-25,9379,Yes,Disease-Specific Health Insurance Plans
866dbb6b-2080-4b15-8268-9a9929144d45,CPT-89360,Annually,337f8ff8-7647-4133-8410-de993719eea8,19334,Todd Peters,"Rogers, Mejia and Griffin",You particularly admit chair.,Determine no employee.,Official reduce local side drop involve.,48382,"Morales, Evans and Bush",Approved,307.613.1333x6949,"Blair, Wade and Simpson",Maternity Benefits,e8e193ed-67ae-4194-b8dd-6065ac915f61,Corporate,2022-12-29,90965,986,2022-12-02,2023-02-05,GB38OOFW03079016916887,53ffae58-b98e-4b30-88aa-4798c51905c5,Timothy Case,"34816 Latoya Underpass New Sean, NM 31612",+1-430-509-1588x92225,jasmine36@example.com,Yes,2021-03-03,6205,Yes,Disease-Specific Health Insurance Plans
0c4e42f4-5ad8-4949-87b4-411eb5c883a6,CPT-24490,Quarterly,f0f5c917-ec28-48e3-9559-5c6245a8a33d,16196,Jennifer Santos,Gallegos PLC,Ask good station generation believe.,Two sport own future send interesting lose.,Officer cost out thousand part benefit mention.,56777,"Newman, Strickland and Singleton",Approved,+1-676-539-7790,Smith-Johnson,Eye and Vision Care,1e0ba8c8-991f-47c8-8536-f8bfbb90f572,Corporate,2022-11-27,30943,466,2022-10-28,2022-12-09,GB68LCLS72574335459938,4deab8b6-f361-47e3-acb4-7ab4b1a804c9,Heather Ferrell,"909 Smith Bypass Kimberlyshire, MD 94485",(942)593-2630x05228,sally82@example.net,Yes,2020-02-14,9034,Yes,Senior Citizen Health Insurance Plans
04061866-7545-4d70-8484-2e47254701fe,CPT-34422,Annually,1c125b2d-faa2-4c0b-86fd-f7569f1ac284,9240,Max Ward,Cole Ltd,Stage agree after new anyone hotel sport.,Myself responsibility student image life successful.,Effort table government join.,62688,Hunter-Vargas,Approved,(974)456-6823x12576,Hogan Group,Comprehensive Health Plan,9cf97473-78e9-4d00-ac1c-8f64de9816b3,Corporate,2022-01-29,58010,141,2021-12-06,2022-12-06,GB10XBQZ66182542947703,32a0febf-21dc-4acc-b0f4-5a707dcc0716,Frank Tran,"4735 Martin Hills Suite 847 Lake Kathryn, OR 74296",570.666.8141,allenedward@example.org,Yes,2023-09-19,3733,Yes,Senior Citizen Health Insurance Plans
053658c6-f69a-4bf5-8471-f11272285cbe,CPT-95032,Annually,88594449-d019-42ed-8c3b-d8d1e122ed31,6910,Shane Hudson,Alexander LLC,Baby garden see young despite open example direction.,Blue American campaign economy charge moment.,True interesting computer Democrat each significant ahead collection.,57477,"Green, Scott and Valdez",Approved,461.937.7705,Morgan PLC,Critical Disease Specific Plans,f91f1192-b09a-41a9-82c6-d7c90e4cd913,Individual,2023-02-23,78031,703,2022-08-14,2023-04-05,GB39BKTF26914148639790,d5dfd160-c5fc-4120-806c-cc2ead5bd266,Erik Hill,"81690 Hanna Mills Joelfurt, NC 48980",244-939-8100x20967,jflores@example.com,Yes,2020-02-24,8688,Yes,Disease-Specific Health Insurance Plans
f0547625-39c1-4e04-bf95-827afd83394a,CPT-16803,Monthly,6e273330-f680-4e96-85f3-ac900a253128,11538,Aaron Lopez,"Walker, Ellis and Wilson",Scientist car go audience offer.,Later score individual stuff.,Assume oil over game much job.,1035,Burch-Strickland,Approved,+1-715-407-4374x6122,Johnson-Phillips,Comprehensive Health Plan,d579cf66-f947-4e58-9235-280973fb91f9,Family,2022-03-01,26226,371,2022-02-02,2022-09-24,GB58ZQYK43576845159997,ded697fb-2105-4af9-925d-93f49055e208,Jessica Jones,"81017 Vicki Park East Rachelfort, VI 86591",982-469-9760x61254,richard00@example.net,Yes,2022-07-19,6525,Yes,Senior Citizen Health Insurance Plans
f158b57a-91a1-4e42-8fd9-693703d8f71b,CPT-97829,Monthly,aacaa4a5-2bec-498d-98cd-d898a31f3d22,27420,Dawn Smith,"Lopez, Hughes and Brewer",Teacher sport figure option particularly artist summer.,Idea government throughout father.,Born war need seem skin manager feeling.,40201,Mcclure-Thompson,Approved,001-644-818-5895x5403,Wagner and Sons,Comprehensive Health Plan,dca00fd0-fdeb-4718-bf93-4867409564ca,Individual,2022-06-23,73640,679,2022-05-19,2022-07-06,GB39OZLH87675577266378,b622cd64-bff4-4c7c-a9c6-0fd3961d5e46,Melissa Hodges,"79111 Gabriela Estate Apt. 455 Andrewview, NH 28773",335-705-1697,april34@example.org,Yes,2025-03-28,2491,Yes,Disease-Specific Health Insurance Plans
eb2a3986-2bff-48e6-af1f-a841c7f65ddd,CPT-63505,Monthly,367270fb-0da0-45a7-b18b-89de8a365679,39965,Michael Lopez,"Norman, Rivera and Jackson",Wind method natural road nothing hotel add.,Hospital candidate my this want us.,Hospital wall magazine increase person product happen.,23500,James-Jefferson,Approved,(865)799-0285,Clarke Group,Eye and Vision Care,09ad609e-91c1-423f-a118-d8083c0fe98b,Family,2022-11-16,48605,443,2022-09-22,2023-07-16,GB71OPQH48834377583091,ecdd5bae-856b-4242-9fd9-3a5ea6949a8e,Adam Acosta,"0156 Natalie Squares Kathyview, OK 05068",651-450-9120x469,rmartin@example.org,Yes,2024-10-31,9064,Yes,Disease-Specific Health Insurance Plans
b45f187b-0f22-4a96-828b-4f23dfeeb533,CPT-55547,Annually,e2e19d5b-ef2f-4711-984a-b5d134af31fe,55893,Michael Sawyer,White-Williams,Option stock game hard day.,Today worker floor would plant throw test.,Sport magazine effort computer it out.,26998,Garcia Inc,Approved,4107664551,Ellis Ltd,Comprehensive Health Plan,834a459b-9539-44b8-811a-c589c147cd8d,Corporate,2024-12-31,72781,695,2024-12-13,2025-01-14,GB95KYIU47928953533189,15694459-2018-4cb9-be2f-850e0c997fe7,Sandra Boyer,"347 Stevens Junction Suite 451 West Sean, PA 19867",001-531-814-8763x7284,edwin70@example.com,Yes,2023-04-18,4756,Yes,Disease-Specific Health Insurance Plans
1d9d68d8-c518-464f-a261-81d049b371c1,CPT-51856,Quarterly,a27e63de-22e1-4a17-8d75-cb96885a3f3e,1675,Kristin Ward,Strong-Collins,Cold air rest.,New be she wish identify draw.,Article able still gas hard item edge you.,20225,Anderson Ltd,Approved,9345690297,Barnes-Hoffman,Maternity Benefits,918d924f-a731-4f89-8ca6-74c64f917262,Individual,2024-09-15,26894,789,2023-12-21,2024-12-20,GB92GMYW41848014316856,761a1393-44f6-48f8-aaf5-a829c5034441,James Quinn,"022 Clark Isle Apt. 281 West Josephport, KY 87046",(721)394-5339x959,epacheco@example.org,Yes,2020-07-04,9434,Yes,Disease-Specific Health Insurance Plans
ef395277-a672-41f5-9a0c-ba012b664787,CPT-10031,Monthly,77e9b74e-118e-499a-8a74-355ecaf00a01,6359,John Lewis,"Woods, Jackson and Khan",Today whether article feeling along concern character sometimes.,Paper improve vote.,Teach type practice cup few.,62333,Calderon Inc,Approved,001-938-800-2024x20602,"Cobb, Owens and Johnston",Critical Disease Specific Plans,74d93cb6-6a04-433d-8b98-a2d29419377c,Family,2025-01-07,16391,954,2024-04-26,2025-02-05,GB09IBBS29994491561695,e9bf1270-1f8f-457a-8072-80998fb9056a,William Barnett,"21403 Adams Shore Apt. 861 Dominguezmouth, PW 77388",(581)556-7396,ydeleon@example.org,Yes,2024-03-28,4105,Yes,Senior Citizen Health Insurance Plans
7fd5844a-7f58-4d63-82e5-ca48583fe58e,CPT-14295,Monthly,bdd7ba5a-cb71-4ef0-97a1-cb3da657e0d1,70452,Gregory Meyer,"Cole, Mosley and Hayes",Try design ahead participant its worker purpose.,Smile alone rise executive apply he this until.,American camera professor every.,9182,"Ward, Thompson and Chapman",Approved,363.422.4630,Chen-Hall,Maternity Benefits,c7a9a3a4-84a6-4130-aac9-aaf5e5f053f9,Family,2022-12-24,83642,544,2022-10-14,2023-03-25,GB28XAJQ78392465842808,26de9ba9-2ddc-4170-8c88-6c7121251a2a,Catherine Manning,"17397 Morse Mountain West Danstad, IL 17984",+1-438-558-0108x530,hayden08@example.net,Yes,2021-10-03,5591,Yes,Senior Citizen Health Insurance Plans
d66ea566-d80a-4ddf-9b60-69f58fc14beb,CPT-88718,Annually,70e4e1c7-a206-4717-b3bb-30342e2b9840,35323,Julie Griffin,Hernandez-Meyers,Guy commercial drop want economy.,Quickly else kid road woman industry.,Kind fish possible debate long nearly.,86616,Wilson Ltd,Approved,001-842-696-6930x06570,Tucker LLC,Eye and Vision Care,38583651-6470-441e-9a39-4fbcd67281f1,Family,2024-02-08,39080,190,2023-05-29,2024-03-27,GB52BBND36342163622615,491ca112-df30-4f3f-b3b6-1b45a8d6b558,James Davis,"09988 Jeffrey Square Suite 533 Lake Claudia, NY 65090",+1-711-229-4521,lewisnicholas@example.com,Yes,2022-02-25,5894,Yes,Senior Citizen Health Insurance Plans
d72e5cc0-fb3c-4f03-84e4-dfc7f56d41d5,CPT-45861,Annually,bf6faa5f-e684-495b-afc3-849caf3d5236,11330,Christian Johnson,Thomas Group,Store medical job drug.,Year paper reach growth cut Democrat friend four.,Community build significant firm so.,21257,Nash-Johnson,Approved,613.526.8406,"Thomas, Rivera and Bernard",Eye and Vision Care,ff536a13-5c5d-421e-bff0-546b92e3cfe4,Individual,2024-01-13,55752,214,2023-12-22,2024-01-28,GB30QBLQ59108889517278,c11ca375-b7ac-454f-a41b-183c83ad427f,Mandy Jefferson,"84429 Bianca Dale Apt. 228 North Thomasfurt, SD 43083",5176992882,kristopherhamilton@example.org,Yes,2022-06-15,7772,Yes,Senior Citizen Health Insurance Plans
93d421be-12af-4921-9172-116e269a21ca,CPT-88890,Annually,4c9f253b-d817-48f9-a73c-fcea7ff7425a,15814,Christina Brown,"Sanders, Hanson and Rose",Situation during something watch.,Particular sea young pass owner open.,Performance red nice.,48762,"Cohen, Franco and Miller",Approved,(681)266-2056x357,Shepard PLC,Eye and Vision Care,f821d6e5-6c87-4582-88cd-3a95a6edbf7e,Corporate,2021-12-07,29874,903,2021-04-13,2022-03-15,GB38RMKU24117181332404,0a6bbd17-f916-431c-ae68-75f3b41376f3,Destiny Tran,"825 Zachary Greens New Williamburgh, MH 51433",6772494244,eday@example.net,Yes,2023-03-22,9633,Yes,Senior Citizen Health Insurance Plans
dc45b124-a644-4bd3-9ef9-6cf6578c0006,CPT-79554,Monthly,539843af-c1a9-49b2-9581-4ad094b7a8ba,9593,Amy Rodriguez,Carpenter-Adams,Price professor art information feeling mouth have.,Alone quality environment teacher minute exactly debate.,Whatever use daughter floor benefit pattern.,18747,"Hester, Miller and Lewis",Approved,+1-826-277-5779x05825,"Mccormick, Gillespie and Rodriguez",Eye and Vision Care,02b34e51-6294-408c-bd02-b5f75d9a3251,Individual,2022-11-07,13223,853,2022-09-27,2023-09-14,GB14IIOH31484956478338,03bb590a-286e-41d7-aab4-588c968e6172,Leslie Lamb,"85583 Rebecca Union Kirkton, NC 92983",(644)527-9441x26098,rcastro@example.net,Yes,2020-01-17,2206,Yes,Senior Citizen Health Insurance Plans
3d63a8d0-bda7-4ac4-940e-bfc489cb17fd,CPT-39648,Monthly,0ff48826-7029-4343-9476-aefd891be1d9,13272,Stephanie Chaney,"Joseph, Burke and Taylor",Last least wind human reason answer.,Tend central hard yourself seem.,Daughter cost student activity moment party never.,37955,Barnes-Franco,Approved,573.957.7104,Long-Rowe,Maternity Benefits,f4312b00-3cdb-4fb9-8ff1-8c23d42a6e9e,Corporate,2025-04-30,66363,241,2025-03-12,2025-07-05,GB68AMZL18665401538755,c8b18891-cf27-43de-9ffa-007125879a68,Brandon Cunningham,"1120 Sean Islands Apt. 581 North Kerryberg, IA 40836",423-406-7896x975,robertsonkimberly@example.org,Yes,2020-01-29,3525,Yes,Senior Citizen Health Insurance Plans
bc66bb66-563a-49ac-afe6-e3ed84ab2cef,CPT-68620,Quarterly,b095957b-8989-4f12-b921-ddd0d293434a,45319,Shawn Hernandez,"Williams, West and Livingston",Reach office bed head cover about church.,Meet animal movie guy job personal cold.,Movement positive along.,18917,Harris LLC,Approved,893-311-9988,Williams-Martinez,Eye and Vision Care,40c4cb55-ac2c-4931-bbf7-3206ec322de9,Corporate,2021-10-09,82881,465,2021-06-18,2022-03-18,GB42XBHD50266990044142,7a821ed6-b7b8-44b5-88a4-ae978ca88597,Daisy Ramirez,"680 Mitchell Ways West Karihaven, OK 42928",001-739-289-6130x439,prichardson@example.com,Yes,2024-03-13,1495,Yes,Senior Citizen Health Insurance Plans
0b462345-01ff-4e4c-8427-9201fcf3938c,CPT-25371,Quarterly,46e8b8c2-7f4c-47ee-9210-e53ef1b69a81,9738,Carolyn Ryan,"Nguyen, Olsen and Allen",Crime event wonder western modern.,Get my story budget send size.,Tree argue both enough director stage big position.,56382,Carr-Vargas,Approved,(307)421-4376x11974,"Gray, Burton and Thomas",Critical Disease Specific Plans,ec165952-070d-41e5-b0be-1ea8652ceaf5,Corporate,2021-11-05,15733,759,2021-11-02,2021-12-15,GB06SQMQ78612803537554,afd3cbd6-18c3-4a1c-ab25-0285cf0a829e,Nicole Sanchez,"261 John Villages Suite 413 Millerberg, RI 59576",(645)411-6502,mmartin@example.net,Yes,2024-08-10,1020,Yes,Senior Citizen Health Insurance Plans
12b136ae-3fe2-4f6b-b48b-c83566f23051,CPT-22589,Monthly,efb5c11f-5240-44ed-b3b9-f9ddc1e50aa9,73399,Eric Byrd,"Finley, Castillo and Lopez",Impact practice prepare stop parent.,Suddenly total letter summer game simple.,Set management each minute be because.,76940,"Jackson, Williams and Underwood",Approved,315-818-2918x61147,Mayo LLC,Comprehensive Health Plan,3e2cabe7-7ace-4ff1-be21-3abeb59bdf53,Family,2023-03-19,90423,646,2022-10-27,2023-07-05,GB85EBUB22775720231864,746a8b90-2ba7-4f47-8746-72eb90b94afa,Michael Fletcher,"8412 Andrews Light Suite 935 Karenville, TN 40497",001-397-210-8785x5694,tiffanyfitzpatrick@example.com,Yes,2020-09-25,6740,Yes,Senior Citizen Health Insurance Plans
1c14d6a6-6a5a-487e-8903-e58f031a787f,CPT-54710,Monthly,84770fd8-8484-421b-8d43-a9795baa429e,6601,Michelle Kent,Santiago-Mcdonald,Will create white fact.,Offer order here religious certainly couple.,Who beyond nothing small strong individual follow.,86162,"Harrison, Lam and Olsen",Approved,481-464-6055x83827,Schmitt-Ramirez,Maternity Benefits,cc5e3f6c-449f-49ac-ba90-b0720265053d,Family,2025-01-23,18797,396,2025-01-11,2025-05-15,GB50WLIJ62784971012492,e337da13-9d62-4245-a8b6-fb09a374a439,Matthew Nicholson,"41507 Lopez Cove Apt. 404 Port Megan, IN 27622",691-316-8892,contrerasjohn@example.net,Yes,2023-07-05,1446,Yes,Disease-Specific Health Insurance Plans
744d7f23-d2d5-4b79-98f4-54560177cf35,CPT-93944,Monthly,edd3de5f-5296-4123-bcf8-a9e5addbfe53,21240,Andrea Pena,"Howard, Lindsey and Jackson",Level believe write car city project time tax.,Total become push civil.,Since game someone reflect pull year.,31939,"Gonzalez, Morris and Anderson",Approved,6598901765,"Long, George and Lane",Eye and Vision Care,e25401ce-c146-4894-8b9d-4e7335e3beee,Individual,2023-06-06,64973,455,2023-03-20,2023-10-03,GB03JSID76954967101021,02f12fdf-5d69-4af2-aca1-38c4a8c73479,Mark Carter,"9559 Alyssa Street North Catherine, SD 68274",921-265-0900x0218,adrian81@example.com,Yes,2022-06-30,6034,Yes,Senior Citizen Health Insurance Plans
364012a3-6845-4ea4-a9c2-825a85d5a7f5,CPT-22238,Monthly,33753d78-715a-4075-9654-0e1a839727ca,40531,Andrea Hurst,Kelly PLC,Himself event never item.,Much wind position.,Good doctor field stage.,75490,Gutierrez-Sanders,Approved,001-526-340-0151x935,"Ruiz, Thomas and Thompson",Eye and Vision Care,048dcbdd-7626-41b2-a413-0fff4d10ccf8,Family,2024-04-24,61032,793,2023-08-15,2024-07-07,GB61WEKC26599031245193,785ad053-ff48-4a5e-a6c8-90409a076446,John Anderson,"990 Smith Brooks Englishshire, OK 60985",(958)774-7694x639,garnerjames@example.com,Yes,2020-10-02,8872,Yes,Senior Citizen Health Insurance Plans
297310ac-f2b1-47fd-9f79-3fd836c1fb16,CPT-82036,Monthly,af115550-c126-4d05-b975-ab37136e5e0a,9145,Thomas Orr,Durham-Glass,Energy window various level car agreement.,Even fire western interview.,Laugh cold sign forward whole door able on.,57970,"Williams, Baker and Smith",Approved,5713052051,"Moon, Hall and Dudley",Critical Disease Specific Plans,9014d27a-b4a1-43b0-8d40-0a8bc80df0e3,Individual,2021-02-16,13634,676,2020-09-07,2021-08-06,GB78WHXR16519852898028,fadab385-9782-438d-9d4d-24a9c477cbee,Mark Rangel,"79357 Pope Expressway Apt. 325 Lake Barbara, SC 42715",852-263-0183,brittanypham@example.com,Yes,2021-04-15,7894,Yes,Senior Citizen Health Insurance Plans
f1c4d12a-8b86-42b5-8d3d-d346a75a12eb,CPT-49021,Quarterly,180393ce-dd19-4bd6-a872-8df324357260,5481,Terri Jones,Reed-Benton,Under customer always bit turn.,Music oil degree such.,Civil speak word include often group cover.,74657,Rodriguez-Salas,Approved,832-712-9688,"Garcia, Mccarthy and Harris",Comprehensive Health Plan,2c1dbe5b-1680-40fa-be15-8c58504cae83,Family,2024-09-02,7675,650,2024-07-02,2024-09-21,GB03JGRL45437309221324,cc087f0d-a873-4bcb-98dc-f32818990a2e,Lisa Brown DDS,"5878 Gina Extension Apt. 032 West Jennifer, ME 90255",(961)992-6872x926,carterkimberly@example.org,Yes,2024-02-21,4124,Yes,Disease-Specific Health Insurance Plans
3c3e8df0-60d3-4eb9-b8b5-18d00b597c05,CPT-83206,Monthly,41344eae-39cb-41f6-b27b-cd557ecacdd9,32743,Mary Chang,Crawford and Sons,Front place public ahead.,Spring direction claim ten cell.,Beyond candidate letter into.,40454,Hill-Porter,Approved,533-336-5014x40309,"Shepherd, Collins and Faulkner",Maternity Benefits,62f22a7d-1d34-42e7-8f90-03a55b5d08cc,Individual,2025-01-13,68996,632,2024-12-31,2025-06-12,GB07OJYO00441107614916,ca7912a4-2755-43c3-94f1-307939fa9514,Laura Johnson,"47143 Gary Shores Suite 122 South Susan, RI 45358",001-273-493-5537x91818,julianichols@example.net,Yes,2020-07-15,6856,Yes,Senior Citizen Health Insurance Plans
7d4bff52-f87c-468f-9494-eff43bc971c2,CPT-80242,Quarterly,9c7bc0b0-672b-4476-aff7-aec4aebbb55b,1370,Heather Hunt,Mann LLC,Actually add direction effort country.,Medical law attack social serve.,Board scientist central bring similar forget perform.,4456,Whitaker Inc,Approved,+1-620-883-4698x603,"Landry, Nelson and Woods",Eye and Vision Care,711b5a68-81d5-4c3a-afec-1fe1b61aceec,Family,2020-04-18,12207,907,2020-01-18,2020-05-02,GB03XSMK57717879984055,a87b6bc7-a515-463e-b9b4-580cf9698c03,Jessica Little,"490 Powell River Suite 394 New Marcus, NJ 01183",814-727-9341x68902,justin71@example.org,Yes,2022-02-24,8698,Yes,Disease-Specific Health Insurance Plans
7b8e6079-fa24-4d06-9bb7-5cd246cffef2,CPT-44755,Monthly,dd6c5335-5ba8-4cd6-86b9-097207b9943e,3022,Amanda Harrison,Johnson-Henderson,Woman democratic hand list use.,Various quality woman bar can ready morning.,Agreement strategy throw suggest later big fear view.,64962,Nguyen PLC,Approved,598-972-0186,Barton LLC,Comprehensive Health Plan,235533ed-b00b-4a98-97aa-8a489e5b7e4f,Corporate,2022-12-06,33198,242,2022-10-26,2023-01-02,GB85TYWJ50759006457183,8eb3e979-4dcf-4930-b079-90747885c968,Gabriel Bowman,"45607 Garza Crest Apt. 849 Humphreyshire, IL 35446",548.464.2791,courtneyhamilton@example.com,Yes,2022-12-09,2125,Yes,Senior Citizen Health Insurance Plans
1c4d78a9-b67d-4d67-b577-769ce0ae596a,CPT-91007,Quarterly,727d441b-e244-4602-bf02-320da7575fb2,2501,Dr. Sean Wilson DVM,Hendricks Inc,May air experience skill shake far.,Probably dog although by.,Around husband capital determine arrive only Mr toward.,70632,Valdez and Sons,Approved,631-766-6314,Smith-Gonzalez,Maternity Benefits,950c24b7-7d46-4959-b417-ae6c9cdfc236,Family,2022-05-18,6153,524,2022-02-09,2022-07-01,GB59XZCE72738136917569,1700c70e-c434-45a4-82d2-412962c3c734,Adam Welch,"35608 Mullins Place Suite 127 Hernandezview, IN 72937",001-524-646-2701x782,lharvey@example.org,Yes,2021-04-27,7689,Yes,Disease-Specific Health Insurance Plans
79743a8c-e37e-4700-92f3-e06107a1566f,CPT-86331,Annually,5cc38163-b541-4ac2-b057-2ee56ba4ccc6,2547,Clayton Church,Morrison Group,Quite these save turn return avoid night professor.,Law cup anything grow expect sell.,Prove law though magazine treat leader.,45901,Brennan PLC,Approved,(779)343-6259x53274,"Keller, Obrien and Thompson",Comprehensive Health Plan,0b4b0e1e-1fa9-4d57-85e0-5c0da8cca23a,Individual,2023-03-11,5279,626,2022-09-01,2023-05-30,GB74ICCE45677619023565,2058ad17-2c1b-4c75-a77a-2244780e58ee,Lisa Sampson,"372 Wendy Lakes East Jeremy, MH 37220",365.640.1309x899,judy21@example.com,Yes,2025-04-09,3356,Yes,Disease-Specific Health Insurance Plans
d270c4b4-406b-466e-917d-c79d9061e56e,CPT-60627,Quarterly,4c32a73a-e0df-46fe-86b2-f4ebbf306e0c,3392,Kyle Rodgers,Johnson and Sons,Manage husband state help debate.,Daughter step make expert page memory.,Alone laugh wish conference fear.,34134,Salas-Wilson,Approved,(494)241-5977x267,"Foster, Knight and Green",Comprehensive Health Plan,36413ca4-d185-4f47-b761-e495da43d0b4,Individual,2021-04-10,96854,230,2020-09-16,2021-07-06,GB26JZEI26623402581287,4d6252a6-81a6-4a07-997c-24e5abea58f2,Michael Rivera,"1707 Warner Drives West Cory, AZ 89247",+1-779-399-7216x17462,zsanchez@example.org,Yes,2020-12-14,4689,Yes,Disease-Specific Health Insurance Plans
bee3d2a0-fa0c-4040-942c-0ad267ec2c49,CPT-69318,Quarterly,3cff9a2d-f04f-44e4-a3f3-ae3db96ed9a3,30876,Aaron Rose,Castillo-Johnson,Debate including they wife never story.,Summer everybody pretty activity population.,Where term run bar peace himself.,57758,Collins PLC,Approved,001-590-325-6312,Combs-Dodson,Maternity Benefits,c0371fd9-17bb-4ebb-90a3-7f4f7e13bb55,Family,2023-12-18,62495,142,2023-10-03,2024-03-05,GB35ACTS52796468985946,d13e50cc-1b50-43d5-b8aa-1ec82d6dd16e,Paul Moore,"660 Michael Ranch Alexshire, ME 73146",7287131404,ryan22@example.net,Yes,2022-10-19,7120,Yes,Senior Citizen Health Insurance Plans
81e7ae42-3db0-43d0-b1ca-c39a19c16cec,CPT-86981,Annually,e50b77cc-3d63-4b64-a9f8-dfd6c9cf38be,74618,Justin Sanders MD,Meyer Group,Tv thousand easy.,Note everyone finish method oil involve vote.,Appear door admit before choose.,6657,"Thomas, Tran and Mclaughlin",Approved,+1-835-820-9589x4519,"Taylor, Anderson and Warren",Critical Disease Specific Plans,e975f11e-b8ad-47c8-8da4-3e60424872ba,Individual,2020-11-03,82565,818,2020-05-11,2020-12-09,GB95LUAG98020361342045,2a2b8608-f66d-4627-90b4-fceb03c17827,Carla Duarte,"21543 Robert View Port Bradley, MS 17343",446.523.0555,karenflores@example.com,Yes,2022-09-12,4373,Yes,Senior Citizen Health Insurance Plans
de361dba-d5ed-4126-9a6b-1010cd4f7c0b,CPT-59010,Quarterly,06915455-4849-4091-b889-0956df45d426,20541,Jordan Thompson,Wilson-Johnson,Rule police song ahead two which now style.,Practice room ready represent a.,Point enter avoid.,73433,"Bailey, Marshall and Myers",Approved,(895)617-8013x9108,"Ferguson, Harris and Moore",Maternity Benefits,363a0cda-c91d-49db-87b6-59cbc1e03635,Family,2024-10-25,26053,785,2024-10-14,2024-11-13,GB43FJAC99357409826312,bd527b1e-1295-496d-9f51-58f939d66ee0,Mr. Danny Stewart,"PSC 3775, Box 3301 APO AA 63937",840-588-3254,carpenterelizabeth@example.org,Yes,2021-02-28,2602,Yes,Disease-Specific Health Insurance Plans
02fc40fe-b00f-4fc9-a364-38cf3814303e,CPT-85159,Monthly,1b4447c5-d252-42a7-82de-141ef05211b0,4767,David Johnson,Cook-Peters,Me language third health board.,Mission big I.,Information method draw interest defense.,95007,Bryant and Sons,Approved,201.797.5649x439,Preston Ltd,Critical Disease Specific Plans,0c833acf-5ba2-4dd8-9ead-6a189fece0ff,Corporate,2022-02-14,61121,279,2022-02-11,2022-03-20,GB72ZQVC44732905186652,d392e54d-0e96-494b-946c-fbc07be6989b,Collin Gill,"741 Hall Course Knightmouth, AK 27530",816-764-0366,pamela94@example.net,Yes,2024-12-18,9562,Yes,Senior Citizen Health Insurance Plans
88dfea33-fa1d-4011-a6a8-0d446d6c22be,CPT-18582,Quarterly,2d02ac96-a2ce-4bf8-976a-3594d1eb32c6,17528,Isabel Fisher,Huynh Inc,On everybody still hospital brother.,Yeah family Congress affect truth understand enough size.,Simple high tree establish myself agreement look.,22938,"Sandoval, Jones and Mclean",Approved,689.852.5727x5817,"Morales, French and Moore",Comprehensive Health Plan,b74877a0-e9be-48b9-84f4-61269dea988d,Corporate,2025-08-12,90285,460,2025-03-29,2025-08-13,GB64JMWN26072905316454,3d1e5109-186a-4e26-b59d-9caeaa38ce26,Erika Rose,"0487 Shannon Creek Apt. 728 Adriennetown, VI 98156",885.463.4887,robertsjeffrey@example.org,Yes,2022-11-14,8628,Yes,Senior Citizen Health Insurance Plans
30c1383a-dbb1-4bcd-87b4-5edd4cf8044f,CPT-18711,Annually,06c213be-f6be-4483-b95e-2679e1311925,7903,Adam Cruz,Swanson-Oneal,Trial professor see ask.,None detail knowledge interview will success begin.,Agent stuff never from move.,57301,"Rodriguez, Fisher and Frazier",Approved,(789)472-2799,Young LLC,Eye and Vision Care,748eb4e4-8711-4261-848c-de5d502cab81,Family,2025-01-14,9133,904,2024-06-09,2025-02-01,GB96OUMI51270383954335,54f20cde-79f2-4c94-97f3-28e81cb9152e,Logan Henderson,"04189 Richard Manors Suite 117 Norrishaven, WA 43740",+1-561-296-1954x664,omoore@example.net,Yes,2021-07-10,9982,Yes,Senior Citizen Health Insurance Plans
cc297e72-b5af-4fd7-8fd0-cc2801fcd309,CPT-62225,Quarterly,d18a4e27-8f12-44a2-b942-a8597978517b,3964,Michael Bray,Johnson Group,Sea scientist song yeah money.,Stay my senior thank democratic teach.,Local financial present or read crime.,32025,Romero Group,Approved,(910)966-9006,Campos-Hale,Comprehensive Health Plan,954e78a4-6c07-4b1e-9ed3-d02405025314,Individual,2022-08-29,11915,487,2022-06-10,2022-12-25,GB72AMMS89489407722392,5ac04b49-2fc2-42e1-bff6-8b8c12e2c47f,Jason Howard,"931 Harvey Bypass North Cynthiaville, CO 39412",+1-669-571-2234,williampruitt@example.com,Yes,2021-12-10,3175,Yes,Senior Citizen Health Insurance Plans
d3a31fd1-8c01-4344-a6d5-bc0a37856b4d,CPT-99090,Quarterly,96ebdcd5-23b1-4a6c-b278-c8feca08552a,7894,Sharon Washington,"Thompson, Carey and Dunlap",Later perhaps themselves down agree force.,Morning drug surface exist.,Best quite teach fast color charge national.,95785,"Johnson, Frazier and Ward",Approved,264-733-4677x17380,"Brown, Meyers and Murray",Eye and Vision Care,755ffaf7-007c-425b-9359-dfc6d287bc76,Family,2022-05-22,37553,770,2021-11-06,2022-10-19,GB61TNUL08045892014381,efc72d58-c229-4524-8791-d37903209fb0,Shawn Blair,"44205 Lane Shoal Jenniferside, CO 80903",701.462.8022x055,kellymarshall@example.net,Yes,2021-04-13,4171,Yes,Disease-Specific Health Insurance Plans
5a8d90d5-bea8-4cf0-9944-deb9384901c1,CPT-82781,Quarterly,6a4a259f-ebd9-4b3b-9617-73373d7f7147,11720,Angela Neal,"Richardson, Nelson and Howard",Only score however.,Partner it matter total still true like book.,Wife miss star red offer your political.,30517,"Henry, Sutton and Gamble",Approved,4058322244,"Martin, Lucas and Nelson",Critical Disease Specific Plans,82a911cd-ee09-40ff-b272-0798f5767375,Corporate,2022-07-01,41470,564,2022-05-03,2022-11-01,GB44BRZL36700339430777,e106cffa-3f30-4e98-9143-29106024df3b,Thomas Smith,"36562 Stephen Lodge Suite 606 West Deborahburgh, HI 88170",683.903.0605,dprice@example.net,Yes,2020-06-11,9794,Yes,Senior Citizen Health Insurance Plans
f7dd5b77-5e03-4f5b-bc36-eeb9bb419b77,CPT-42312,Monthly,2cc2b85f-3912-40d6-b8bc-c2e729979d6d,25990,Nathan Grant,Miller-Obrien,Discover popular fact official turn.,House yet gun interest last player sort.,Treat art through many marriage lose window eye.,34372,Fuller-Gonzalez,Approved,+1-997-624-8520x170,Hamilton PLC,Critical Disease Specific Plans,eab4c4b5-29e7-4d7c-ab1a-471261fc68c3,Individual,2024-03-07,66595,768,2023-11-15,2024-03-20,GB56OUFO11703856283852,82b25367-c402-4a6b-a1ba-643d18f532c9,Matthew Hughes,"64932 Gregory Highway Suite 183 Fullerhaven, GU 80899",+1-420-270-8158,qsnyder@example.com,Yes,2022-08-03,2747,Yes,Senior Citizen Health Insurance Plans
034e9f43-f719-4466-86ed-d6077208ffcc,CPT-70842,Annually,815aebb0-e18b-40da-a159-ad6f5dd169da,19119,Joshua Medina,"Rice, Huang and Hopkins",Shoulder happen recognize nation.,Character education follow agree score.,Around type stay reach benefit fear.,71407,"Craig, Mccormick and White",Approved,429.957.4112x0161,Parker-Henry,Eye and Vision Care,e5c5bf93-cfc7-4af8-8043-9a4dc7bb36bf,Individual,2024-10-02,37629,533,2024-03-27,2024-11-20,GB34LFMY04566378990385,9fab8321-c0cd-4f1e-bef2-920c968537d7,Helen Whitaker,"8819 Brian Gardens Jameston, NE 27567",374.297.8875,ryan92@example.com,Yes,2023-06-05,1274,Yes,Senior Citizen Health Insurance Plans
49b79761-3691-400f-8440-f4d09117630f,CPT-90894,Monthly,0f506686-6a4a-49b1-957f-13501703bf12,4282,James Jones,"Hoover, Hunt and Cole",Tonight age will or travel fly.,Last federal control space though live weight throw.,Book relationship fact other economy.,9077,Mcclure PLC,Approved,519-285-9647,"Hernandez, Miles and Willis",Comprehensive Health Plan,79f19766-bc86-4819-a76a-84517b1c356f,Family,2022-09-28,59222,111,2022-03-11,2022-12-10,GB83GNUG21082006151770,b3b0de03-a19f-48b0-9d50-c4297b5f208b,Kelly Mckee,"PSC 7050, Box 5447 APO AP 66869",693-571-3655,lindagonzalez@example.net,Yes,2021-12-23,6781,Yes,Senior Citizen Health Insurance Plans
1552a98d-0f30-420a-b645-ca13ccaec386,CPT-88740,Annually,5d74e553-7a9f-4164-a49e-fc3fe782eb2d,6522,Tina Duncan,"Cain, Johnson and Padilla",Responsibility south similar positive small product people.,Off PM class hundred teacher dark.,Heart understand point life.,23642,Madden LLC,Approved,(611)478-0591x18897,"Saunders, Stewart and Harris",Comprehensive Health Plan,c3ca0fb9-b74b-4074-ac11-c198216b87bb,Family,2023-12-25,30481,733,2023-01-31,2023-12-26,GB32VQHZ18710177374596,286ef61f-43e2-4c17-a699-68f0708558a9,Linda Scott,"4271 Mark Ports Suite 786 New Isaacshire, SD 93456",(413)703-9782x2221,nhaynes@example.org,Yes,2020-03-07,8933,Yes,Disease-Specific Health Insurance Plans
3eb123dc-a799-43b8-89d0-863645d1cd86,CPT-15211,Monthly,e2d0b11f-acc2-4b1b-981d-c0cb4c1e92ee,39429,Deanna Spencer,Frazier Ltd,Challenge itself character think.,Into can night throughout.,Who option president soldier pass why.,53333,Pierce Group,Approved,+1-389-428-7366x07020,"Davis, Peters and Brown",Critical Disease Specific Plans,093d3dbe-21bb-401f-a3d8-caec2b2254af,Individual,2021-05-01,75113,757,2020-10-13,2021-08-20,GB40SLQC83157092972714,04fe3a33-4d18-4a62-b5a2-99209c7f0562,Amy Matthews,"2973 Eric Harbors Lake Alexis, VA 16426",+1-761-548-5296x54201,onguyen@example.com,Yes,2024-03-23,9997,Yes,Disease-Specific Health Insurance Plans
eab7250d-a705-484f-93ca-12e9d4b5ca6e,CPT-16729,Quarterly,351f17e2-6149-4eee-ba51-40c648d8e9f0,1675,Nicole Wilson,Valdez-Merritt,Health beat certainly several fill.,Catch remember value loss man red.,Hair art travel investment expert sister buy.,20279,Porter-Brown,Approved,742-386-0432x18636,"Powell, Smith and Molina",Eye and Vision Care,1c6951bc-c380-4fc1-93f4-76e3f6580999,Family,2021-04-07,5101,945,2021-04-05,2022-02-28,GB26UHHE93226696027833,03f12fe6-2245-4e19-acb1-c83b416a3702,Kelsey Stafford,"198 Brewer Bridge Suite 942 New Crystal, MI 48077",327.302.3965x009,oweber@example.org,Yes,2021-03-31,5795,Yes,Disease-Specific Health Insurance Plans
bb2598ee-6b1b-428c-a361-7c4ed92d5c41,CPT-86049,Annually,7255e77b-54d3-4202-a143-f3692dac0dba,6184,Donald James,Williamson-Randolph,Go upon movie win word.,Step effect anything attorney attack interesting office.,Or quality enough long leader civil.,17497,Perez-Garrison,Approved,+1-535-603-3438x296,Stanley Inc,Maternity Benefits,495b273a-a851-4587-916b-1d1668f64507,Corporate,2023-08-12,8254,459,2023-05-16,2023-10-06,GB42WQOC43755088155822,8ef70799-924f-4c48-8a21-f616a35ecb2c,Wayne Green,"19972 Webb Fall Apt. 277 Morenomouth, NM 90372",302-815-9714x3757,esuarez@example.org,Yes,2024-11-09,1462,Yes,Disease-Specific Health Insurance Plans
440b0bfd-66ff-4f2c-a140-c880214d238e,CPT-58088,Quarterly,222dd364-1866-4231-b661-3f7de2ab6fc5,92453,Catherine Davis,Gibbs Ltd,Collection four forget have life.,Four against him cultural draw fill.,Red its young over road person.,97223,Sullivan-Graham,Approved,+1-436-757-6224,Adams-Stone,Eye and Vision Care,a2a7084d-d6a1-426b-be27-23baa2b8e7a8,Family,2020-05-17,95969,348,2020-04-15,2020-07-18,GB38RUCO80917532342014,1d9596c7-cc64-476d-971a-cefcbbafe7b8,Donald Rasmussen,"79473 Chan Cove Suite 106 Paulstad, TX 74690",421-629-5295,robertmathews@example.com,Yes,2024-04-26,7266,Yes,Senior Citizen Health Insurance Plans
aa7e0422-1929-4fdb-8e99-bef98ce72be1,CPT-42084,Quarterly,cafde67b-b563-4759-8ca8-2edbf63f2e6b,19254,Patricia Lopez,Ferguson-Hughes,Society sea record national relate western.,Approach office though factor phone act.,Until church attorney technology race.,1297,"Carter, Hebert and Webster",Approved,001-456-214-7985x55496,Atkins-Lawrence,Maternity Benefits,f2d984e4-55b1-4025-b32a-5600b20cfa1a,Corporate,2023-10-15,28976,905,2023-06-30,2024-05-24,GB49MUUK06056967200904,06fcf227-6920-4f36-be27-2c0dfde99bd4,Joseph Long,"6109 Krueger Junction Apt. 253 Katherinefort, WA 72307",259-261-1965x930,sierrawilliams@example.org,Yes,2022-05-16,7206,Yes,Senior Citizen Health Insurance Plans
b40800ba-a96d-4856-b410-2391ff6a1071,CPT-91756,Annually,0fba9f54-e01b-4a53-a53d-583f70cd0ef0,20233,Christy Myers,Romero-Wheeler,Fall recently radio allow.,Likely seat into act make.,Practice just central common amount attack.,74939,Stevenson-Mcknight,Approved,+1-336-255-9704x004,Hardy PLC,Eye and Vision Care,aa0edbda-26a9-4949-8fe2-faccbbd06f21,Corporate,2023-04-24,27714,171,2023-01-10,2023-07-22,GB27CIAL13881009857374,7b5b35b8-9123-47af-9e25-5447c30bdfff,Nicholas Frank,"877 Jane Extensions Suite 832 Lake Karenview, SD 45462",9327138043,tinacoleman@example.net,Yes,2023-12-25,6601,Yes,Disease-Specific Health Insurance Plans
b24618fe-ea28-4c52-a66c-b78b847ec056,CPT-58884,Quarterly,711302f3-001f-448a-ab35-049d577c223e,50757,Andrew Howell,Morris Inc,Establish something author bar.,Of food style center do past with.,Past research special throw.,9443,Mitchell Ltd,Approved,+1-295-700-7760,Ellis-Arroyo,Maternity Benefits,a6d5e780-c8ac-455e-be35-75a7a420025e,Individual,2022-12-30,85209,786,2022-08-09,2023-04-10,GB89CKZO77231809694628,5f1403e0-762d-4cdd-9756-3660adc0c275,Luis Thomas,"4466 Kevin Ridge Apt. 624 Rickyhaven, HI 44037",(857)843-6132,ann29@example.net,Yes,2025-04-03,4913,Yes,Disease-Specific Health Insurance Plans
4dd141a8-2237-456b-9e0c-6bd37523fbc4,CPT-31446,Quarterly,967632a1-d87a-426b-9754-6606556c5d1d,21351,Jason Fuentes,Walton and Sons,Walk road whatever society thing generation story.,Member particularly avoid new relationship since end.,Old name six.,33355,Hayes Inc,Approved,805.570.4479,"Wagner, Adams and Wright",Comprehensive Health Plan,313cd0bc-3302-471a-8879-baf7af3f6589,Individual,2023-10-18,24631,824,2023-01-14,2023-10-27,GB11BEUJ60228835893695,62310039-ef52-49e9-ae3b-ac6d0cf14c7b,Willie Henry,"0773 Snyder Loaf Suite 834 North Hollyside, VI 96515",5789323509,qjones@example.com,Yes,2021-07-08,3719,Yes,Disease-Specific Health Insurance Plans
1a4d096e-470e-4f28-be91-715c1f9f9a9b,CPT-85262,Annually,2201430f-ea51-41b9-b34f-c80fc4f70586,23149,Blake Howard,Davis-Moore,Hour present brother girl.,Current become respond know.,Tough detail indeed really address.,6212,Morgan Group,Approved,001-344-245-6024x3470,Ochoa-Davis,Critical Disease Specific Plans,61767669-9568-4bd4-a494-80ef9f869112,Individual,2022-08-20,34788,408,2022-02-21,2022-09-15,GB70BWAB49145828822439,20dab5b8-8853-4383-8cf1-1a6880855768,Steven Pruitt,"8160 Brittany Vista Apt. 326 East Matthewbury, ND 11509",757.530.7141x9125,michael52@example.net,Yes,2023-11-19,1200,Yes,Disease-Specific Health Insurance Plans
3f6b0adb-bfb1-4bf1-acf6-fcf4404fb87b,CPT-99082,Monthly,dc4349b4-4883-4f66-99af-043944234f1c,15991,Eric Alexander,Barrera-Pena,Another population century.,Age measure five season final.,Last girl only.,89930,Flynn-Silva,Approved,633-328-6943x88433,Barry Inc,Critical Disease Specific Plans,310b7c74-0035-4795-8c58-5019135a3a53,Individual,2023-09-17,22969,340,2023-07-14,2023-09-19,GB49JVUQ97510566954947,ab5f8447-8664-4b2c-a259-e00f298824c9,Heather Monroe,"55932 Adrian Shoal Suite 739 Johnsontown, WV 04465",230.879.3024x6348,danielle11@example.org,Yes,2023-03-11,6715,Yes,Senior Citizen Health Insurance Plans
93458b6c-8f76-4123-9eab-e6aca8f0802e,CPT-29957,Annually,75a7ee3e-2c3b-48d0-ac2f-2e5c6de86f1d,21268,Megan Jensen,Mathis Ltd,Once most more style spring physical account.,Argue tonight ago run under south building.,Do stock list radio five attention attention.,41616,"Frye, Miller and Ayala",Approved,970-947-4263x7548,"Miller, Gray and Castro",Critical Disease Specific Plans,9713c5aa-d2cd-4e1b-89ed-47cd7d18df62,Corporate,2021-12-07,88584,778,2021-06-14,2022-05-24,GB22VYFB67094278428863,145b8dcc-1bd3-4062-af7a-cc5f4615898d,Tamara King,"4681 Paula Shores Suite 412 New Natalie, TX 08697",3135872041,angel59@example.org,Yes,2024-08-09,7991,Yes,Disease-Specific Health Insurance Plans
f25a9fab-f508-4d9f-9022-dc8062051837,CPT-30310,Annually,74344300-0200-4497-914c-bb1a49576dc3,4202,Scott Cook,Martin-Davis,Service continue late career.,Safe gas require under how old.,Decision how wife.,95962,Hendrix Ltd,Approved,+1-733-241-9308x2533,Bailey PLC,Comprehensive Health Plan,c186efa5-d0ee-4844-b30a-23ca43525af5,Corporate,2021-06-04,17319,551,2021-01-09,2021-09-09,GB38KPWQ57566044769852,0c978a30-514d-4ddb-abb9-5166a5ea558b,Tammy Cooper,"193 Blackwell Shore Suite 019 Wilsonland, NM 30990",512.829.0673x6038,ghernandez@example.com,Yes,2020-02-21,4109,Yes,Disease-Specific Health Insurance Plans
733a4c83-8194-458c-9c19-0d4902de48fc,CPT-63964,Monthly,5aaf165b-80fb-4740-844d-da65bd26a9c0,2353,Andrew Ramos,Miller Inc,Store generation happen product sell interesting run.,Above design ball argue.,Job buy ground individual.,67880,Smith-Wang,Approved,+1-444-682-8425x543,Tanner PLC,Eye and Vision Care,54c41167-bec5-4c82-a0b4-5baa9290aaf1,Individual,2023-07-28,33522,863,2023-07-02,2024-02-01,GB18PUNF19559303181845,26736267-fd7c-4470-aab4-004003ad3dea,Heather Pitts,Unit 7626 Box 6248 DPO AP 63668,+1-891-467-7998x922,crystal64@example.org,Yes,2023-03-17,1802,Yes,Senior Citizen Health Insurance Plans
7adb96f7-2f1d-4f77-9a79-7366531d259d,CPT-77369,Monthly,110908fd-b487-4954-9f91-80614ef7d416,8962,Sean Anderson,"Miller, Stewart and Alexander",Purpose allow year law beat.,Real personal service.,Street family table store expert city serious.,53882,Brown Inc,Approved,(437)282-0861x555,Hebert-Williams,Eye and Vision Care,e2bbe1bd-7902-44f8-9138-d23df1b3b36a,Individual,2020-05-16,15957,417,2020-05-07,2020-11-25,GB93QZTD93623582043500,71475c56-20da-42b6-9dd3-18d52a9c1ace,Jill Berg,"9651 Dana Keys Suite 454 Briantown, AK 54192",516.994.6493x256,keith08@example.net,Yes,2023-04-12,2508,Yes,Disease-Specific Health Insurance Plans
8f4b4ebf-60e5-407a-b970-f1de84ee5886,CPT-44151,Monthly,830f9c59-774b-4069-9129-915de1856593,27973,Deborah Roberts,Washington and Sons,True life guess movement.,Likely sense loss quickly surface stand.,Same stuff step window above race.,61990,Anderson-Reynolds,Approved,548.207.9128,"Scott, Gates and Bennett",Maternity Benefits,9ac2745b-ed24-44ae-8d79-14b66c368695,Corporate,2024-10-01,66306,300,2024-08-23,2025-03-01,GB51FLMV93707439188992,6a50ea95-7639-4cc7-8440-243f3607a658,Mark Sims,"82188 Bond Way Lake Gabriel, AR 36105",001-730-601-2384x1340,ismall@example.com,Yes,2020-07-03,3144,Yes,Senior Citizen Health Insurance Plans
5e226fbd-a615-4996-a8ac-34d75ce6d3a3,CPT-57657,Monthly,db2e7a9e-4f91-4e66-9583-3865e8dd800f,8923,Kevin Espinoza,"Chavez, Baker and Howard",Former rise lot college.,Guy have customer what himself.,Late forget cover important read design parent.,8786,Gray Inc,Approved,+1-900-627-5447x6712,"Roberts, Wright and Smith",Critical Disease Specific Plans,e1476a76-8f1e-41eb-9f43-cc7158d09113,Family,2022-09-10,40656,680,2021-09-21,2022-09-16,GB06QUSC54280330841945,a9395164-6460-4b56-aafd-c962bbd3bf00,Denise Harris,"504 Samuel Walks Suite 435 East Benjamin, CT 13628",001-456-739-1911x059,jeremy49@example.com,Yes,2021-02-22,6320,Yes,Disease-Specific Health Insurance Plans
ef622a4c-f26c-4c51-85a7-2e2596b53423,CPT-70234,Annually,84eac7d0-2dc8-40f6-8dbd-9c4514ef5da1,37833,Christine Small,"Rhodes, Stephens and Smith",Shoulder usually fight opportunity among.,East technology decision share whom cost notice wife.,Threat detail decide test perform.,21696,Clark-Perry,Approved,001-665-608-9784x1930,Peters-Ball,Comprehensive Health Plan,ab889482-eacc-40d4-9248-2d98214e2cd2,Corporate,2024-12-15,84592,181,2024-10-20,2025-05-21,GB40WMXY83143053860518,11a22194-fec6-49cf-9ea1-32b68aadb131,Ronald Wolf,"PSC 2118, Box 4773 APO AP 04738",(509)380-8939x31259,christopherramirez@example.org,Yes,2023-02-10,4532,Yes,Disease-Specific Health Insurance Plans
f5baa06e-aa8f-4428-92db-804794a2ce83,CPT-82716,Quarterly,14742ef6-2f11-4ee2-b965-d2a2fa1cc679,23984,April Martin,Hughes-Taylor,Spend gas each front.,Democratic style race.,Sometimes particularly best although help want south.,87751,Miller-Allen,Approved,5515653456,Jones-Kim,Maternity Benefits,890668b4-e0c7-47a5-af91-5004aa7ac0de,Individual,2023-04-27,59426,321,2023-04-01,2023-05-06,GB14XQMH35614063866395,e6f03767-feb1-453e-9b91-6fd3b12564c8,Donald Tran,"1645 Jennifer Grove Apt. 355 Lake Anthonyland, ND 74791",(950)499-7658x97973,aaronmurphy@example.com,Yes,2020-10-16,3240,Yes,Senior Citizen Health Insurance Plans
8c3d8a1a-4baf-4e2c-be6c-c76288512080,CPT-73827,Quarterly,09e0e2cc-37a4-4c0a-af40-8f51e034be9b,83427,Samuel Nelson,Wu-Ayers,Land art author natural argue attention.,Stage mention development dog.,Success remember money artist.,40528,"Obrien, Sanchez and Martin",Approved,(327)740-6794,"Wood, Burke and Lopez",Critical Disease Specific Plans,4e89cdbf-e8a2-4509-ace7-a30c3f22408a,Corporate,2022-06-13,88710,197,2022-05-10,2022-06-26,GB46JARJ90904329997340,cf652d9b-662f-48e3-996d-0616dda0d9fa,Matthew Garcia,"31727 Christopher Loop Suite 209 Youngburgh, TX 17373",001-929-677-1589x797,bkim@example.org,Yes,2021-10-01,6318,Yes,Senior Citizen Health Insurance Plans
8c89d9ba-6738-46c2-9feb-4ecd6b6d2807,CPT-21030,Annually,1132b782-2c6d-4d52-88ec-e62196b534c8,13891,Michael Doyle,Hansen-Joseph,Need response yeah offer trouble.,Camera turn admit lot very step relationship.,Finally box region song.,93764,"Randall, Patterson and Lawrence",Approved,564.571.6610,Hill LLC,Maternity Benefits,8d87c93b-47e3-4f39-8b34-66b4094e69dc,Corporate,2020-04-03,20329,428,2020-02-15,2020-10-07,GB83JLUO47805443080062,8b981292-e7f5-4f29-9935-b1b73c2ede89,Julie Adams,"6213 Richard Forest Suite 450 Port Danielside, NE 60748",603-768-3519x332,annasandoval@example.net,Yes,2020-03-15,1609,Yes,Senior Citizen Health Insurance Plans
d05c1bc6-3607-4b92-8ab9-d19d09fa5365,CPT-28832,Quarterly,a2c1f9a4-5ee8-4374-96d1-62a27b69ad10,15983,Claudia Gonzalez,Copeland-Davis,Baby truth much system.,Although edge whether concern wish according five.,Level describe issue.,16920,Hunter-Sullivan,Approved,001-348-935-1140x915,Key Inc,Critical Disease Specific Plans,54e8c62f-b281-466e-a425-a63e58c8e3bd,Family,2023-04-17,20952,483,2023-04-05,2023-05-27,GB55SBUR57653367679836,e640c54f-e7f8-495c-9baf-ba28370808dc,Jeremy Perez,"0784 Villanueva Green Petermouth, AL 80022",(610)831-5046x051,cdavis@example.com,Yes,2020-04-20,7344,Yes,Disease-Specific Health Insurance Plans
39399236-7d2c-482b-a12c-bc8e1222bffa,CPT-20043,Monthly,bdb41b24-a1da-44e2-bfa7-7e9a149761dd,1807,Paul Soto,Winters-Chaney,Serve garden feel usually.,Word save billion machine.,Project attention the.,83057,"Kidd, Miller and Estrada",Approved,851-266-1058x0326,Dawson-Wyatt,Maternity Benefits,62f497b5-7369-458b-af6d-7efd6a7a304a,Corporate,2021-12-04,6496,719,2021-10-21,2022-05-05,GB18UZIZ92408912431494,1f21c61d-4ee3-434e-98fc-381734110cb1,Madison Gates,"9248 Turner Trafficway Apt. 838 Joshuaville, AL 77314",963.768.1317x335,kbrown@example.org,Yes,2023-01-26,6257,Yes,Senior Citizen Health Insurance Plans
dbce74d5-34d0-4f1b-a7cf-2e61f8af4024,CPT-76354,Quarterly,b72032b9-1f58-43c6-b39b-eb4572bb027b,3179,Matthew Bird,"Barnes, Brown and Lane",Leader on point must happen low music arrive.,None fight reflect of.,Tell party could under I main enough.,41751,Green Ltd,Approved,+1-332-564-4752x3556,"Roberts, Hinton and Jones",Critical Disease Specific Plans,c28e2556-a591-4791-91b8-0e5c88f67311,Family,2024-05-22,22201,192,2024-04-30,2024-06-16,GB58CMEV44189695263364,8a4c8316-3872-48d4-806e-66a66eca9003,Richard Brown,"7340 Miller Cove Lake Cynthiabury, HI 93453",650-239-8184x2690,jonessandra@example.com,Yes,2020-01-11,8376,Yes,Senior Citizen Health Insurance Plans
64dcc3b6-61ab-47f4-b922-d6627ac8d528,CPT-44848,Monthly,989d0d08-f503-4848-ab72-2458019e5599,49453,Theresa Singh,"Collins, Phillips and Cooper",Answer condition available party manager same challenge.,Production despite child rich economy.,According effort appear subject organization listen.,88981,"Williams, Bennett and Hernandez",Approved,560.680.7926,Hunt-Arnold,Comprehensive Health Plan,7c9dcf7b-47d4-457f-aa67-7d61c4e7614f,Corporate,2021-05-04,54931,506,2021-04-21,2021-08-16,GB88BIRH30327023049488,04ae5368-cc41-4d19-a4ec-7cc8e92a89ff,Regina Ortiz,"37523 Nathan Square Apt. 326 North Sandra, MD 98166",001-347-996-2420,priley@example.net,Yes,2020-12-28,2260,Yes,Disease-Specific Health Insurance Plans
3fbc2e05-3988-4d14-a345-e05fc798a50f,CPT-52360,Annually,6c98040b-3748-4ffe-be0f-22b45e229425,5889,Courtney Reed,Castaneda PLC,Water me high democratic education decision.,Business son else place popular.,Life return write.,69158,"Salazar, Malone and Rodriguez",Approved,5418743565,Carter Ltd,Eye and Vision Care,9c4b570f-0302-4be6-a680-be99801c9b65,Family,2021-08-29,73376,695,2021-08-07,2021-10-03,GB92KXEH21573061869610,b0b18372-6b84-48f8-b3e1-60be77988dd9,Joe Spencer,"6072 David Plains Jessicaburgh, RI 99412",(512)543-2884x3496,michealparker@example.net,Yes,2023-05-02,6012,Yes,Senior Citizen Health Insurance Plans
e834ebf7-5049-4059-a9f9-e70e41e91557,CPT-70473,Quarterly,66ce1206-e51a-46d1-9ee0-fade2aae1ab1,23001,Veronica Ayers,Hogan-Mata,Poor when rise again public soldier shake race.,Property paper off stage culture easy hit ever.,Agent myself customer full recent dinner move.,90495,"Cole, Skinner and King",Approved,001-991-780-3661x4407,Richmond-Weber,Maternity Benefits,62051700-0106-4635-8312-4ca08ea193d3,Individual,2020-10-16,81613,936,2020-08-27,2020-12-20,GB24ONQN49215846507740,75806fe1-1fb6-47f1-a382-bf197f3df7b1,Brittany Ward,"909 Skinner Tunnel East Danielle, GA 91355",(662)851-7834x12224,vargasashley@example.com,Yes,2024-05-11,7259,Yes,Senior Citizen Health Insurance Plans
e8e9ae4d-c772-4bb4-8646-e9b548afddca,CPT-44918,Annually,6611ccbc-15e0-4bef-971b-49f6412dc5d1,29372,Laura Edwards,"Anderson, Adkins and Smith",Benefit cause seek people public last.,Small appear your statement.,Meet meeting include table happen fall study.,48095,Faulkner-Lee,Approved,7844163013,Morrison-Allen,Eye and Vision Care,41354e8d-6151-40a1-8cec-d24b8f2ecc56,Individual,2021-02-16,49052,295,2020-06-29,2021-04-20,GB32PNTO00293275738712,c49d6ea9-af10-4a51-872c-e79da7e7c438,Jennifer Nichols,"1463 James Lodge West Steve, NM 73902",407-319-0929x8305,yorkmariah@example.org,Yes,2023-03-21,7447,Yes,Disease-Specific Health Insurance Plans
f8fb13ad-6c3b-4759-85f3-dd1c8cc30912,CPT-60450,Monthly,ec4c0003-0ad2-40f4-b90f-0739ceb38925,6131,James Hunt,Armstrong-Hodge,Do read however quality trial.,Stay seem media condition perhaps region.,Evidence law large number social follow fill.,59911,Foster PLC,Approved,831-791-1273x779,Holmes PLC,Comprehensive Health Plan,bcb9397f-38c4-4fd0-8287-5ed25b7d3b5d,Family,2022-05-31,23192,548,2022-05-19,2023-01-03,GB55RHOQ77007596997803,e784488d-471c-47ea-937b-025b52bda182,Christian Phillips,"77767 Owens Green Apt. 290 Karenstad, NC 76871",001-966-892-8281,milleralexis@example.net,Yes,2022-12-25,5311,Yes,Senior Citizen Health Insurance Plans
2075ca30-19a8-4a2f-9a00-478c3504942d,CPT-16654,Annually,c0976049-73f0-49aa-993d-019cbaa9e7a6,12093,Zachary Bauer,Nelson and Sons,Eye anyone significant hold piece total mind for.,Much instead movement chair.,Produce study arm carry strong.,96512,Black-Jackson,Approved,753-287-9607x805,Hart-Butler,Critical Disease Specific Plans,2729ae77-273d-4771-bcd4-28264cb2c328,Family,2021-01-30,76169,432,2020-12-26,2021-02-14,GB80GATL16123311271245,464886ae-f030-4c44-b5b6-7626cfdfe0d0,Rebecca Moon,"438 Hamilton Spurs Suite 791 East Elizabeth, VI 20729",(354)878-9076x1975,jessejoseph@example.net,Yes,2023-06-01,4250,Yes,Senior Citizen Health Insurance Plans
aabb0cb6-25e8-48b6-b2fb-78f102d431cc,CPT-78849,Monthly,0d1fc2ab-f009-44b5-a305-e0d85cad73b2,49979,Susan Buck,"Russell, Davis and Newman",They better good recently live change some.,Between official character suddenly science south view garden.,Claim close idea either kitchen response.,9009,"Garcia, Castro and Harvey",Approved,001-614-388-8564x2235,Crawford-Hood,Critical Disease Specific Plans,3f13cda1-359b-4c8d-8101-83293cb21ea1,Corporate,2021-09-06,58808,218,2021-02-21,2022-01-05,GB92DZEV79995616751511,6d9d5548-b12b-4b21-884e-977ce604d497,Aaron Gibson,"13525 Raymond Turnpike Bradleyberg, LA 97409",244-331-7144x9846,ericthomas@example.net,Yes,2024-09-13,7066,Yes,Disease-Specific Health Insurance Plans
44e642a5-19c0-4e8a-afef-873e644e0c9c,CPT-50114,Annually,b4ac3f83-68c3-4e4c-99bd-0dcc0562c8e9,38051,Michael Hicks,Mercado-Arnold,Power not quality try.,Picture there music without.,Support response player yes affect good.,24835,"Duncan, Cisneros and Harris",Approved,(520)892-6243x4185,"Freeman, White and Gonzales",Eye and Vision Care,0c1e9351-8399-4793-a896-3786e03c6cea,Individual,2021-02-07,62406,707,2020-10-02,2021-06-05,GB51CUMB37574868568165,6602c840-1727-4076-995f-0c116b781d74,John Clark,"74477 Sandra Parks East Brettside, KS 89972",001-737-878-6358,jasonsampson@example.org,Yes,2022-03-25,7334,Yes,Senior Citizen Health Insurance Plans
37b27908-ef20-457f-b5e1-c3e431a74ff9,CPT-67024,Monthly,2fbcd921-c335-45e0-af1d-94f4b3b3e5af,40430,Bobby Robinson,"Lucas, Smith and Hale",Both risk beyond nation require others identify fund.,Glass window whole weight discuss.,Improve hair rich question pick help summer.,56102,Cox-Guzman,Approved,363.304.5130,Johnson-Roberts,Critical Disease Specific Plans,331fa41a-cfa4-4b8f-9640-4ae1f12a3e9a,Individual,2021-06-19,58745,540,2020-11-25,2021-10-30,GB98OPZX35167408745504,3ac92865-6adb-4df3-8406-2c4bf2e6de37,Crystal Carlson,Unit 5712 Box 7475 DPO AP 58668,001-642-837-9473,bookermario@example.com,Yes,2021-06-05,3205,Yes,Disease-Specific Health Insurance Plans
380b3447-4ccf-4d34-ac98-62f020b04351,CPT-66769,Monthly,97f07b6a-831e-4e9f-8a43-aef096ad196f,16352,Kevin Ramirez,Henry-Shannon,Onto edge message.,Choose reveal world ever main particularly outside.,Control yourself financial.,85507,Evans-Hoover,Approved,001-774-979-3083,"Griffin, Jones and Sullivan",Maternity Benefits,5d40b063-80db-4000-aa59-e152b705bc01,Family,2024-09-06,24379,674,2024-09-06,2024-11-11,GB13BGMH34943622803880,8b8a2bfc-ca02-4fe4-a50a-53b332abcaf3,Amber Payne,"0691 Brenda Cape Randyburgh, WY 10997",(685)417-0597x9748,keith50@example.com,Yes,2024-10-14,7379,Yes,Senior Citizen Health Insurance Plans
d35e6679-6964-4d88-9fb2-cfe8d4fdb857,CPT-13665,Annually,459bbb93-c0aa-431b-8064-cee7bf33233d,3471,Dylan Stewart,"Martin, Bean and Lee",Wonder leave significant world feel religious painting sound.,Hit final among social quite.,Bring check standard after trial song.,30012,Soto Ltd,Approved,+1-384-710-0376x8552,Parks-Trujillo,Maternity Benefits,71645e5c-31e6-44dd-8cb5-421c55ac4d90,Individual,2025-07-16,6002,115,2024-12-25,2025-10-31,GB35UELX61318024354669,bb46254a-bbfe-43c1-a640-158f3c69bc70,William Bradley,"71461 Waters Hills Apt. 747 Kingside, OH 85432",830.913.0613x253,reillykristie@example.com,Yes,2020-08-02,2956,Yes,Senior Citizen Health Insurance Plans
269e2129-88c8-43ac-8658-6b20d4e30ac9,CPT-59502,Monthly,a4e4e328-c74d-4c8b-8355-9186de567054,2479,Derrick Francis,"Williams, Callahan and Thompson",Win big region box.,Analysis reflect student few give successful room oil.,Recently reveal create development budget serious role.,79420,"Kelly, White and Rowe",Approved,465.860.8245x590,Jackson-Walters,Comprehensive Health Plan,8722c9b3-b4a1-47ed-ba37-8412ffa487ce,Individual,2025-05-03,91821,429,2025-04-11,2025-11-23,GB18ZUWM24379680504998,74cc352d-49c8-4b98-b6b3-099c56bea059,Andrew Shannon,"8710 Jacob Bypass Vanessaberg, AS 79463",494-981-8519,chamberschristine@example.com,Yes,2021-03-06,3596,Yes,Disease-Specific Health Insurance Plans
71827670-c8cd-4ced-a6eb-ecc9b8630a0e,CPT-44768,Annually,e0fdbc84-a6c7-464b-9f81-539c5cc3f785,46131,Joe Walters,Weiss Ltd,Same at phone treatment seat science.,As third meet suggest.,Staff part any economy.,56609,Gordon Group,Approved,656-389-4599x19118,Little LLC,Critical Disease Specific Plans,0be16114-9309-4cb9-88ae-dbee526b76c1,Individual,2020-07-22,76091,925,2020-02-27,2021-02-23,GB84MQDL19358263937512,42a5be57-1745-4f44-8040-49fd9b367482,Julie Foley,"4362 Kevin Brook Apt. 947 New Debra, WA 87322",7706734688,john41@example.org,Yes,2024-04-25,3745,Yes,Senior Citizen Health Insurance Plans
dc1e53f0-5f59-4c08-b276-0895abfaef15,CPT-94256,Annually,bb9cc9dc-52e0-43a0-aacc-fcc43b9931c0,8907,Patricia Wong,Williamson-Robertson,Receive serve sister tell.,Child eight education.,Wind pattern treat fast within every hard.,44068,"Anderson, Estrada and Bell",Approved,968-919-1819x842,"Baker, Cruz and Briggs",Critical Disease Specific Plans,8e5662af-0a07-49b4-bd76-f0f35e212306,Family,2020-06-04,36817,813,2020-05-26,2020-09-23,GB40UWOE00672417362040,8789139e-a2bc-44e9-b7e7-2cf0dd676b4f,Matthew Robinson,"200 Chad Manor Rojasstad, MT 67463",(215)477-5215,michael38@example.com,Yes,2021-04-23,1029,Yes,Senior Citizen Health Insurance Plans
83fbec50-6bea-4900-8848-4bba8d212ffb,CPT-90829,Quarterly,80c9cd15-cbfb-4ca0-ad3e-3368c5b5010b,6651,Kelsey Hughes,Palmer PLC,Never federal teach third.,Population hit want fine travel all bar.,Real pretty law certainly movement.,47935,Salazar-Gonzalez,Approved,641-451-2339x00419,Turner LLC,Eye and Vision Care,31a15771-921f-4cbc-a490-c859d8c1579e,Family,2022-01-30,76873,384,2021-11-23,2022-03-27,GB26LFXP20331345506033,17995eb7-9e4e-4fea-adf3-996d2c0f532b,Patrick Horn,"567 Odom Mills Suite 439 South Sarahfurt, WI 12997",+1-703-880-3228x47296,halljanet@example.com,Yes,2023-11-23,7675,Yes,Disease-Specific Health Insurance Plans
dd7ce2dd-9282-42b9-8255-9ce00403f0c3,CPT-73519,Monthly,fa388721-7029-4095-9ce6-c2b38567ea72,53924,Aaron Waters,"Smith, Pope and Jensen",Degree Congress try possible.,Bed culture wide she best head describe order.,Region report wish field lose dark happen give.,65226,Richardson-Bradley,Approved,001-579-790-1363x1265,"Griffith, Kent and Davis",Critical Disease Specific Plans,6957544b-86a5-4ad4-a910-6f5cf04635b8,Individual,2025-05-20,91357,446,2024-11-21,2025-11-04,GB95MBPH44285292949624,b20a8c7e-0ed4-4f3f-8ed8-4f2c07bf84c4,Kristine Stewart,"PSC 5983, Box 7334 APO AP 92029",867.729.9128x925,youngjennifer@example.net,Yes,2022-10-23,4440,Yes,Disease-Specific Health Insurance Plans
c92e6199-8882-432a-9e5c-6406a412d4b9,CPT-33457,Quarterly,f99dbf28-cf53-4aa4-aeae-63bc7f52fb9e,17091,Thomas Hayden,Williams-Kim,Rich possible hold exist design.,Light administration way must at.,Next no wall model.,60012,Smith Inc,Approved,372.319.0298x4158,Simpson Inc,Eye and Vision Care,2e3c9ace-0f16-4d03-9006-877e45c5ff67,Family,2023-03-31,33465,295,2022-09-02,2023-04-04,GB12HGQI71703403143948,43ae3caa-32d3-48d2-b991-02aef5b53fe8,Zachary Merritt,"67671 James Divide New Michaelburgh, AL 10146",+1-348-893-0720x7350,nshelton@example.org,Yes,2023-10-06,4012,Yes,Disease-Specific Health Insurance Plans
cf581558-bae4-404e-b530-35521e4730af,CPT-76064,Quarterly,72946cb7-1878-4091-a718-eb0627200741,23335,Stephanie Figueroa,"Franklin, Cruz and Robertson",Administration education how modern so book purpose.,Mouth itself your almost result.,Would else could student remember education room.,75297,Kaufman-Edwards,Approved,001-502-813-3494x19967,Le and Sons,Maternity Benefits,7e1a992c-c19a-4592-bddd-8d6f45a414f9,Individual,2023-12-20,43486,954,2023-09-05,2024-01-18,GB30OMHI78450925123812,0480477c-5f26-47b5-934d-5bc05ceb98bb,Veronica Smith,"101 Paul Rest Kristiland, AZ 62894",461.201.4899x988,wilsonalexandra@example.net,Yes,2023-05-29,4277,Yes,Disease-Specific Health Insurance Plans
c5be3412-b67b-41b9-a375-b19c777514a6,CPT-64393,Monthly,3115509e-b882-42ff-8ad9-0305f5be1bd4,17323,Joseph Barrett DDS,"Cruz, Chang and Gonzales",Push plant hit talk consider short.,Wonder civil such trial anything tree.,Special music professional analysis.,42798,"Esparza, Russell and Kane",Approved,001-792-714-9370,Stanley-Williams,Maternity Benefits,c30a96a0-c6e2-4afc-881e-33c8fa0be4d7,Family,2023-10-17,19119,555,2023-08-13,2023-10-25,GB92QDLU07354730499848,f41d0ffd-618d-4b3f-9f57-7c4b55477153,Sara Lopez,"85490 Bailey Turnpike Suite 403 Jacobtown, OH 40331",300.670.9179,millermichelle@example.org,Yes,2022-07-12,5340,Yes,Disease-Specific Health Insurance Plans
4db2e25a-9392-45df-b91a-8f9ba0b2af9e,CPT-34964,Quarterly,6bad6086-2404-477c-adcd-99eab360a066,23304,Michael David,Lin-Johnson,Goal sit attorney key case glass.,Record tree student director better new his protect.,Late let each center voice thought seat.,33548,Rowland-Rivera,Approved,5553075005,"Smith, Ellison and Johnson",Maternity Benefits,420d0fb1-8033-4aa7-a6f8-024adbc47a69,Corporate,2024-04-11,38234,197,2023-11-22,2024-07-01,GB21KSMN31428359982333,e9eedc57-3d67-4196-86bc-a08590a6f25c,Kristen Hill,"0289 Stanley Union Suite 994 North Sara, AL 14978",001-474-975-6176x5265,kenneth85@example.org,Yes,2022-08-27,7295,Yes,Senior Citizen Health Insurance Plans
2812ffcd-445f-4cf2-936f-ea6630d9ae9d,CPT-49293,Annually,1f203ef2-cc20-4282-a596-b9b1ce79e9cb,1033,Michael Woodward,French-Chase,Discussion here eat and.,Accept truth understand everybody concern dinner.,Decision usually agreement social argue run ok air.,57273,Bailey-Foster,Approved,976.466.3051x7834,Palmer Group,Maternity Benefits,1ec09264-1ac7-4049-a024-91bd2f3ca3d2,Individual,2021-12-21,8431,694,2021-08-02,2022-04-22,GB65LOKA11453361414507,2b5c4a60-613a-41c5-bdfc-e9177a823e75,Jared Gonzalez,"94539 William Drives Suite 693 North Nicole, MA 01814",786.973.1454,joseharper@example.net,Yes,2021-08-30,8644,Yes,Disease-Specific Health Insurance Plans
5f224cc2-803f-4097-a802-ac0d097ecff3,CPT-29185,Monthly,1a579e0d-6271-4e28-8851-9fa3dd4a197b,17750,Ronnie Smith,Blackburn-Kline,Suddenly respond charge perhaps.,In teacher record current modern.,System onto politics miss owner reveal rather.,10285,Schmidt-Yu,Approved,001-618-233-4581,"Robinson, Morales and Dickson",Comprehensive Health Plan,b4f286e0-ab6e-465b-8cc4-941235685d72,Individual,2023-09-19,38215,871,2023-08-01,2024-01-24,GB87EXPF81058786099361,6d0e8250-c497-47c2-807c-66b81ac81b45,Maria Wilcox,"202 Daniel Courts Gabriellahaven, WY 65485",001-520-563-8871,trobinson@example.com,Yes,2022-11-14,4149,Yes,Senior Citizen Health Insurance Plans
0a61ada9-d6dc-4db9-9b1b-182952b8df5b,CPT-83444,Annually,42a230b8-4b19-4a01-ad2d-5545dd547a79,24148,Megan Mckenzie,Henry Ltd,Eat leg someone camera include fund.,Record tax teacher gun likely high.,Beyond friend film there fall society.,82470,Baker-Tate,Approved,(565)523-4174x68981,"Flores, Collier and Reyes",Eye and Vision Care,e8f92f24-c419-4de5-8e67-13db81010b3f,Family,2023-10-10,59070,595,2023-08-26,2023-12-14,GB71BNCY16617642244762,67db738c-6a5d-4211-a210-a86cc0eb1c0d,Adam Floyd,"4516 Kara Islands Johnbury, NE 21329",649.205.7048x5534,patrickthompson@example.com,Yes,2022-04-01,9490,Yes,Senior Citizen Health Insurance Plans
9439a503-efcf-4e5c-9f78-567fe2caf07b,CPT-26776,Monthly,7807dd21-2811-4cf2-9e8e-fbf3e9ea1e99,8473,Adrienne Guerra,Serrano LLC,Break top bag street everyone.,Adult factor our clear of still long.,Really issue nearly ago design.,87202,Deleon PLC,Approved,+1-785-949-0325x873,"Jordan, Skinner and Murray",Critical Disease Specific Plans,c34d63a2-fa7c-49af-89dc-bbdb0f27fd62,Individual,2024-06-20,54419,772,2024-06-20,2024-07-26,GB69HBPC30298744440487,8a3e051b-ee0b-434c-8a42-b9a868022c02,Kyle Butler,"5440 Armstrong Ranch South Charlesport, MO 35923",672-745-1882x972,aaron19@example.org,Yes,2022-01-15,3608,Yes,Senior Citizen Health Insurance Plans
089a3328-8c59-435d-b74c-c11b08982f13,CPT-86034,Monthly,b4083ada-9640-4250-a67e-3b548474b474,14887,Thomas Myers,Ward Ltd,Owner evening there issue professional.,Baby election inside hour network analysis together.,Serve receive under person issue prove.,79757,Hicks-Holloway,Approved,834.649.4658,Harmon-Bartlett,Critical Disease Specific Plans,7a245576-1f29-43be-98ab-b27b8e2533cd,Individual,2020-10-20,60408,488,2020-07-05,2021-01-07,GB36FUIA43395834850798,2ceec8a4-7d0b-48de-a3d4-3400b949b36e,Larry Tran,"029 Glover Lodge Reesefurt, KS 17131",730-212-6170x3050,kendra42@example.net,Yes,2020-06-29,2715,Yes,Senior Citizen Health Insurance Plans
e3c5c5b4-fe3f-4443-b7db-d9368e983f61,CPT-66630,Quarterly,62de9934-b395-400f-ada4-3932da9c5dd3,2910,Wyatt Watkins,"Smith, Hayes and Ayala",Nation clearly green president decision try debate.,Join born with quite.,Mention ever couple paper probably leg.,95635,"Hinton, Bennett and White",Approved,001-838-865-4791x269,Solomon Ltd,Maternity Benefits,d5267002-f541-4b7d-b686-05596fe6cef2,Corporate,2020-10-18,12400,463,2020-09-25,2021-05-13,GB50AVGQ65430499280188,777f82f9-3fa2-4ed4-8bb4-1e6c9224bc6e,Andrew White,"043 Crystal Forks Port Dorothyfort, NC 97811",930-945-1668,robert35@example.net,Yes,2021-09-07,9985,Yes,Disease-Specific Health Insurance Plans
9f53988d-1e1d-4071-bc59-f3a82ef544e6,CPT-47971,Monthly,e48e64a7-6936-40c6-a462-d9fb4bda6658,4505,Allen Juarez,Cole LLC,Culture every maintain appear between Democrat there.,North later together research.,Notice instead key she.,16312,Vasquez Group,Approved,001-335-732-4596x32181,Brown Inc,Eye and Vision Care,04f5a24c-3c7f-4528-8f1c-152542ab572a,Corporate,2025-04-19,10098,831,2024-12-09,2025-06-12,GB02GCMH36638667853767,2c0847aa-644a-40cd-b2b4-b3f1e865061b,Angela Brown,"6766 Melissa Inlet Apt. 777 West Andreashire, IA 01436",001-228-654-7738x99210,sowens@example.com,Yes,2023-11-19,8577,Yes,Senior Citizen Health Insurance Plans
b2a38d57-340f-41a0-945e-d63162eb88e4,CPT-46458,Quarterly,800d7919-1ab5-455a-8ea5-2757a84d2f51,14348,Karen Koch,Montgomery-Morris,Center wall language.,Its sea human yet.,Style garden audience create.,77376,"Owens, Solomon and Irwin",Approved,9487150651,Benson Ltd,Eye and Vision Care,cee85ab0-6143-441d-8c94-cca81e22a391,Corporate,2025-07-11,80536,849,2025-01-15,2026-01-06,GB92OHPP74159118303440,60e34541-d330-4e7e-9940-4114dd22f5df,David Marquez,"431 Scott Alley Brandonland, PR 54469",898-982-0722,joelcarlson@example.com,Yes,2022-11-08,6445,Yes,Disease-Specific Health Insurance Plans
edd85542-5872-4181-aacd-4ec702880d41,CPT-11235,Quarterly,3b9cda3e-c607-4548-8d40-f90251aa1f02,54199,Lance Morgan,Gray LLC,I size voice far.,Decision seem guess exist cell.,Summer sometimes save base network less.,53728,"Guzman, Hammond and Patel",Approved,001-354-202-4018x906,Vega-Miller,Eye and Vision Care,4e9e1049-8853-4a27-99fd-2a8bc2e23fff,Individual,2024-06-18,96694,260,2024-05-09,2024-08-16,GB80PVZQ28197835595847,65fcca39-75d8-4998-8a54-01206e042f96,Debra Ryan,"35854 Austin Port Apt. 938 Port Michellebury, MH 87833",9572405335,ashley18@example.net,Yes,2024-09-24,8005,Yes,Senior Citizen Health Insurance Plans
386c25a0-1c94-4040-8de9-018d64cfb75c,CPT-73046,Monthly,86759cde-6473-4e5c-8d02-3ad579fdff8b,44517,Christopher Mueller,Schmidt-George,Road lot few idea.,Player health million way weight interest Mrs.,Space college new.,18108,"Perkins, Sims and Noble",Approved,920-950-9976x9175,"Russell, Powers and Wilcox",Comprehensive Health Plan,e9bb239f-a038-419e-9cac-f919b7851d8a,Family,2020-10-17,49191,925,2020-09-02,2020-10-25,GB77FUWM12618340174243,194a9cbd-a523-4981-824d-dc6e54fa94e5,Brittany Tyler,"9213 Jeffery Parkways Loritown, SC 98885",9395876829,annegillespie@example.org,Yes,2021-07-26,2248,Yes,Senior Citizen Health Insurance Plans
b0444709-ebc0-42d0-b9f5-840391368ae2,CPT-37147,Monthly,790e86c2-dcf9-4db6-8216-e3d256e8dc62,4723,Angel Hoffman,Cuevas-Williams,Ok hit message design increase seem.,Sure glass able door read southern.,Big responsibility represent various.,52847,Saunders-Howell,Approved,(813)946-0301x067,Alexander Inc,Comprehensive Health Plan,3afc0604-b32f-4213-9b66-95ecb6c4491c,Corporate,2023-10-14,19347,879,2023-05-19,2024-02-23,GB95QUKK67585280160863,62de3918-23de-4820-acee-f60dd22c7e5e,Amanda Moreno,"711 Todd Fork Matthewborough, DC 51896",5233374548,mfrank@example.net,Yes,2020-05-19,1863,Yes,Disease-Specific Health Insurance Plans
d60d780c-2e3c-45ad-9ff1-9ca79a3aa5c7,CPT-80361,Quarterly,c2fd9d4c-2a53-45e7-a6d8-bcc0956b29d6,19781,Raymond Smith DDS,"Swanson, Perez and Jefferson",Story walk make will show what.,Ability per color process ball.,Look let would life shoulder campaign.,14335,Bass-Perez,Approved,667.320.9089,Thompson-Morris,Maternity Benefits,ff73b340-5f0f-442d-811d-fc96a11a8343,Individual,2020-02-06,47783,296,2020-01-07,2020-04-16,GB36LDRX71159433808959,aa432c10-ec47-48d5-bda4-e14d1bdecb61,Edward Simon,"2330 Miles Rest Suite 509 Figueroamouth, FL 69519",+1-801-709-8135x929,williamstravis@example.org,Yes,2020-04-29,9194,Yes,Disease-Specific Health Insurance Plans
9b68295a-3220-4da7-b2ea-a70c6548e9c7,CPT-81241,Monthly,18f607bb-6f00-4bec-ba50-e5513b06f8fb,28371,Charles Gibson,"Miles, Howard and Preston",Response only institution hundred positive garden lose.,Small remain skill.,Human thought offer protect.,70333,"Alexander, Carpenter and Romero",Approved,730.534.2499,Martin Ltd,Comprehensive Health Plan,ba61d29b-17ec-464e-add3-55206faa184d,Corporate,2024-11-03,28382,839,2024-10-13,2024-12-12,GB41TGWW33353498371988,c3308b5c-46ea-4016-86d2-505a526f2739,Monica Russell MD,USS Perez FPO AA 92826,998.755.9477x05527,nfitzgerald@example.net,Yes,2021-09-29,1538,Yes,Disease-Specific Health Insurance Plans
a1804083-c74b-44cb-b3d3-5d0f3bfde4c9,CPT-82532,Quarterly,1e4a01bb-9a69-434a-bdb6-a0e59b697518,14035,Tonya Warren,"Baker, Wallace and Wheeler",Lot she also fund network important stand.,Star our pass.,Particularly exist success just medical.,99860,Greer-Oconnor,Approved,876.441.7562x85601,"Estes, Smith and Marshall",Critical Disease Specific Plans,48f45dc2-bde5-4433-804f-0ecef96ebdaa,Family,2021-12-09,15263,919,2021-11-29,2022-01-19,GB72ZGMA71901671319251,5ee5d24c-4aa2-42a4-a7c3-32676aabd949,Lee Howard,"706 Ward Ford Denisefurt, PA 00511",+1-587-961-0520x5638,christina81@example.com,Yes,2021-08-09,8514,Yes,Disease-Specific Health Insurance Plans
ac790c33-8dfa-45d0-ae98-9028e8ce60e7,CPT-65352,Quarterly,fbb023c7-564d-4bd0-8067-f789fae8c3d2,39801,Craig Garcia,Hampton-Gibbs,Professor notice subject down.,Use total source.,Down economy conference idea.,38620,Walker and Sons,Approved,329-909-4961,"Mason, Solomon and Bryant",Maternity Benefits,7646b01c-9a5c-41b0-a624-ea144290e836,Corporate,2020-07-16,46435,246,2020-04-06,2020-08-18,GB82TTYA95191089236467,59bbd82d-0ed8-42ed-8b34-3568c813a962,Kathryn Klein,"3591 Brian Brook Apt. 028 Port Brandon, NY 79928",861-467-7118x09954,uacosta@example.com,Yes,2021-02-01,3563,Yes,Senior Citizen Health Insurance Plans
6c3e57ab-0a49-490a-98f0-6686187bb118,CPT-26342,Annually,70e1ce1b-859f-4fac-838c-7b7fb7b2c5ed,3703,Regina Allen,"Johnson, Clark and Brooks",Religious tend she when.,Ask town because increase ball raise every under.,Experience high get least.,83905,Smith LLC,Approved,948.485.8409x7099,"Richards, Baker and Brown",Maternity Benefits,4dc0bf48-21eb-4210-81a8-439a990cdaa5,Individual,2024-04-11,6405,372,2023-12-10,2024-04-12,GB62NLDO44069262157629,30c8d18a-ad40-4de0-b0cc-8ada6343a858,Kyle Hamilton,"6224 Solomon Bypass Apt. 980 West Patrickberg, MO 43200",+1-311-903-8522,smithspencer@example.com,Yes,2020-07-09,1114,Yes,Senior Citizen Health Insurance Plans
85268383-3405-4eb4-8db8-b711e151fa1a,CPT-13377,Annually,6203f2fd-44e4-45c3-948b-db9a0e99cc4e,5819,Andrew Price,"Williams, Michael and Gardner",Magazine tell significant know require.,Morning chair certain tell.,Oil year business money.,42587,Allen-Brown,Approved,4496924776,Wright and Sons,Comprehensive Health Plan,7d170191-07a4-4757-81ad-b186ef13f115,Family,2021-08-08,20580,132,2020-12-05,2021-10-11,GB54QGBS25192345203654,0c92c4ae-d694-4781-8b6b-b759dd276856,Juan Holt,"378 Bartlett Locks Apt. 537 West Daniel, ND 12885",567-393-9648,micheleeverett@example.org,Yes,2020-04-13,4202,Yes,Disease-Specific Health Insurance Plans
6b02a801-5109-48c9-abae-e20b42e7a692,CPT-56405,Quarterly,2c750dff-142b-4763-a5a6-a8fd785a58de,43411,Lauren Carson,Short LLC,Billion stop produce.,Military choose when south just.,Least rock time bank.,45684,Carson and Sons,Approved,001-265-917-6569x302,"Thompson, Drake and Reed",Comprehensive Health Plan,7589c4cb-638b-423a-a931-ec147024def7,Corporate,2021-05-18,74356,882,2021-04-15,2021-06-03,GB61EGVL25191757634280,6be8edc2-ec98-4560-b5ce-5792701634f2,Lee Townsend,"3672 Caroline Freeway Suite 964 West Kevinmouth, OH 82264",+1-770-505-7579x2884,harrismelissa@example.net,Yes,2023-09-03,4858,Yes,Disease-Specific Health Insurance Plans
62dc11b3-8e22-4f74-8bfd-6f3ab7f03bcf,CPT-98825,Annually,6c62a7da-28a3-4421-abe6-9c3d0b8305b8,14477,Elizabeth Carlson,Griffith Group,Prove door evidence expect.,Would role thousand do type concern other.,Security send along visit international protect hold.,12919,Johnson LLC,Approved,001-288-310-1556x68115,Hunt-Jackson,Critical Disease Specific Plans,f0c7bab5-72a4-46a9-91ce-44027b17b938,Individual,2021-09-06,75570,755,2021-07-19,2022-05-06,GB02QSNO43252259931327,4b6bd68a-a582-4c93-af8b-8fbb4ac56836,David Reynolds,"510 Brown Mill Apt. 835 North Sean, AZ 44599",665.431.5429,ppage@example.net,Yes,2024-01-14,9430,Yes,Disease-Specific Health Insurance Plans
6f87f691-554e-4f9c-945f-1b43c38b4f9b,CPT-22399,Annually,8e17be2b-9bc2-4fbb-99bc-0af0d1cc1011,10678,Tyler Norton,Quinn Inc,Son Republican everybody evening thing.,End toward crime subject size argue stock paper.,Story friend clear measure sometimes involve green.,13420,Silva and Sons,Approved,+1-944-432-9275x3022,"Jones, Patel and Grant",Eye and Vision Care,16e82545-1f11-4236-af3f-74d95824fc24,Family,2021-08-29,37945,811,2021-06-26,2021-09-21,GB58NTPA10679573177565,eda04050-d311-4fe4-979c-cb9cce00309d,Christopher Rangel,"9109 Lam Walks South Jeffreyborough, GA 36440",(461)939-5596,davidblack@example.org,Yes,2024-08-17,1683,Yes,Disease-Specific Health Insurance Plans
e9607c3e-b240-4179-b1a6-cc8d2fc8f2fe,CPT-68665,Monthly,1dbec8c0-2487-4372-a194-c54162316344,45740,Lauren Williams,Crawford PLC,Note degree idea already pull great sort add.,Behavior field perhaps class.,Me near how wide.,41497,"Fisher, Colon and Thomas",Approved,(504)768-9053,Johnson-Zimmerman,Comprehensive Health Plan,49230602-3515-4636-9cec-9357714fdc30,Individual,2023-05-26,48849,266,2023-03-17,2023-07-11,GB37UIKC55443852202755,96c86c0f-cb08-4640-b7e0-eeaac181e9f1,Briana Watts,"36011 Gray Creek Knappmouth, WA 15974",+1-385-422-2161x461,curtislauren@example.net,Yes,2020-09-08,8882,Yes,Disease-Specific Health Insurance Plans
eb818043-2939-4d3f-ae9e-d8599b65ba31,CPT-36801,Quarterly,15a1abd4-a1ee-40a4-8529-0c2e20fef5f7,22304,Bryce Vasquez,"Wallace, Williams and Morgan",Cup meet red management answer case protect.,Sell hit apply watch.,Similar Congress woman reach.,84308,Anderson-Moore,Approved,918.422.3046,Mays-Brooks,Eye and Vision Care,39a496d2-786f-45b1-b5a7-b47f59a8bff7,Individual,2021-10-23,83090,480,2021-04-05,2022-01-29,GB15IPPS53004562361387,262bc352-e8d6-491a-b2b8-9d4ef655166a,Charles Schultz,Unit 6852 Box 4181 DPO AA 33441,001-888-632-3430,mwilson@example.net,Yes,2024-12-23,9502,Yes,Disease-Specific Health Insurance Plans
c488273c-dfa3-4734-a202-5f2a06ed1952,CPT-86702,Annually,3799eaa6-1337-4b84-b091-5b44acc89a30,4003,Anthony Blankenship,Guzman-Clark,Contain ability message teach.,Under statement authority and investment focus carry.,Detail maybe past west owner rule process.,87711,Newman LLC,Approved,771.491.8061x5560,Robinson Group,Eye and Vision Care,6be91883-8ea7-4d0e-8ab4-cb8bccacfddc,Corporate,2023-06-13,6260,555,2023-04-25,2023-07-10,GB32PXXW50382099626960,acc5860f-6e04-4473-9cba-5a76666f9d0b,Jody Hancock,"75274 Heidi Glens South John, PW 11992",(572)864-1627x5001,audrey15@example.org,Yes,2020-11-20,9968,Yes,Senior Citizen Health Insurance Plans
21ccef0e-541d-4d08-add1-c9402dbb97e4,CPT-76872,Annually,eb901338-0abf-4f80-9a10-6e5cd0e48aa6,65631,Jesse Chambers,Orr-Thomas,Attack very make low occur.,Able manager forget outside citizen purpose.,Marriage involve will accept world recognize effort space.,70326,West LLC,Approved,(482)226-4563,Browning-Duncan,Comprehensive Health Plan,fe2375ce-90c3-43f5-be63-9f85d9ace8ca,Individual,2020-06-11,83284,432,2020-05-09,2020-06-20,GB26OREN07103058483284,7500f3cb-5b9e-4166-b2cc-a70ca3f7e29c,Peter Hill,"13191 Ronnie Plaza Carolinechester, PA 03178",418.838.9380,brittany03@example.org,Yes,2024-03-17,6262,Yes,Senior Citizen Health Insurance Plans
0ed42303-fbaa-4d67-a9ad-d711507e773d,CPT-59232,Annually,848c7631-81d7-45c6-afdb-fc88e163e629,26427,Steven Blake,Sanchez PLC,Show among under including art state.,Factor concern change wish black knowledge teach.,Wonder near six professor adult.,58403,Murillo and Sons,Approved,396.238.5882,"Tapia, Quinn and Mcdonald",Maternity Benefits,9d0fd522-e99d-4e9f-9c49-f37650d642c7,Individual,2020-09-27,61349,369,2020-06-29,2021-06-07,GB93FRUY16808293450201,8931bfb1-fd3d-489b-9f04-93fffb1a1e29,Kenneth Martin,"79809 Andrew Mall Williamland, OH 90649",861.223.7966x3107,ellisglenn@example.com,Yes,2024-06-16,4725,Yes,Disease-Specific Health Insurance Plans
b74c5261-2ea8-442c-9743-445d30d03f99,CPT-22820,Annually,7abbb7bd-c48c-4cf3-adc1-149f86916b45,29285,Jillian Walker,Duncan Ltd,Power first wall gas feeling.,Wall behind scene water.,Occur total too sit official main.,41255,Sims PLC,Approved,532-438-1249x655,Lawson PLC,Critical Disease Specific Plans,094f5f95-fe56-4323-a949-a85bb62c1156,Family,2024-10-29,61932,439,2024-02-04,2025-01-08,GB11FJID82004223119623,6acc1095-09f2-4997-be25-13e8e95ac174,Michael Jones,"44389 Christopher Summit Apt. 919 Port Williamland, PW 69782",(241)242-3341,jessicawilliamson@example.com,Yes,2025-02-25,7858,Yes,Disease-Specific Health Insurance Plans
d209046f-007d-430e-8912-2d17838ab386,CPT-51526,Monthly,20b5ea84-d092-4994-b3c0-b28df67e3182,42833,Jade Henderson DDS,Bolton-Berry,Record social heart speak.,Tax and individual throw term entire upon.,Without eat someone statement strong.,66182,Palmer PLC,Approved,233-637-1183,"Russell, Randolph and Stephens",Comprehensive Health Plan,c6e39dea-35b7-48b6-a86f-a941b4c990b5,Corporate,2024-02-17,98304,160,2023-09-24,2024-02-24,GB69RMSW09720782674632,121282e3-76d4-4867-be26-857241da0e3f,Monica Hill,"149 Patel Turnpike Suite 921 Crosbyshire, NY 98900",(759)798-3340x97905,walkersandy@example.com,Yes,2023-01-05,8754,Yes,Senior Citizen Health Insurance Plans
ae2581ff-2b8a-4eee-95a5-dafdd3fee1da,CPT-57535,Quarterly,07bb42d5-3ff1-4482-8517-5e4f8487ab1f,12041,Mary Walker,Morales-Dominguez,Evidence bank require important collection under body.,Sort school thing speak.,Music visit conference.,57682,Gilmore-Johnson,Approved,001-738-950-4037,Mayo-Collins,Eye and Vision Care,29a78d90-b534-4289-8712-8019912c1aba,Individual,2024-08-26,40225,267,2024-06-01,2024-09-04,GB36SLYZ73167308268357,eca4e7ba-6db7-4b91-9b2f-56909ae0a385,Michael Henderson,"22494 Isabella Stream Suite 250 East Travis, TN 50001",(801)786-3365x899,davidsonkatherine@example.net,Yes,2025-02-27,9823,Yes,Disease-Specific Health Insurance Plans
68af9c29-7644-4e62-8d6e-42c2a12e4f6d,CPT-70114,Quarterly,e0289190-fbe6-4a0e-9578-00291891eeb4,40578,Michelle Lopez,"Anderson, Wiley and Lee",Cost ever join.,Office scientist again off north focus dark.,Result soon apply skill.,96936,"Jordan, Bennett and Cross",Approved,677-695-0151,"Rodgers, Williams and Armstrong",Critical Disease Specific Plans,b120c66a-2e75-48ab-b067-439f59bffa33,Family,2021-06-20,67236,556,2021-05-11,2022-01-03,GB56RHHN51304683218700,a618cca8-960c-40e8-bae2-22b6ce950b5c,Helen Meyers,"29335 Weiss Path East Lee, WV 72375",+1-528-596-2860x496,briannaturner@example.org,Yes,2024-08-02,8767,Yes,Disease-Specific Health Insurance Plans
2b24e810-b38b-4d9f-8384-7dc33a0fd8f5,CPT-31819,Monthly,8d92e0e0-9222-453e-89dc-85e9786fd551,32086,Michael Mathews,Shaffer-Jones,For mention own player side.,Model similar itself either arrive message.,Seek and create white describe close require.,87007,"Poole, Fleming and Rogers",Approved,001-618-838-0308x0680,Johnson-Bailey,Eye and Vision Care,09ae6187-eeb4-4cbf-b656-b2b0f80592a9,Individual,2024-09-30,63820,414,2024-05-15,2025-04-20,GB03GUMV42483786361275,628dc617-b1a4-4e75-82c0-88e3dd8fa63c,Nicole Ellis,"451 Berger Road Apt. 611 Lake Catherine, DE 20715",+1-852-445-2716x07130,aaron01@example.org,Yes,2021-04-16,6402,Yes,Senior Citizen Health Insurance Plans
dc3178e4-c986-422c-9450-055d00ede3d6,CPT-45329,Annually,3aed5a4c-a434-4758-9bce-81a4c0bb9ee1,12619,Elizabeth Miller,Garcia-Simmons,Present take more resource paper power ten.,Blue technology involve close guess chance.,Television hold general number.,83952,Fleming PLC,Approved,722.667.5100,"Nichols, Roman and Hall",Eye and Vision Care,940de65c-9f27-4e9c-9bdf-0d44d33357ca,Corporate,2024-07-30,31576,448,2023-11-16,2024-08-09,GB22HHLJ90555282684688,bbeace82-8ce0-44ca-8317-368d38269be3,James Hudson,"577 Pruitt Ways Margaretshire, DE 99329",(765)526-3345,kimchristina@example.com,Yes,2021-03-26,5481,Yes,Senior Citizen Health Insurance Plans
a6d44ab1-836c-4c85-8c03-0b8d368c3917,CPT-57916,Quarterly,b13be9cc-5cc0-4fcb-9e40-4132f4da5149,1328,Robert Hopkins,Bailey-Lindsey,Bag everything structure phone.,News raise party.,There police glass model.,1477,Clark Group,Approved,7815037818,Johnson and Sons,Eye and Vision Care,c41b5758-919d-48be-bcf8-53bbb88f6d57,Corporate,2025-07-31,85350,546,2025-02-26,2026-02-08,GB14FFUJ18948940241037,25887ee4-24df-438b-8a05-2328b2919ef9,Dana Boyd,Unit 6767 Box 6392 DPO AE 59444,+1-573-949-2524x0087,roberta12@example.com,Yes,2021-10-20,8260,Yes,Disease-Specific Health Insurance Plans
c51b8478-a714-4dfc-9e9d-289d20a62eb7,CPT-26336,Quarterly,fc809697-7a6f-4d64-8629-e49e81b530cb,14665,Melanie Walker,Stephens Ltd,Learn company challenge agreement we.,Drug believe later sign finish.,Sound natural pick force.,34266,"Gomez, Byrd and Wood",Approved,913-317-5453,"Martin, Owens and Moore",Eye and Vision Care,82986972-496f-4e46-8a15-921429d6cf14,Corporate,2024-12-12,18567,697,2024-10-12,2025-08-18,GB78MSXU68276106039075,70338c49-71e9-4130-afb5-4adcc5b0581b,Shannon Wright,"94718 Alexis Isle Hancockborough, OH 83962",(872)691-2643x364,jeffrey29@example.org,Yes,2021-12-29,3903,Yes,Senior Citizen Health Insurance Plans
fe2a7245-557a-4ca0-9dfc-782768e64afe,CPT-87198,Quarterly,b0c5ec42-3876-4a13-9190-0b4c79b6e340,35595,Casey Estrada,Wilson and Sons,Look side must recent local keep great.,Order leave exist parent collection knowledge writer.,Finish doctor effort director unit buy at.,73050,Moore Inc,Approved,(203)220-3435x78497,Hernandez-Jordan,Eye and Vision Care,64ad7a73-eec4-450c-a860-7553b7b9f362,Individual,2023-01-23,43775,312,2022-06-25,2023-03-30,GB35LHOK40274364783488,9dbe3e5a-5b58-4acf-9c04-0da4192ed58c,Robert Gilbert,"1479 Martin Islands Apt. 907 North Wendyfort, IL 63093",001-854-383-5286x77033,smithmalik@example.org,Yes,2023-03-07,6692,Yes,Senior Citizen Health Insurance Plans
7dfc3a57-a9e1-4c9f-8074-cd69175e958a,CPT-48715,Quarterly,2b3f6694-d754-46f0-a0e8-2f473b5cc5a1,10376,Brian Hall,Miller-Carney,Since few half station let about.,Career bill college conference contain hand store talk.,Sign already activity where movie detail.,58385,Aguirre PLC,Approved,428.260.3569,Elliott-Robertson,Critical Disease Specific Plans,06b4797f-603a-4904-bf3e-239624ee7849,Corporate,2024-05-17,49035,356,2024-01-25,2024-09-14,GB83XWPI90329087353662,6ef2c1d8-b4c2-4afd-9536-063b8655e495,Michelle Farrell,"757 Alexander Mission Torreshaven, IA 52667",578.690.7711,kirkthomas@example.net,Yes,2025-04-06,8435,Yes,Disease-Specific Health Insurance Plans
a5303930-17b2-4c1d-ad7d-b3593c26724d,CPT-69702,Monthly,ecedd0b4-ffe4-40bb-951f-33433340a624,52730,Dominic Smith,"Flores, White and Walker",Identify born rock.,Impact prove form hear allow too property.,Huge town camera shoulder southern carry name us.,44190,"Morris, Gonzalez and Young",Approved,(922)604-6186x129,Mcdonald Ltd,Comprehensive Health Plan,a9b19dcb-951f-4fed-a3a8-8441750c65a7,Individual,2021-05-27,96521,283,2021-05-12,2021-10-05,GB42SCVX02705298331985,6426fe6a-f9ab-407c-a6a3-618872df6fb3,Michael Ramirez,"1305 Hughes Center Apt. 095 East Johnfurt, VA 90407",923.986.7324,thompsonroberto@example.org,Yes,2022-02-08,5220,Yes,Disease-Specific Health Insurance Plans
fd432829-9b89-4ccf-9e50-e935a5e61dcc,CPT-78451,Annually,1c216106-d6ad-4c5f-890d-59f71c5a5132,49580,Sara Foster,Jones-Smith,Couple she air.,Husband final almost picture.,Hour space major impact place take.,17247,Cooper Group,Approved,001-887-948-5631,Thompson-Oconnor,Critical Disease Specific Plans,b7926815-9193-4df8-9d7e-61144475c5f9,Corporate,2021-03-10,70829,260,2020-11-29,2021-03-21,GB33EXKR57445528409392,9dd26d03-723a-4909-9aa4-ea9739e0a9d2,Jay Proctor,"5539 Dawson Mountain Amyton, SD 41492",+1-204-789-0469x854,juan22@example.org,Yes,2023-02-25,5556,Yes,Senior Citizen Health Insurance Plans
2c99ba54-2cd6-40bc-abb2-d50c950c0c42,CPT-45717,Monthly,b95d7ff5-c3ee-4606-b308-0e7b449e700a,1393,Nicole Pacheco,"English, Rodriguez and Douglas",Again think agency.,Administration century range.,Put or prevent safe provide toward.,3125,"Ashley, Robinson and Martin",Approved,(749)467-8512,"Mclaughlin, Alexander and Graham",Comprehensive Health Plan,d609377a-5046-43fe-b9c4-711ca6ce31bb,Corporate,2020-08-31,17680,842,2020-05-17,2020-10-25,GB07UYDQ38671271398819,5f72c2d1-5058-40f5-8d7d-f214f4030bc1,Mark Perez,"016 Eric Gateway Suite 169 Lake Dianestad, AR 89412",532.856.6442x2192,cookcaitlin@example.net,Yes,2020-01-06,7715,Yes,Senior Citizen Health Insurance Plans
1f42c429-ce74-4d65-b3cb-5157d3127c76,CPT-86608,Monthly,1147bd35-9ce1-4e47-9dbd-87972f2e4be6,6930,Kelly Cox,Williams Ltd,Pressure difference its which.,Total car if.,Position reach over.,17821,Villa and Sons,Approved,001-210-867-0739x114,Nguyen-King,Maternity Benefits,77fc4860-ea6f-4856-add8-b9843cba5c2d,Family,2021-05-16,97969,448,2021-05-15,2021-10-17,GB94KFBK98335664995061,581fb575-a27f-4864-99d8-6397b8ed4cb9,Melinda Lynch,"713 Blanchard Light Sarahfurt, GA 03927",909.297.0950x199,ygarcia@example.com,Yes,2021-12-12,5782,Yes,Senior Citizen Health Insurance Plans
987234ad-be65-4ec9-8197-70963bd8d474,CPT-45507,Quarterly,d9cf2fd3-7ee8-4c20-9c15-c999faf8f90c,21052,Marc Montgomery,Washington-Holland,Everything seven must forget attack.,Brother manager final skin product staff anything our.,Recognize sing same enjoy which.,80058,Smith-Ward,Approved,589-283-7753,Garcia and Sons,Critical Disease Specific Plans,b809dbfa-6024-45cc-b884-b9e4e292e3a9,Individual,2023-02-21,50557,444,2022-12-13,2023-03-12,GB48CSSV79116318768141,09ea5d31-74f2-4123-90c6-888b9f5091d4,Kevin Velazquez MD,"73242 Campos Village Port Meganport, LA 03302",+1-456-960-6978x196,fgibson@example.net,Yes,2023-02-05,3775,Yes,Disease-Specific Health Insurance Plans
39e0e959-e595-4282-a0e6-5339999a8e3e,CPT-80072,Annually,4892fdbc-cf0f-4c1f-a3b6-5e90c483690a,39349,Jessica Elliott,"Wilson, Jones and Lawrence",Especially smile lay college order sort.,Continue win help short.,Rate positive month board cup break have.,31327,"Gutierrez, Smith and Brown",Approved,469-284-1909,Graham Ltd,Eye and Vision Care,388bb6df-5aa3-4d90-bd28-409d314d5011,Individual,2023-03-16,44644,720,2023-01-28,2023-11-22,GB36OEUX22087496423080,9aebbcbe-f5b0-45b8-807c-a03f23b06869,Angela Prince,"085 Angela Trafficway Murrayborough, MI 32712",817-727-9244x9788,lisamorrison@example.net,Yes,2021-04-14,5815,Yes,Senior Citizen Health Insurance Plans
26049fe9-055c-4935-90ad-50fae042099b,CPT-16731,Monthly,3ea76bc7-0300-4199-a6af-f925391914c8,25840,Miss Kelly Martinez,Wu-Nguyen,Response star process mission ahead teacher buy full.,Her data time summer wait material mouth.,Can every many contain.,1190,"Jackson, Greene and Perry",Approved,791-459-0643,Lindsey and Sons,Comprehensive Health Plan,7ca2955e-ad34-4cc2-8072-b2faefc16206,Corporate,2020-05-03,35811,535,2020-04-12,2020-09-08,GB69NABZ56891195375627,30fcbad7-9dc7-4cae-9efc-ac559a5de994,Dr. Joseph Stewart,"2744 Karen Alley Batesview, NJ 11916",613.332.2821x571,rodgersraymond@example.org,Yes,2022-01-31,9850,Yes,Senior Citizen Health Insurance Plans
e032c512-04ed-43c3-8c25-882db59e81d1,CPT-94293,Quarterly,6e787234-e260-4257-8e43-adb83b9da537,23410,Sheryl Moore,Anderson-Colon,Pm can practice day.,Responsibility four treatment stage week science protect.,Together hot laugh at.,39752,Allen Inc,Approved,+1-631-394-1919,"Blankenship, Ellis and Herrera",Eye and Vision Care,d7760ff2-4b4b-43b0-b084-1ebe48c09d6b,Individual,2020-07-02,70682,487,2020-05-03,2020-07-05,GB17FMKZ32462596908742,25428c17-7f05-4cf5-9d81-eea26550b3ee,Christopher Arellano,"000 Scott Crescent Nicoleville, CA 68239",301.384.2371x280,browngregory@example.com,Yes,2020-02-14,9815,Yes,Senior Citizen Health Insurance Plans
a3455cc4-7cc5-41f3-9920-4f630b7ad2eb,CPT-35750,Monthly,1b80a86b-7e5c-4920-a4d8-5743df71dff0,43310,David Turner,Price-Reyes,Wait suddenly respond kitchen tell itself foot.,Scientist senior institution respond baby wonder.,Business we create child American American international.,89290,"Graves, Perkins and Stephenson",Approved,485-610-2824x8032,Hardy PLC,Maternity Benefits,f28178e5-8219-482a-a431-64e5ea7d1e32,Individual,2021-03-30,43955,426,2020-06-09,2021-06-04,GB70PZEM95200407514497,e436da29-3242-4f56-87c1-7dd0b0c6bb17,Tammy Pena,"65628 Rachel Locks West Jamesmouth, KY 42775",+1-478-849-6103x68047,christopher51@example.org,Yes,2022-10-29,9538,Yes,Senior Citizen Health Insurance Plans
891d40d1-9fd4-42a7-be52-11bbcea2fe90,CPT-23460,Quarterly,c87956be-42ef-4d9d-b7a7-222e77a0e0bb,9378,Edgar Sutton,Williams-Perry,Heavy dream outside hotel order interview claim.,Mouth decade six actually natural.,People speak minute natural pattern.,72359,"Fleming, Burgess and Leblanc",Approved,+1-526-956-9819x428,Hernandez Inc,Maternity Benefits,7552c9d8-03f8-4123-b7b9-e802c3564456,Individual,2021-01-24,15840,582,2020-07-09,2021-01-30,GB09RVJS58547251822557,f0efd912-bd07-4669-a16c-296ecb20a5dd,Willie Washington,"57221 Jeffrey Knoll Apt. 893 Gregorychester, IN 07730",625-915-5655,jason24@example.org,Yes,2021-11-07,9985,Yes,Disease-Specific Health Insurance Plans
ce682d3d-3e3d-49a0-bdf6-75ef79144e5a,CPT-12227,Quarterly,f4c00eb2-ee30-4e78-824f-1c5ce560594e,10610,Erin Clark,Green PLC,That talk speak allow drug question risk.,Serious kitchen detail.,Cover want put music early work.,64669,"Taylor, Carey and Foster",Approved,+1-453-936-8617x230,Cruz-Webb,Maternity Benefits,16162412-10cd-4c89-8034-8f2596c85c41,Individual,2024-10-22,31926,858,2023-12-21,2024-12-01,GB62SBWN02694499893027,0bcc9c17-3f15-47fd-bb68-21048659e36c,Philip Jones,"63951 Penny Center New Amyside, RI 33501",278.599.5180x35771,garciashawn@example.net,Yes,2022-03-17,2470,Yes,Senior Citizen Health Insurance Plans
7679d150-467c-44f7-bbf2-65187f363a26,CPT-93451,Monthly,cfdd782a-0e89-4785-a9a6-d07c2b06e1e4,43454,James Romero,Taylor Ltd,Fear begin current heart social sit pattern.,Citizen mention visit.,Station early brother professor public away up.,43246,Hernandez-Stanley,Approved,988.219.3428,"Mccarthy, Wilson and Morales",Critical Disease Specific Plans,a338a4f5-c02a-4db7-9bbd-ceae8c08f532,Corporate,2021-02-15,83273,350,2020-05-08,2021-04-13,GB66NXER79529100081269,052e64d4-707f-4e0a-8ca5-31d5510bc39e,Jacqueline Bell,"8681 Jeremiah Street Watsonburgh, AL 47288",983-525-1377,pgray@example.com,Yes,2024-06-13,1987,Yes,Disease-Specific Health Insurance Plans
0b4da6cb-77e1-4a43-94fa-e18414823f4d,CPT-90559,Annually,c01959d7-7f25-42ec-b6d9-40e98b90639f,24181,Pamela Lewis,Morgan Group,Customer line appear reflect option message.,Travel describe offer game western.,Describe doctor deal we hundred place bad suddenly.,82032,Mcdaniel-Harris,Approved,502-390-4747x998,Guerrero-Holt,Critical Disease Specific Plans,32207339-e616-49f8-8865-af6c67ee4c6e,Family,2022-03-30,25614,457,2021-07-20,2022-04-11,GB26JNYC48086140558232,b0c0c00d-ffa0-4ac2-8a84-ffd28d5aca32,Gregory Landry,"5762 Yolanda Greens Suite 944 Diazhaven, OH 76677",+1-479-912-0068,qberger@example.org,Yes,2023-04-05,3014,Yes,Disease-Specific Health Insurance Plans
4fe64344-6cae-4015-822b-7df44b055b21,CPT-48042,Quarterly,9d9d8389-4727-4698-97c6-5178109b7abd,11379,Candice Mendoza,"Delgado, Smith and Harris",Field little record.,Name team same color visit race.,Skill air person protect.,32494,"Vega, Lee and Casey",Approved,(470)741-1078x15430,"Webb, Luna and Allen",Comprehensive Health Plan,1049cb5f-1d34-4f69-81a9-9060596341b0,Corporate,2025-01-25,82806,228,2024-09-17,2025-03-20,GB33CYWD23454760949135,0100fcd8-a862-4563-93ca-c5097d9199b1,Jeffrey Simpson,"011 Fuller Expressway North Daniel, CO 94722",001-820-880-9991x884,derrick00@example.org,Yes,2021-11-01,4590,Yes,Senior Citizen Health Insurance Plans
534cf9d6-2eba-4100-87ba-0a7bd3719364,CPT-46817,Quarterly,981cf516-416d-4881-8de6-05820f1bdb48,63057,David Li,Turner PLC,Range choice drug suffer bank appear.,Them support sell political Mrs notice laugh together.,Thus when from.,63083,Clark and Sons,Approved,701.931.3478x7436,Scott Inc,Maternity Benefits,2a3b787f-b945-47ec-bef3-b4b4d9b46e53,Corporate,2021-06-24,67255,503,2021-05-03,2021-07-09,GB26GTKF62637250771156,972ab1e9-c8b6-4967-a48a-fb714ce15c63,Carmen Hurley,"9877 Charles Loaf Suite 354 New Brianbury, CO 94240",(962)894-5156,april03@example.org,Yes,2023-09-26,2323,Yes,Senior Citizen Health Insurance Plans
6164a475-aed3-437b-a11b-8247a0d4071c,CPT-48332,Annually,8adf0d99-3c9b-4774-a191-e23325e8d5bc,5731,William Thompson,Christian-Taylor,Treatment part light.,Able month structure around.,Move strategy front should watch Mrs.,21753,Pace and Sons,Approved,360.340.8078,Guerra LLC,Maternity Benefits,c751c651-c6df-40ae-881f-d6b8b04a16df,Individual,2024-01-12,36539,572,2023-12-24,2024-01-29,GB47LPTE88795610602067,8407c4ec-db82-4ace-abbc-62ff45a84e53,Stephanie Kelley,"4088 Vega Corner Suite 037 Nielsenburgh, FM 22016",+1-354-219-6608x0515,johnsonkeith@example.org,Yes,2024-01-14,1295,Yes,Disease-Specific Health Insurance Plans
f5e21dd9-c490-421e-96df-d36691cde2d0,CPT-68459,Annually,c37b7ec3-7898-43c7-8183-dda22e21c672,66976,Diane King,Malone LLC,While present coach own quickly small air.,Onto describe parent fast.,Real event walk range edge view some.,38321,"Bradley, Ramirez and Sanchez",Approved,4464563563,"Olsen, Hansen and Valencia",Eye and Vision Care,78ebc782-bcb7-440a-a911-8e0c05a89fcf,Individual,2023-10-11,72547,208,2023-09-04,2024-02-14,GB56UDGE77469778837103,b5dbd82a-f251-429e-82c4-80289da499e1,Paul Lopez,"4262 Mike Meadows New Lisaville, AR 37920",626-471-3920x43746,watkinssteven@example.org,Yes,2020-08-20,2803,Yes,Disease-Specific Health Insurance Plans
ac53bda8-6be8-48f4-bf5d-cfdcbc0de846,CPT-78918,Monthly,39850db6-e8b8-4055-ac21-3f7033e38d35,35462,Lauren Garrison,Dyer Inc,Billion else everybody add often Mrs past.,Across marriage media too give somebody size natural.,Truth imagine one strong official might difficult.,29626,Gonzalez-Gomez,Approved,+1-569-778-5716x013,Harris-Scott,Comprehensive Health Plan,1aff3d99-51c2-4791-9c7c-5f6d2547c05f,Corporate,2022-09-02,46770,479,2022-05-13,2022-12-01,GB81KTYT15185344410964,1fc56140-7535-401b-8899-fdde4a4bd7a0,Brandon Miller,"4904 Michael Pike East Stacy, MT 29584",650.913.5223x8173,elizabeth70@example.org,Yes,2024-10-22,4645,Yes,Senior Citizen Health Insurance Plans
4167a7bb-107e-4b53-b7ba-d4a672411987,CPT-11914,Annually,39058d41-12cf-4772-8551-f1054d4712bf,33626,John Watts,White-Wood,Affect federal senior worry quite image quite.,Safe toward common.,According always edge suddenly technology.,78721,Hill Group,Approved,3068120926,"Griffin, Le and Scott",Eye and Vision Care,fde8d73e-d97f-4560-bf14-7ebcca7ac6db,Corporate,2024-05-11,48610,631,2024-04-15,2024-06-29,GB81FWUY55232021579904,95b3944e-e0a4-487a-b1cf-546b63048131,Natalie Matthews,"318 Edward Isle South Johnland, GU 78974",001-343-667-9677x600,darren14@example.org,Yes,2022-04-27,7189,Yes,Senior Citizen Health Insurance Plans
020d9908-3522-4559-bf98-88b6e418bc6a,CPT-25490,Monthly,e0ed312a-dc56-43e8-bbf7-e04b6b1edba5,66925,Erin Cannon,Baldwin and Sons,Information operation thus fish.,Method friend half trip.,Like long shoulder cut gun phone star.,41896,"Le, Anderson and Martinez",Approved,825-900-2595x91395,"Brooks, Jackson and Myers",Comprehensive Health Plan,1b0fee9e-7218-4ee6-8746-abe7b20a0da3,Individual,2025-02-23,96372,844,2025-01-26,2025-03-01,GB15HBPG38322475735093,d5f3fcf5-2fe6-4109-9bf3-e22407296ccd,Jacob Banks,"51297 Oneill Mountain Jessicaborough, LA 96022",(459)327-2443x516,hmcclain@example.net,Yes,2023-12-29,2277,Yes,Disease-Specific Health Insurance Plans
bced66aa-6621-4234-9f79-e5958b8743ed,CPT-88838,Monthly,e316fcbc-b07c-4c48-b21d-1fe578b21836,11242,Ian Page,Brady-Brown,Can protect step level fall work manager.,Sport old dog spend eight between than help.,Either activity kind fish.,18770,"Lopez, Scott and Nguyen",Approved,792.423.7800x0842,Carrillo-Hawkins,Eye and Vision Care,51af9c4d-6b37-4949-97ff-0968c00c15f1,Individual,2025-03-20,26244,624,2025-01-02,2025-06-01,GB19VUHM03128604259721,93cc6eb9-0588-49d2-8a3e-27c1e8a9c589,Janice Bennett,"31426 Warren Cove Suite 444 New Janet, DC 22444",2603528831,kimberlywillis@example.com,Yes,2022-09-16,6880,Yes,Senior Citizen Health Insurance Plans
3a984aa0-6201-4223-8a2e-a2a064889e04,CPT-77029,Monthly,dd2f752e-45c3-4da4-8e29-e649d1707cbf,54631,Lindsey Johnson,Martin Group,Building relationship change memory chair type decide seem.,Else dream country them matter wind many.,Senior performance likely standard view.,65147,Johnson-Rodriguez,Approved,692.721.2492x63240,"Williams, Myers and Sullivan",Maternity Benefits,19629957-1d84-4a1f-872d-3e26728743b2,Individual,2023-03-16,86124,272,2022-12-18,2023-03-21,GB48REWN81243681941556,1ed51c93-d8ee-4d96-ad70-cafbf812028e,Valerie Ward,"907 Torres Freeway Suite 442 Goodwinhaven, KY 07548",+1-519-961-1831x7895,oliviasmith@example.org,Yes,2024-09-21,5975,Yes,Disease-Specific Health Insurance Plans
baf41a38-9abc-4737-b8e1-d190b8c2f0a0,CPT-38471,Monthly,2deb2368-279a-4f60-b054-cebb344bf2e1,42689,Rebecca Murphy,Perez Group,Number learn whom security space today.,West scene street condition realize yes onto win.,Risk site career these page table whose arm.,27571,Herman-Stein,Approved,291.423.3260,Terrell LLC,Maternity Benefits,f028be94-7310-462d-9bbc-751cdb1bf751,Individual,2024-10-23,74325,733,2024-09-13,2025-01-26,GB27AYUN05820290583469,c50dd784-303f-4c62-ba18-aae2fa17a7c7,Martin Lee,"89890 Hendricks Burgs Suite 363 Laurenberg, VI 69998",(263)539-8427x954,andrea15@example.org,Yes,2020-01-21,6058,Yes,Disease-Specific Health Insurance Plans
c58daf98-faa1-4a1c-979b-f14e5addbfe4,CPT-63538,Quarterly,78877e85-0348-44cf-9d38-2f3b26219640,4353,Derrick Mayo,"Martinez, Yates and Ramirez",Part method leave age could within on.,Most type study street live.,Simple scene old more range.,50390,Green Group,Approved,402-409-5401x49247,Whitehead Ltd,Critical Disease Specific Plans,524dcc26-eea2-4ab9-bcfb-af6cfb148dd5,Corporate,2023-05-14,53076,257,2022-09-24,2023-09-05,GB80IQSX31661930555968,5a9f2c29-9300-4422-939c-8625fdc483f7,Richard Curry,"5377 Victor Locks Suite 708 East Karen, GA 01989",919-657-4943x7138,seanking@example.com,Yes,2024-08-21,9198,Yes,Senior Citizen Health Insurance Plans
96e6d20b-98d8-4f39-a482-5386f9e22fd8,CPT-54745,Monthly,9094a048-3dbc-476e-b7dc-dc3a735b8a65,42807,Cindy Chen,"Flores, Wright and Day",Leg listen top nature past meet why agree.,Walk late president change there.,Car all already world production.,67066,Rodriguez-Williams,Approved,535-275-2252x374,"Edwards, Lee and Everett",Critical Disease Specific Plans,4edb2093-c2c6-4121-8d2b-babdb0eb4f4d,Family,2022-10-08,56366,943,2022-09-07,2022-12-10,GB76JFTJ37385135959685,f3aea356-72db-4fba-a75f-d3a29fc18855,Michelle Smith,"59054 Schmidt Mission Apt. 523 Brownshire, AZ 65481",828.650.4740,dcarlson@example.com,Yes,2023-09-10,5608,Yes,Senior Citizen Health Insurance Plans
d5abaa6f-70cd-4d65-824b-ce471d3e2023,CPT-95003,Monthly,37326dbd-4bc7-4694-b4e1-42fd537d8b8f,11693,Monica Bishop,Jones-Le,Compare responsibility seem anyone night.,Indicate leg interest traditional window vote why.,Sense behavior yet and gun.,78076,Mason-Cruz,Approved,+1-389-378-0472x181,Parker-Brandt,Comprehensive Health Plan,5804b6f3-889f-4b3c-81de-a2292f2a5ed9,Corporate,2025-03-03,34747,728,2024-09-04,2025-09-03,GB87ACWA52481325914795,486b2d8e-5175-467a-9f92-d5f7daabb267,Tanya Moore,"9311 Jillian Shores Apt. 972 Caldwellshire, MN 56766",+1-361-399-9999x9492,davisjennifer@example.org,Yes,2021-06-29,4374,Yes,Senior Citizen Health Insurance Plans
51244f2f-0882-4df8-bb7c-c4b58f6f4f1c,CPT-91235,Monthly,42528a62-fc87-478f-8311-399f6d9f1ee6,13907,Kathryn George,Harris-Sullivan,Away about finally defense or quite budget.,Sport Congress stuff heart.,Pick focus pattern second very.,90354,Dominguez LLC,Approved,793.669.0505,Haas-Adams,Critical Disease Specific Plans,84101cce-56c9-48e6-b536-e0f8fbc1943d,Corporate,2022-04-13,63913,430,2022-02-27,2022-12-05,GB53ECAX96378985561958,83e2ba87-fe03-4a0a-b6e6-c5c3ab918f14,Cynthia Moss,"7550 Gill Streets Apt. 095 West Isaacview, MD 72065",(772)579-4221x97378,hfernandez@example.org,Yes,2020-07-18,2755,Yes,Disease-Specific Health Insurance Plans
f2b80a76-ff0f-40ed-931f-2fa40c84e9ef,CPT-16786,Quarterly,f0b48e8f-1724-4052-b75a-3d3d7ff2a44e,22060,Russell Hill,"Rodriguez, Harvey and Russell",Write from task from leg different tough.,Whom sister deal trade must year mean wife.,Degree inside statement let have mean save.,46921,Johnston PLC,Approved,582.542.9488x6497,"Green, Anderson and Smith",Critical Disease Specific Plans,94ce3d0f-abe8-4b89-9a97-570d836d96b8,Individual,2022-11-11,79718,245,2022-05-24,2023-05-22,GB77XSDX29714649214207,9239dcce-b66a-4ef4-8d24-69c2673637c1,Michelle Lee,"6389 Duffy Shoals Apt. 374 Michaelport, MH 99855",944.853.7130x9098,nleon@example.org,Yes,2020-06-22,9434,Yes,Disease-Specific Health Insurance Plans
f4a53e47-b3ed-47d4-8633-a2f86496a210,CPT-65322,Annually,9d0a5dc0-b0f9-4227-b251-0cf1f3171dfe,6017,Nancy Garcia,Mcguire-Jensen,Place apply cell decade during bar whose.,Cup course add expert century.,Record million paper society charge adult.,12507,Gregory PLC,Approved,493.649.6798x1008,"Charles, Cox and Day",Comprehensive Health Plan,f5228853-8053-4288-a8c1-32dc77c279aa,Family,2023-09-25,56886,132,2023-07-07,2024-01-11,GB97DOGE48238895411607,925653bb-3775-4305-b746-2c1a8f70b32f,Teresa Campbell,"42738 Sherry Mill Stevensshire, KS 88628",9507047741,moralesjason@example.com,Yes,2024-12-16,7424,Yes,Senior Citizen Health Insurance Plans
f50da429-8594-44d2-a384-3c9a0d0d5455,CPT-13174,Annually,6a4d6d9d-f9f2-42d4-b861-d701b3b6c9af,21377,Amy Mason,Brewer-Wilson,And performance what understand.,Tonight party challenge organization nice treat almost.,About account where.,34335,Welch-Reilly,Approved,856-529-3933x526,Hodges-Jenkins,Critical Disease Specific Plans,b6de4f3c-0a54-4978-9d57-1eb297b9985d,Corporate,2023-12-23,39902,852,2023-05-14,2024-04-06,GB71FNSL06794621784162,b0852e6e-472f-4d96-b866-5ba93e2fe062,Kyle Osborne,"21079 Elliott Mills Williamhaven, AR 55183",001-785-856-2703x756,moraleschad@example.org,Yes,2020-08-20,6324,Yes,Disease-Specific Health Insurance Plans
89182bf0-511a-4689-990c-52869d6371d9,CPT-35275,Annually,762e2ff5-a1fe-49a2-9c55-e9a8d755650e,8567,Adam Lin,Booker LLC,Ground late his put forward most.,Reason economy industry treat federal interview parent.,Bill product floor baby industry.,12898,Blackburn Group,Approved,591-592-4745x5937,"Harris, Richards and Garcia",Maternity Benefits,efdc7c42-52da-4699-962c-3333bdf29eec,Family,2023-09-13,28304,469,2023-02-16,2024-01-18,GB78ITHU69281490766785,569fb2a6-70f7-4e16-b05d-1a689c23842c,Christine Johnston,"36290 Gilbert Mall Thomaschester, AS 29654",+1-314-553-1994,washingtonwillie@example.net,Yes,2024-09-30,7446,Yes,Disease-Specific Health Insurance Plans
4ac6c248-20f0-478b-ab0f-bae415d2de38,CPT-85563,Quarterly,a8822fd7-1378-4044-a285-2f8da18143bf,47609,Michael Dalton,Cox and Sons,Cultural dream task character strategy up mouth east.,Let wait air world energy manager she nice.,Wind perhaps to better.,21227,Daniel Group,Approved,001-906-413-3938,Taylor Ltd,Eye and Vision Care,1fe82421-31ee-49e4-89e8-05238af9e4e2,Individual,2023-10-01,77684,667,2023-01-07,2023-11-01,GB94DFGR63786253427767,c0e65498-c79a-4616-a0a0-7417633cad9a,Anthony Nicholson,"483 Benjamin Spring Apt. 779 Hollyville, NH 02970",001-354-230-7892x4723,brownstacy@example.net,Yes,2023-06-24,8910,Yes,Senior Citizen Health Insurance Plans
85c23df4-675b-41ef-a510-e99d8c963492,CPT-19659,Quarterly,9f0ce285-7cd8-4b8f-955b-d30785cb7ca4,28610,Ryan Williams,"Taylor, Henry and Kim",His through television evening.,At truth move meet indeed.,Together prepare prepare operation authority.,85112,Carter-Gonzalez,Approved,349-273-7723x836,"Moore, Robinson and Collins",Comprehensive Health Plan,194ff655-7f77-4643-be53-65aa087cf319,Corporate,2023-05-03,83534,618,2023-01-01,2023-09-01,GB69KKRV16353494642184,c24f38ab-0eff-4871-8ca8-681e9a7ee5bb,James Smith,"58312 Patrick Via Apt. 779 New Yolanda, MN 80250",608.922.9646,williamsonkelly@example.org,Yes,2022-11-05,1547,Yes,Disease-Specific Health Insurance Plans
af4cd0c3-0741-4274-acf1-968251e60baf,CPT-21522,Monthly,52fd99f6-ffa9-4dfe-a6b9-9bf8c5b128f4,44860,James Strickland Jr.,"Evans, Garza and Cross",Top experience value between performance begin.,Else quality produce production decision.,True return practice right speech.,64930,Lopez-Decker,Approved,831.875.8631x60864,Barry Group,Eye and Vision Care,02ff10c4-c23f-42fb-a0cf-7b276d3286cf,Family,2023-03-15,79066,564,2023-01-12,2023-05-06,GB63OOPU90428097454909,b6eba96f-da50-4acc-973f-b232e2342f12,Robert Harris,"8088 Whitney Cliff Suite 881 North Charleschester, FM 36324",833-847-1118x77871,lauracurtis@example.org,Yes,2023-07-13,9406,Yes,Senior Citizen Health Insurance Plans
9e7edacd-7c66-4263-9515-921f86af050a,CPT-69197,Monthly,be5fa318-dd94-4284-9f91-5f222f17bc1a,30463,Michelle Wright,Mccall Group,Down story keep sometimes door.,Life lead outside family opportunity may teach.,Maybe place threat piece rich hair put within.,56033,"Keller, Riley and Smith",Approved,(236)682-0412x1302,Moore-Russell,Critical Disease Specific Plans,e452977d-afab-4921-9960-3298fc31832a,Individual,2020-09-04,78661,371,2020-05-03,2020-10-16,GB44XWIK20912116344668,e2f1a605-8cab-42d7-8641-b4d7478b190c,Erin Shields,"3682 Rivas Street Suite 183 Lake Katherine, MH 44584",838.322.9559x324,andersonholly@example.com,Yes,2021-04-13,5063,Yes,Disease-Specific Health Insurance Plans
b46bf4a5-9f49-42b2-ba9b-aef11fc05a55,CPT-14690,Quarterly,8e653a39-5597-4775-8953-1988d2328e2a,3746,Randy Ferguson,"Knight, Brown and Pham",Career consider morning out if risk painting the.,See including teach own standard effort.,Green under food trip really already expect.,69833,Campbell-Lozano,Approved,226-614-8254,Smith Group,Critical Disease Specific Plans,a7704c92-c08f-44b7-807c-a436e3c544ea,Corporate,2020-08-18,7184,736,2020-07-15,2021-02-20,GB80IUSV35195121109660,e138ffb5-10e6-4122-abcb-2075aa9e1d32,Lindsey Huff,"3145 Wolfe Prairie East Christineborough, CT 54701",(232)414-2056x8111,jonesjessica@example.net,Yes,2024-01-26,2364,Yes,Senior Citizen Health Insurance Plans
3ce6351e-a9f1-44a0-8946-e8f84a72721a,CPT-31385,Monthly,c9c3f9fd-6b4a-4923-acc1-8a578daaca71,13332,Tracie Decker,"Boyd, Graham and Hall",Eight safe son red where why.,Amount vote here fill.,Property onto enter.,89092,"Hunt, Jacobson and Morris",Approved,001-353-447-9226x1741,"Dougherty, Patel and Mendoza",Eye and Vision Care,38c40f33-0ec9-4b94-82a5-662e02e8b594,Family,2023-09-28,29415,575,2023-08-29,2023-12-13,GB42HLSA57927309548516,7007b6ba-bf2b-4132-b82a-e14ed71bc492,Tami Boyer,"932 Ramos Mews Apt. 538 West Rachelbury, FM 53452",+1-390-734-0601,pclark@example.org,Yes,2020-07-04,1692,Yes,Disease-Specific Health Insurance Plans
0f7e94d5-9fd6-4aeb-a016-b77e797ea09b,CPT-44109,Quarterly,bc9ad384-9fa0-4ae8-959a-ec8c7bd53527,43773,Kenneth Trevino,"Thomas, Strickland and Mccarthy",First suffer yourself for.,Maybe standard east tend open.,Policy total environment.,7381,Davenport-Marsh,Approved,821-589-5399x1719,"Santiago, Norton and Wright",Comprehensive Health Plan,70e15daf-eac9-4d89-a722-9d7121cf4049,Corporate,2025-01-26,45139,877,2025-01-13,2025-07-22,GB49UOZK40396638350979,4f94571d-50ed-44b3-8fbf-cd62d1968e59,Mary Nichols,"13785 Hill Shoal South Phillip, OR 32809",756-325-5689x54337,reyeselijah@example.com,Yes,2023-11-21,2947,Yes,Disease-Specific Health Insurance Plans
13025b48-6829-4227-bf9c-ee272868b949,CPT-32289,Monthly,2e253686-5246-48d5-8871-798cea4d9e4f,58842,Mary Day,Henderson-Francis,World red above capital remember card science.,However often myself less almost.,Hope year difference article.,77274,Ford-Barrett,Rejected,+1-710-800-8298x6845,Strong-Pittman,Eye and Vision Care,fa48be5e-240d-40a6-b12f-5dc148397c48,Family,2024-07-09,96411,359,2023-12-30,2024-11-26,GB06KJGJ69127442767951,b1e12f9d-8cc3-4927-9e21-eb316f40bea8,Christy Gutierrez,"092 Moore Mountain Port Craig, KS 14963",449.273.2205x68434,wilsonsean@example.net,No,2021-02-19,1761,Yes,Senior Citizen Health Insurance Plans
215e0c82-e430-4aa7-8748-7e4ad586b775,CPT-44702,Quarterly,65ae0f65-26fd-475c-8818-ac63704635d6,85453,Joseph Stone,"Dixon, Allen and Gallagher",Guess risk attorney anyone growth agreement product assume.,Message guess window very ten continue suffer.,The choice listen billion me whom doctor peace.,93268,"Garcia, Solomon and Jackson",Rejected,463-619-2010x7567,Castaneda-Schmidt,Eye and Vision Care,772e2b88-e059-481f-8cba-9e064f9459da,Family,2020-03-06,92684,831,2020-01-25,2020-04-21,GB82MOUA43905883620581,d7f15892-1c1d-4a86-b6c0-23efa5cd56b1,Anthony Williams,"7869 Alyssa Heights Davisview, VA 50747",001-567-709-9098x424,ikaufman@example.net,No,2021-08-18,5884,Yes,Senior Citizen Health Insurance Plans
c257b2e4-6d4f-463d-bd3d-86afd47a9610,CPT-23708,Quarterly,af1f9ae1-54f1-4a00-acf2-0a0f0d6a01b2,8251,Chad Wong,"Garcia, Smith and Huynh",Boy finally knowledge pretty.,Everybody heart kid four.,Senior should pass young cause cold.,65944,Gardner Group,Rejected,7833938328,"Gibson, Williams and Gutierrez",Critical Disease Specific Plans,5b86b97e-6b47-4ccd-bcd5-b976b092796e,Corporate,2021-11-02,9289,808,2021-02-27,2021-12-10,GB63GGFV12701436383455,4e0e6158-efc6-4aaf-88c1-db69a0bc53e8,Victoria Underwood,"46117 Mccormick Lodge Lake Danielle, MT 29048",+1-956-262-4958x3584,carolcastaneda@example.com,No,2024-12-05,9580,Yes,Senior Citizen Health Insurance Plans
6adfc75e-44c5-4918-9cb3-b8d2756d077e,CPT-58549,Monthly,d8f364c0-4719-459b-ad38-8d652bd93f46,19457,Joshua Ballard,Anderson-Scott,Page case wonder listen who for smile.,About law life parent western.,Memory college stock employee.,72974,Ball-Hernandez,Rejected,953.882.4703,"Nguyen, Harris and Kennedy",Comprehensive Health Plan,347dd91f-923c-4340-a5e8-cab2d31c3332,Corporate,2022-05-18,20539,721,2021-11-19,2022-08-08,GB80GFMW34051880312902,bcd12fb3-ade7-4aab-a845-44d21cf86926,Brittany Benton,"63870 John Plaza Wilsonville, AK 20330",001-889-888-5298x07801,garrettmadison@example.net,No,2024-09-27,3194,Yes,Senior Citizen Health Insurance Plans
e8554540-0847-463c-a9bc-3e8e6943be0a,CPT-29885,Quarterly,4020c1b5-4860-4eb1-98d5-bb1882001e8e,16231,Julie Ali,"Martin, Villanueva and Thomas",Last far hit cultural.,Painting ball whose field state image.,Television then executive player serious identify such different.,90739,Stewart-Brown,Rejected,841.626.7210,"Pineda, Pace and Daniels",Maternity Benefits,71604fbc-1cda-448e-8723-3523d194f4a7,Family,2021-08-26,20508,704,2021-06-19,2021-10-04,GB07CJBP40551470135539,26cd424e-0f6d-4b2b-a8f2-a63d2a4452a6,Alice Palmer,Unit 5124 Box 0912 DPO AA 65051,666-501-6594,phillipsyolanda@example.net,No,2021-01-15,2343,Yes,Senior Citizen Health Insurance Plans
1654f52a-4e8a-4e85-8ea6-1b5aaec8d430,CPT-34807,Annually,52ccee48-2f1a-4fbc-bb56-ff195d3bd2bf,3600,James Torres,"Silva, Cook and Flores",Trade moment mean church sell.,Easy civil result get address research rest.,Significant thank push face resource medical cup.,69385,Bennett Inc,Rejected,990.415.9109x48033,"Moore, Campbell and Austin",Critical Disease Specific Plans,4d7be850-1263-4c2f-8cca-dcb2fc458688,Corporate,2022-11-04,82772,254,2022-08-27,2023-07-09,GB29XGAK72052426163659,1bc8b060-a460-4214-bea1-246a389d4fe5,Mrs. Whitney Wood,"PSC 3045, Box 2436 APO AP 66144",(959)709-5239x54631,mckenziegonzales@example.org,No,2024-03-21,6838,Yes,Senior Citizen Health Insurance Plans
9a783724-d8af-4fdd-b028-173974803c9f,CPT-77519,Monthly,1dcd1343-25a7-4de2-a281-6c9ba8f3968b,36589,Dana Bennett,"Moreno, Wang and Blair",Professional rate raise.,Back kitchen tell certainly door floor.,Onto oil market next along.,58570,Barr-Smith,Rejected,+1-759-309-0968x749,"Bailey, Walton and Valenzuela",Maternity Benefits,c56da154-5974-4ef5-8221-29a38cc089d1,Family,2021-09-23,49119,330,2021-08-30,2021-10-01,GB88IAOZ89109012953258,086b272f-9c43-482d-8910-38a1d5bb1c20,Kendra Brown,"88170 Stevens Freeway Apt. 097 East Jessicaville, FM 24533",+1-490-222-7257x775,kyleburke@example.com,No,2021-04-29,2864,Yes,Disease-Specific Health Insurance Plans
0f808065-2577-4d98-a604-cbf81a35b1c2,CPT-10922,Quarterly,c6c2d89f-ce6a-4a88-931a-c114631a7da7,18146,Kelly Reynolds,"David, Owen and Jensen",Million threat mind fall commercial.,Young image program establish even.,Image road sometimes help cost.,7963,Jones PLC,Rejected,355.843.0654x219,Simon Group,Eye and Vision Care,53f45714-f496-4a26-9874-97afcfc6d340,Family,2024-10-09,20227,384,2024-08-24,2024-11-24,GB87SRTJ97233724339426,366a3f4f-6734-4f13-b4e4-90ebcc3bd11a,Jessica Taylor,"0987 Thomas Terrace East Vincentchester, NM 71117",711.412.7808x708,gouldrichard@example.com,No,2023-02-16,9017,Yes,Disease-Specific Health Insurance Plans
8d1c8142-76d9-4b92-9719-a6310ef6e1af,CPT-18022,Quarterly,32c916e4-e4dd-4aaa-aff9-5f839cf0f80e,35958,Allison Zamora,Chavez and Sons,Today amount most meeting.,Care know I realize.,Stand particular likely least mention while likely.,88628,Bowman-Wright,Rejected,001-408-490-6334x31476,Guzman-Hart,Comprehensive Health Plan,ae1652b8-750c-406d-aca6-97f7825929c6,Family,2020-03-29,58380,635,2020-03-02,2020-05-17,GB60NHUZ83286863499526,288f91c5-31b6-466e-b26b-492ebbb002c2,John White,"9901 Kimberly Place Suite 228 Fernandochester, GA 01188",001-853-721-8411x921,brianwhite@example.org,No,2023-12-19,5371,Yes,Senior Citizen Health Insurance Plans
f1d4c533-a179-4aab-8609-322c5ee8c0b6,CPT-12672,Quarterly,de15eb08-6305-40cf-b70b-d5d9a4e5cc73,6785,William Pacheco,Spears Group,Voice wait finish throw must personal rock.,Hear eye seven sport check treat.,Figure newspaper opportunity long loss.,19536,Williams Ltd,Rejected,(273)643-7593,Galvan LLC,Comprehensive Health Plan,91795259-7f97-437c-bada-04c599df59b1,Corporate,2021-08-01,63556,109,2021-08-01,2021-11-01,GB26WIAF73117484771341,4c98b053-55f7-47d2-b10c-524c86796476,Michael Elliott,"45041 David Extension Suite 834 West Jennifer, CA 87123",(440)953-6935,nfox@example.com,No,2021-04-05,3266,Yes,Disease-Specific Health Insurance Plans
5f6b3f61-f4a6-457d-bcf4-1adfe02d23ee,CPT-45916,Quarterly,5c4f1ad3-ac96-4ad9-a115-cdb04ce0d0b6,58572,Lisa Hill,Diaz Group,Usually movement almost light structure.,Attorney agreement scientist help how key conference.,Medical sing majority others.,28209,"Norton, Lewis and Hall",Rejected,940.231.0635x1474,Brown-Austin,Eye and Vision Care,832849c1-758c-4e4b-bd0d-29390af3c09c,Individual,2020-03-21,66612,496,2020-03-05,2020-04-23,GB95EKAY69065096831754,db8b7afb-a8ab-44f7-b4a0-9ca5e0f0d738,Rebecca Kelly,"280 Thompson Plains Kevinville, DC 66339",+1-826-774-7244x98378,qanderson@example.net,No,2023-01-16,2691,Yes,Senior Citizen Health Insurance Plans
9ba71c74-d103-4649-8588-df139deb4ed1,CPT-57127,Quarterly,4c284e56-9aa6-426e-ba95-739890421270,27491,Sabrina Tate,Walker-Mcmillan,Likely sit anything heavy they.,Religious fight grow wait politics discussion short decade.,Partner public study machine view.,67757,Perry Inc,Rejected,001-265-975-3259,Strickland PLC,Critical Disease Specific Plans,c2b92d65-e70b-4797-a7ba-50a71a74d336,Corporate,2020-07-20,41312,700,2020-04-06,2021-02-24,GB11RGCY87350373093964,3c95ec19-f0dc-4e91-9d0a-0dab09eacf2d,Teresa Jones,"224 Rivera Route Lake Sherrishire, IA 47262",001-319-651-4997,wanderson@example.org,No,2024-07-26,3572,Yes,Senior Citizen Health Insurance Plans
a2f4a066-e56e-4968-a623-c668be7bc391,CPT-89668,Quarterly,3761ab73-f7b0-4688-bcc3-5c03fa0d7645,7846,Laura Sims,"Smith, Guerra and Lawson",Tax such these involve I.,Nearly foreign guess.,Present suggest situation guy whom.,33635,Adams Inc,Rejected,(680)439-7908,Doyle-Garcia,Critical Disease Specific Plans,b4dfe8bb-f855-4b2f-998f-f744fb47abf1,Corporate,2021-06-01,47308,341,2021-05-29,2022-02-14,GB59OKEO11375400162326,158908de-d266-4a93-bf0f-40ac4fb33a9b,Norman Moore,"6266 Holt Motorway Jacksonmouth, MH 12708",(653)884-1852,adamsmadison@example.net,No,2023-01-05,8753,Yes,Disease-Specific Health Insurance Plans
e2646210-b4e8-4858-8e2b-b54b3bdb2f88,CPT-38343,Quarterly,b3079291-812c-4faa-8efe-65cbccbce409,19015,Robert Oliver,Nguyen Ltd,Administration daughter keep population explain.,Main animal east when.,Question professor early enjoy final.,70987,"Mitchell, Osborne and Davenport",Rejected,606-895-8025,"Hudson, Osborne and Miller",Critical Disease Specific Plans,752dca77-566d-4dc6-b768-3ddbe113b985,Corporate,2023-08-25,22751,448,2023-08-22,2023-10-16,GB26RWFC35574951637168,a2a9b134-4856-41dc-903c-d476635de5ca,Joe Rivera,USNS Fitzgerald FPO AP 33372,001-215-976-4714,kayleecochran@example.com,No,2020-07-17,7578,Yes,Disease-Specific Health Insurance Plans
33ca624b-187c-4ef6-aa8e-0c989fb50752,CPT-86863,Quarterly,4b91feb6-ee08-484a-b5de-0b8d183e65a1,37091,Anthony Ellis,Smith-Gray,Game now opportunity.,National manager machine sea believe college strategy.,Work stuff charge school more.,99216,Whitehead Ltd,Rejected,(471)445-3584,Anderson-Wright,Eye and Vision Care,0211eda9-995e-4abb-9b38-b9d894aab5ec,Family,2022-08-06,71966,864,2022-07-27,2022-10-25,GB16OIUE37807104758451,98dcc5c8-e111-4e3f-8982-4fe07a2a2bbd,Thomas Rios,"67519 Jamie Parkways Port Pamelashire, MT 40693",(277)547-9963,amywhite@example.net,No,2021-02-17,4802,Yes,Disease-Specific Health Insurance Plans
82b36bb1-76ae-4fc8-850f-ca45613067c1,CPT-42415,Annually,623d132f-7615-41f7-8e90-3380f5431c6b,6185,Jennifer Good,"Patterson, Dougherty and Valencia",Quickly represent argue news home type pay apply.,Situation against almost hear everybody everything.,Director conference past later.,39401,"Ochoa, Gonzalez and Johnston",Rejected,001-363-634-8922,Elliott-Waters,Maternity Benefits,3a8917f6-9c8d-4471-bdf7-aecf65cbb861,Individual,2025-01-17,9491,749,2024-10-12,2025-03-19,GB21PWUI96780690651967,fd248013-c727-4a5e-9875-253c3ba36d79,Derrick Griffin,"43275 Melissa Court East Russellmouth, IA 75707",853.963.4474,owalker@example.org,No,2021-09-13,9546,Yes,Disease-Specific Health Insurance Plans
ff1a08c0-608c-4f4e-9f7e-c9dcc6e12f77,CPT-61809,Annually,9f9bb070-a38f-45c4-9685-d2811e7143ef,47752,Stacey Keller,Phillips Inc,View garden be drop.,Himself exactly unit factor foreign still carry second.,Near air evening without less.,35311,"Flynn, Williams and Vaughn",Rejected,001-803-561-4837,"Cooper, Pratt and Ross",Comprehensive Health Plan,70d9da89-db2e-4be2-9430-ff1b4e968778,Individual,2024-11-13,49118,770,2024-07-02,2025-04-02,GB80GIKH68310418302718,97a051b1-cd8d-45fd-8f8d-31677f83d230,Michael Griffith,Unit 4749 Box 6683 DPO AE 53797,959-655-4995x25169,meghan24@example.org,No,2022-07-05,7395,Yes,Disease-Specific Health Insurance Plans
bca7dda5-5707-417b-a69c-881f05e875b7,CPT-95385,Annually,112f69fd-bcd0-4940-b9f3-e5cb9469669b,38632,Andrew Cooper,Sheppard Inc,Body ask term body and I would.,Response run computer option.,Into hit would cost.,40370,"Wilson, Peterson and Pope",Rejected,001-529-783-9897x8196,"Evans, Ellis and Wright",Comprehensive Health Plan,ea174c59-fa0b-48e1-ba3b-d96c122fc136,Corporate,2024-03-26,61322,182,2024-01-27,2024-09-11,GB39ELSJ12765404049396,38a1c4c5-3dff-4aee-aa54-f4c8fbbb17cb,Justin Freeman,"92055 Joseph Mills Apt. 625 Loveshire, MH 10327",+1-796-833-7762x786,robinsondaniel@example.org,No,2020-07-15,6759,Yes,Senior Citizen Health Insurance Plans
2003118e-df4e-4b2c-8b5b-278355be102f,CPT-86836,Annually,e9e8a155-0b4f-48f0-8662-a987d2b89af7,6013,Bryan Hubbard,"Sosa, Medina and Hall",Sea clear customer sport long dark although consider.,Us enjoy action cold of specific since.,Everything less yourself only better share fear.,76030,"Lewis, Hill and Holden",Rejected,214-803-3661,"Rubio, Hill and Anderson",Comprehensive Health Plan,23230c72-b9ee-4d72-9582-b34246d7c5e7,Family,2020-01-23,22186,667,2020-01-23,2020-10-19,GB21XUFV44762663063267,dad61841-e483-4fb3-8d56-87f175f24f27,Lauren Rocha,"84693 Church Groves East Leonard, AZ 72049",+1-215-522-0658x31524,smithkatherine@example.com,No,2024-10-03,5099,Yes,Senior Citizen Health Insurance Plans
d9069b56-4ae8-43a8-90d9-04fbda39e113,CPT-43845,Annually,ea8bd742-eab4-487d-b626-628e3e597b28,8217,Denise Carlson,"Tate, Trevino and Clark",Question mean charge answer way table.,Give job tell voice.,Health budget step interesting miss character.,7670,Kirk-Jones,Rejected,001-922-496-8773x556,"Brandt, Ramirez and Johnson",Critical Disease Specific Plans,aa3b3249-e286-4a88-9dbb-feea3c179545,Individual,2021-05-22,78065,967,2021-03-12,2021-08-14,GB97CIFA11887743004011,0d2e9b1d-fb85-4d43-9dad-ab1a52776916,Dana Morris,"940 Sharon Harbor Nielsenbury, PR 37316",357.701.7447x16601,zmarshall@example.org,No,2020-08-13,5182,Yes,Senior Citizen Health Insurance Plans
b4192d9a-bd72-4e8c-b4b9-f2c1a82375f1,CPT-15990,Annually,a4a31e15-6bb6-41a1-9ca3-c83f69f079e5,26805,Christopher Wilson,Hester and Sons,Official seek what east much almost section necessary.,Commercial wind movie see seek rich push.,Once old maintain side with.,64661,Howard Ltd,Rejected,352-836-1858,"Vasquez, Sanders and Lopez",Eye and Vision Care,6d70826b-cfaf-4a94-9988-3f18a4a11976,Corporate,2022-01-06,36247,212,2021-08-14,2022-07-02,GB45RKLF61007724067636,0c80cd9e-212b-4507-b872-07ff0dec686e,Brittany Fleming,USCGC Mendoza FPO AP 08839,001-252-730-0267x15771,iflores@example.net,No,2023-05-17,1679,Yes,Disease-Specific Health Insurance Plans
410215fe-5c98-4b8d-9c52-4a4eff1fe130,CPT-16925,Quarterly,14abc27d-b72e-4f92-b309-e98c5fdede36,7158,Tracy Arroyo,Bond Ltd,Already smile turn.,Form value son recently three try.,Full school east.,73106,Moore-Adams,Rejected,+1-665-949-7225x973,Rhodes Group,Critical Disease Specific Plans,3910e16f-d0d4-4873-900d-6cf2642603a6,Individual,2020-09-28,8794,718,2020-09-11,2020-11-12,GB25BLPC70640828591577,939cafd4-3b79-4008-bc65-6f6a8e85a0b5,Joshua Pitts,"668 Martin Glens New Leahside, NV 26682",742.349.6200x395,gilesmichael@example.com,No,2020-11-20,7864,Yes,Disease-Specific Health Insurance Plans
2035175d-7eef-4281-a41f-ce1102db3ed1,CPT-72188,Quarterly,778bda26-ad1d-4a00-9ae1-49e21ae5cc91,23548,Paul Alvarado,Hammond LLC,Someone dog century.,Only table media against professional likely month.,Some rate lay before.,16069,Vasquez and Sons,Rejected,(402)625-0266,Perry-Lopez,Comprehensive Health Plan,e98cbb36-6301-4d92-b3e8-38f41a7ca289,Corporate,2025-01-20,58581,420,2024-11-25,2025-10-29,GB06GWJI71183921178649,64cd8b81-f7c3-4d8f-98ee-7574736f7ddd,Mark Garza,"466 Dean Canyon Courtneyhaven, NM 42624",394-746-0565,underwooddakota@example.org,No,2020-11-08,4018,Yes,Senior Citizen Health Insurance Plans
060e13d2-cda7-4e56-8795-e8b20c7b2e37,CPT-78429,Annually,25be48d0-8589-48fe-b5bc-80ce78781b58,12393,Kyle Griffin,Hamilton-Walsh,Exactly firm ahead product.,Glass seem television TV sister assume theory.,Effect window brother tell to never collection.,29741,Rice-Roth,Rejected,+1-949-421-6911,"Young, Patton and Lee",Comprehensive Health Plan,f58be4a8-2224-4c24-8fac-ac42cb825fda,Family,2025-05-08,52215,768,2025-04-07,2025-09-21,GB15LCNG70112413000582,d728973c-6fc8-4af9-bfe7-5e3ea5b882dd,Eric King,"410 Webb Meadows Apt. 435 Greggview, PW 74918",+1-769-363-9687,melissa67@example.net,No,2023-06-03,6351,Yes,Senior Citizen Health Insurance Plans
f646062d-78e9-4b5b-be12-edac049344f6,CPT-52013,Annually,8afe93a6-cf2e-4331-be9f-5bdabadb752a,19721,Carol Cook,"Summers, Johnson and Anthony",Traditional than art top pattern similar.,Stage physical different.,Increase hair thing future discuss close into.,58750,"Love, Maldonado and Diaz",Rejected,(917)954-0285x6510,"Wilson, Campbell and Williams",Maternity Benefits,6552ac5b-87dd-477d-9731-3a36a6d089ad,Family,2023-12-12,39747,329,2023-11-25,2024-04-04,GB15AVVL08028886971721,fe581163-8268-4b90-9f8c-8b948a0805d7,James Lopez,"8606 Bowman Track Halemouth, CT 61935",(875)470-9314,janet48@example.net,No,2024-02-11,9515,Yes,Senior Citizen Health Insurance Plans
4b3228dd-eda9-46d2-bd5e-d907d3a43896,CPT-90234,Annually,cc83ca3f-0900-4194-8fce-82842342b92d,51563,Kristen Hancock,"Schmidt, Edwards and Rios",Report section and local north.,People inside fight hotel suddenly already significant.,Woman off camera quality evening moment lay.,60761,"Taylor, Lowery and Jones",Rejected,476.988.9422,Sanders Ltd,Eye and Vision Care,e30211c3-b5b2-43e1-89d1-78c510416cfa,Individual,2020-12-23,96749,632,2020-09-10,2020-12-26,GB20SHUS34757470228706,7dd5a01b-2db6-4a62-a1bf-1003ec18a0da,Judith Mckenzie,"14035 Hannah Loaf Suite 708 Collinsshire, IN 52884",(902)427-8437x0332,zpatterson@example.net,No,2025-03-06,5517,Yes,Senior Citizen Health Insurance Plans
197a2301-681f-4812-9d19-02fba5b8337e,CPT-41193,Quarterly,9bd00385-8bf2-4bd7-8ddc-d30e588c7775,44032,Joseph Martinez,Cochran Ltd,Worry page lose sure dream.,Difference us born against.,Cell clearly that themselves herself wind have.,63684,Choi PLC,Rejected,971.915.9258x433,Murray-Cook,Eye and Vision Care,e505cfe4-f852-437f-9a4c-c4a2b7567da4,Individual,2022-04-29,92449,769,2022-02-17,2022-11-20,GB89ZMDD16610359338617,12a84320-9cad-4ab7-9265-3731f60ee0a4,Robin Parrish,"61985 Matthews Locks North Jonathan, MS 50630",001-567-711-0117x28462,salinasgarrett@example.net,No,2024-01-28,3661,Yes,Senior Citizen Health Insurance Plans
6791cc91-ba74-4dad-bcd5-7ac5718d562b,CPT-46150,Quarterly,2598eb7a-84d5-4c59-ac5b-f0c9659b3d38,50329,Jeremy Huerta,Thompson and Sons,Hard back forget really building quite event enough.,Message lose agency bill laugh data.,Education too land president sure.,77682,Cunningham-Bennett,Rejected,001-869-639-2429x799,"Williams, Patrick and Sherman",Comprehensive Health Plan,e5e3c426-d2f3-4ff5-ad3a-484a4691dac1,Corporate,2023-01-12,90616,111,2022-06-29,2023-03-21,GB48VYXH56539241678869,c9189195-4f9a-470b-a1da-815db5b80dba,Bryce Stephens,"93563 Mccann Plaza Apt. 013 New Tom, RI 05118",(438)614-3081x76716,mmartinez@example.com,No,2022-12-14,9194,Yes,Disease-Specific Health Insurance Plans
0e75c563-8613-44c6-9fa1-217e1a6b9c94,CPT-86996,Annually,0e4a166f-aff1-41b4-aed1-6fabbf6bd5e6,7338,Brianna Flores,Hester-Johnson,Name forget case discover.,Writer rock market example continue activity professor.,Situation describe article throughout.,19328,Mccarthy-Ross,Rejected,001-337-519-4359,Lang-Lee,Comprehensive Health Plan,4de7fff3-04e0-4fed-a466-5f4211d47e3a,Family,2024-02-19,76317,630,2023-12-26,2024-07-13,GB08JERI02698283378315,3dfb2762-cbe3-43eb-a8c5-739c31378cb1,James Miller,"4993 Sandra Path Port Amyside, OK 50062",666.786.4262x4423,adamsmarco@example.org,No,2020-06-09,4907,Yes,Senior Citizen Health Insurance Plans
af978967-176c-4287-813b-a2cc7af4143b,CPT-98111,Quarterly,284e5865-29af-4e67-869d-6db4823a5bcf,48124,Arthur James,"Robinson, Bradshaw and Jackson",Lawyer set officer drop data.,In people father century current.,Record main recognize.,50259,Baldwin-Wright,Rejected,466.374.6708x794,"Moreno, Hill and Munoz",Maternity Benefits,20d29e9e-9a18-41d1-b4b5-ca382515f823,Family,2021-05-29,86129,177,2020-12-06,2021-10-06,GB12XRGF05863386021007,d5849984-36b3-4e5a-ad05-05375a74e959,Amanda Powell,"27459 Cervantes Via Suite 772 North Aprilmouth, ME 44236",966-910-3987,bclark@example.org,No,2021-03-19,6773,Yes,Disease-Specific Health Insurance Plans
e6b6f621-206b-4ed7-a9b3-6cb37b813724,CPT-76374,Monthly,39811341-50f3-408d-93b2-0bd40b98fb52,14092,Alexander Price,"Wheeler, Gomez and Vasquez",Kid worker travel career.,Magazine fund kitchen involve bank staff identify.,Growth study the service south condition check.,90803,Schwartz Group,Rejected,001-329-894-5345x847,"Edwards, Newman and Spence",Eye and Vision Care,141d398d-76cd-401c-a443-1b1f21f01877,Corporate,2020-10-18,73565,266,2020-04-16,2021-01-17,GB10KQJL39225292017917,c328fa3d-f44b-4a13-8368-8d20df7462f0,Stephen Flores,"6859 Kathy Route Apt. 413 Morrowview, UT 45660",858.719.8780x04429,allendavid@example.com,No,2023-10-12,6511,Yes,Senior Citizen Health Insurance Plans
e21bc17b-90ba-460c-99d9-a1f35762607e,CPT-27973,Quarterly,a42fbd9d-2f0d-4aa1-9ed9-b7b338668c59,14839,Aaron Mercer,Martin-Webb,Which character one financial hold blue ahead.,Pattern allow final sense stuff yard.,While fine this step next.,17119,Moore-Fritz,Rejected,(222)422-5202x70776,"Hughes, Perry and Robinson",Critical Disease Specific Plans,c8ae3b4b-86e3-4267-aacb-9dcc5812862d,Corporate,2023-12-09,64580,649,2023-10-01,2023-12-13,GB96QVJR42192633479129,694e2e33-54a2-49c1-90de-ba4a95aee660,Amanda Anderson,"83596 Peterson Trail Apt. 557 Laurenfurt, AK 78085",773-782-8114x811,martinlinda@example.org,No,2024-10-29,2920,Yes,Senior Citizen Health Insurance Plans
7bee81ea-6c2e-4ed1-9632-d759abe19309,CPT-10226,Monthly,5ce40a6f-d63c-41c8-b04c-de8458ada467,26654,Frances Morales,Lawson LLC,Where wife strong third nearly water minute.,Yard middle good animal land.,Story east role though provide whole service.,23211,Perez Group,Rejected,548.631.1791x2444,Johnson-Johnson,Comprehensive Health Plan,1d842ebd-0dee-4619-b905-6c51f8917365,Family,2025-04-04,33993,208,2024-09-15,2025-05-29,GB15HUFE27270777511594,d5756408-4a23-412b-9365-907b61e8021d,Michael Chang,"8666 Sonia Forest Lake Julie, WI 92313",5333042966,megan19@example.org,No,2021-03-17,8780,Yes,Senior Citizen Health Insurance Plans
c4d4b17c-88bc-406a-9af8-644bc1bd5c8d,CPT-60496,Annually,28e6d8f7-2c67-41dc-88e7-701ca64d2066,14393,Megan Daniels,Hebert-Roberts,Bar analysis memory team story social whether team.,Despite page interest former those.,Each ago trip police form.,76251,Hamilton-Young,Rejected,588-402-0696,Pearson-Harrison,Comprehensive Health Plan,229ff3f3-ca9c-405f-a865-b29a968166d6,Individual,2023-11-11,74306,457,2023-10-24,2024-02-05,GB86JKKM50227138824420,ab7a818e-3a1e-4e29-b122-f4c5695b2e83,Lauren Mills,"8111 Shannon Ridges Suite 473 East Frankchester, NE 82151",826-324-5002x046,dawn56@example.com,No,2021-10-23,2049,Yes,Senior Citizen Health Insurance Plans
7803b3f8-5658-464a-acb3-1614473e738a,CPT-90643,Quarterly,ce6978d9-cee8-4fdc-b249-e57569a363f5,13371,Cathy Wagner,Mills and Sons,Sense glass factor top evidence hope guy.,Daughter push nor approach series exactly surface.,Then miss although experience lawyer.,88185,"Kelly, Smith and Allen",Rejected,001-497-569-1516x905,Oliver-Santos,Critical Disease Specific Plans,9099bf7f-c5ad-47e3-ade6-cc15e495dde4,Individual,2021-09-01,23502,300,2021-08-07,2021-09-27,GB41FHQF69046159936058,918303f7-e63f-4bf2-a7db-d25815a5383f,Melissa Carter,"00413 Martinez Views Apt. 992 Lake Johnland, VI 65775",391-844-4555,patricianguyen@example.net,No,2022-07-27,9746,Yes,Senior Citizen Health Insurance Plans
ccbf1139-2325-4b68-a77b-6b0164f4691e,CPT-46661,Quarterly,eeb8b6f3-ff6a-4d96-b3a0-ef6ca71f4ce7,75268,William Wise,"Heath, Gray and Mcintyre",Box crime group sea.,Art west protect bag continue democratic.,Environment trouble between.,68393,"Wood, Wilson and Benson",Rejected,001-583-784-6351x79454,Santana LLC,Maternity Benefits,8c0c04e8-88f7-45cb-b506-9c9eed94d07a,Corporate,2020-04-29,92526,749,2020-02-24,2020-11-28,GB12MELF51979428414628,ae461db4-1876-4310-a881-89ddd6e334d2,Julia Hernandez,"PSC 2328, Box 9321 APO AA 43180",+1-796-908-4794x97288,nkelly@example.net,No,2023-01-05,4866,Yes,Senior Citizen Health Insurance Plans
7d7f9c94-c6ce-49b3-a472-eed04cd84293,CPT-74888,Monthly,76393bd8-b5c9-4ac1-b6ea-fd6d1911ddfe,32338,Yolanda Williams,Harris-Nelson,Dinner real capital something himself there.,She great outside lay here I none.,Even lay see direction successful large century cold.,5822,Vazquez-Gonzalez,Rejected,(372)280-2077x627,Hansen-Anderson,Maternity Benefits,e1473ac7-eb13-4f64-a5b8-35c48a7d807e,Family,2020-10-19,50253,969,2020-08-03,2020-12-03,GB20VEGQ16686987412986,22ca5c5f-f42c-4e47-950f-8ef71763e7bf,Thomas Kane,"94700 Mathis Mountains Apt. 100 Lake Rachael, AS 18789",001-904-527-7221,sarahatkinson@example.com,No,2022-06-11,3217,Yes,Disease-Specific Health Insurance Plans
ba0b1b09-efc6-479c-a982-06e071fe7ecb,CPT-92647,Quarterly,0d214ad4-b81f-422f-896a-8cd350db75e5,1414,Megan Guerrero,Hartman-James,Consumer place some sport.,Deal police ten security believe myself morning.,Successful prepare open in tax bill line.,7074,Pugh-Peters,Rejected,001-830-560-7573x56339,Scott Inc,Maternity Benefits,c9fa1a23-8ce6-47bc-ad70-6e4a71872b6f,Family,2022-10-06,5414,898,2022-09-17,2023-07-11,GB40JHLY26197180694080,0c016a36-af92-4578-94e4-a3b8543c4c3a,Daisy Martinez,"9356 Jackson Orchard Apt. 901 North Jenniferland, OR 08366",+1-569-901-8077,mirandanelson@example.net,No,2022-09-25,3065,Yes,Senior Citizen Health Insurance Plans
6e341884-8adc-4ca5-a93f-82bf406d99be,CPT-66383,Quarterly,73a97139-dac4-4f94-b0aa-2085a2f8faa2,33515,Valerie Larson,"Cochran, Haynes and Santiago",Election than option between improve low civil.,Gun space consumer research member million record.,Focus push pass rich law serious animal manager.,53926,"Johnson, Hess and Phillips",Rejected,+1-570-490-0023,"Preston, Wright and Morrison",Critical Disease Specific Plans,064f459b-1afb-46be-bec2-c5b1c8a1d255,Corporate,2022-06-20,35902,464,2022-02-20,2022-09-13,GB43AASQ13166611863358,01fa9da3-c962-4dcc-9ea8-8e1697f4ee40,Allison Richardson,"45894 Robertson Brook Apt. 591 Lake Harry, WV 14709",001-580-429-1770x901,nicholas02@example.net,No,2022-05-15,6362,Yes,Disease-Specific Health Insurance Plans
0e187d9d-7dc5-478e-b5a5-02ac4bb03ce4,CPT-15973,Monthly,b8885aac-2829-4c8f-81c0-3d8393e07573,34613,Cynthia Daniels MD,"Thomas, Clarke and Perez",Open crime past artist few economic method.,Political every list run ability resource natural statement.,While author together out yes imagine.,80227,Dougherty Ltd,Rejected,(971)553-5735x5442,Davis-Johnston,Critical Disease Specific Plans,18526440-7be2-4330-aaf2-c88a5d3a456d,Family,2020-10-18,46673,281,2020-05-01,2020-10-27,GB54MQIT34059754582240,df685493-4c04-4563-887c-12028d7016f2,Michael Williams,"356 Patterson Lake Benjaminfurt, MH 10717",896.303.6943x1570,wwilson@example.org,No,2021-03-14,3465,Yes,Senior Citizen Health Insurance Plans
4467e726-ab48-4843-be13-9abda242d40e,CPT-69804,Monthly,2dd6def9-3942-4180-a97e-efed762158f6,3372,Kelly Vargas,"Ayala, Pope and Diaz",Door program maybe.,Spend serious behind feeling at southern career.,Campaign rule author affect ago life whole.,30903,English and Sons,Rejected,+1-207-687-8762,"Kelly, Fuller and Wright",Eye and Vision Care,74579290-5b09-4502-a82b-4d0c3b17b12f,Corporate,2025-11-13,48970,552,2025-03-14,2026-02-26,GB63KZVY44186843339070,b69a5ee2-a9e7-4c51-88ea-71f29d32a9c8,Kaitlyn Joyce,"6038 Fields Road South Connor, FM 38456",573.940.6172x7378,torresmark@example.net,No,2023-07-12,4509,Yes,Senior Citizen Health Insurance Plans
f44bd502-e096-46ef-915f-dd39800cd1ac,CPT-65948,Quarterly,3f4e6004-933f-4a71-8a57-8a9d064974c4,1606,Bruce Young,"Miller, Young and Melton",If require gas debate computer strong trip space.,Prove instead attention may this common safe.,Law professor else southern.,3825,"Horton, Mcintosh and Olson",Rejected,677.762.1392,Sloan and Sons,Comprehensive Health Plan,590a307c-74fd-4274-ac5c-806c931c7918,Family,2022-01-25,35967,257,2021-09-25,2022-09-11,GB87UKAB78893389221196,b572a218-e9d2-44ae-8d4c-0cba576e1139,Justin Dennis,"0409 Angela Flat Suite 088 New Angel, FM 72485",839-999-1962,xarellano@example.net,No,2021-10-03,5450,Yes,Senior Citizen Health Insurance Plans
eab7792b-c549-447d-a4e2-5cd095dec9ca,CPT-93056,Annually,4a9a1a07-fcde-438c-9a2c-714eebe4f948,53866,Kimberly Dudley,"Donaldson, Edwards and Cooper",Effort down late start.,Ball something produce individual long.,Successful around suffer group sure.,48180,Rose-Myers,Rejected,(940)604-7135x04185,Lopez Ltd,Eye and Vision Care,ab257a8b-0e79-43e5-b39f-972b92ac9bd7,Corporate,2022-04-04,65709,812,2022-02-12,2022-06-18,GB89YOWR09303848689682,d4b81708-0001-4844-8f6c-3db4702eaecc,Joseph Roth,"55075 Cody Lakes Apt. 203 Port Samantha, HI 06518",001-246-829-6576,schroedertimothy@example.net,No,2020-09-07,3895,Yes,Disease-Specific Health Insurance Plans
d21d9668-2473-4dac-98e4-6a32080c6efb,CPT-17978,Annually,80333605-2341-4ebf-9973-d85b350dfc2a,23089,Sarah Delgado,Ellis-Olson,Book speak million box agent quality.,Heart low item spring.,Present only activity heavy mean affect.,30383,Oneill LLC,Rejected,556.824.9321x598,"Smith, Warner and Wiley",Comprehensive Health Plan,8c35a8d1-b059-45c3-b181-2bdb491ae316,Corporate,2022-08-04,74992,271,2022-04-13,2022-08-12,GB59BKQA86704035451326,d6815995-bac2-48f4-8c8d-da6a1ba1d8bd,Jennifer Fitzgerald DDS,"15680 Pamela Square Apt. 987 South Garyland, NC 63247",+1-706-683-3295x1711,wpaul@example.org,No,2023-06-19,6480,Yes,Disease-Specific Health Insurance Plans
8a463b7e-0419-489d-b60f-16fdd4efd1b8,CPT-56228,Monthly,70b00aff-74c6-4cdd-8fb5-56149139133c,50313,Ryan Harris DDS,Ruiz Inc,Back life next compare Republican gas.,Surface central free onto specific.,Top box second citizen.,72429,Jones-Perez,Rejected,510-322-1073x34825,Martinez-Reed,Eye and Vision Care,a8f889e0-27c9-4cc0-aa18-ab7078e1ee0a,Corporate,2021-08-12,85407,200,2021-04-08,2021-12-08,GB35UQDK38742489178421,eff9d106-3ae9-4923-87bd-ddff0e3f472a,Kristina Wiggins,"555 Miles Mission Suite 898 South Ericview, MH 87474",001-811-819-9396x614,savannah38@example.com,No,2023-11-08,2458,Yes,Senior Citizen Health Insurance Plans
e70fec89-5d05-4bec-ab73-5a0385a023b7,CPT-16610,Monthly,94e89c29-54cb-48d4-8ffe-6c46944420b6,6248,Susan Oneill,Wells PLC,Finish important hour sit.,Evening too trip present do policy road.,Position truth dog service.,78294,Lopez LLC,Rejected,+1-949-804-7426x9520,Pham-Silva,Comprehensive Health Plan,01281360-2c60-4426-8e3e-53d08d0df118,Individual,2023-05-19,51726,566,2023-01-31,2023-09-05,GB10XIXA71001031611585,3813a8f1-f4a8-4034-8e50-d918f8c311ec,Colton Harris,"24585 Brian Inlet Suite 543 Port Jasontown, NV 67709",9358752706,fharrison@example.net,No,2025-02-02,2500,Yes,Senior Citizen Health Insurance Plans
d5fe751a-8de6-45ce-9a5a-672905d8ff68,CPT-42407,Annually,1017dd4d-37a1-459e-811a-d2aee17377fe,2518,Tamara Cook,Salas Inc,Republican example lay analysis produce.,Individual any military physical maintain class.,Face really now painting.,74082,"Griffith, Davidson and Brown",Rejected,638-645-4141x8310,"West, Bowers and Cabrera",Comprehensive Health Plan,e6d7723f-166b-465d-8ea9-4cefc2741a79,Individual,2020-03-20,9470,875,2020-03-18,2020-11-16,GB37BDHF15197392187434,6114e362-2fd9-4ea7-a5a0-446662b83e01,Haley Beasley,"58432 Hannah Wells Apt. 275 Jenniferfurt, MI 39513",284.802.5774x503,grayjennifer@example.org,No,2020-06-12,3127,Yes,Senior Citizen Health Insurance Plans
f734dbd8-98cb-404b-a193-877fb4ba169b,CPT-93356,Quarterly,50f5b59f-0701-4638-9c63-12c9ff75b5fe,9656,Dr. Christina Mueller,"Hall, Neal and Martinez",Series hundred single pick agency suffer.,Travel ahead country area case.,Difficult might watch red cut none read.,94090,Hunter-Thomas,Rejected,201.996.5613x384,Lewis and Sons,Eye and Vision Care,5cb1fd48-82a3-48f7-95ce-16eae49afb30,Corporate,2024-06-04,48398,562,2024-03-06,2024-10-25,GB80GRUV42791500103546,982c64fa-a6db-4077-8d68-1375682cc810,Michael Gordon,"82682 Debra Fork Apt. 277 Baileystad, DE 41827",6959870434,jamesschmidt@example.com,No,2022-04-02,3760,Yes,Disease-Specific Health Insurance Plans
cd533d34-5e37-4c77-b8a0-f0457d9e17f9,CPT-61798,Monthly,a36fa4b9-18a0-4933-8c22-35b99e101c24,14250,Randy Boyd,"Anthony, Scott and Hunter",Car area any administration space black.,Citizen father page tree course much really later.,Rather trouble mind response wish.,58289,"White, Hunt and Smith",Rejected,701.594.8387x689,"Medina, Ellis and Escobar",Comprehensive Health Plan,15e889dc-3014-4cbc-9257-9bc008eb4070,Individual,2022-11-18,87737,173,2022-07-04,2023-02-01,GB63RKRU53542196898266,8c1ed0f4-9478-4738-9361-a3bbcbef51dc,John Barnes,"497 Katrina Field Suite 163 West Katherinefurt, ND 40482",+1-484-292-9183x417,mary14@example.com,No,2022-10-25,3877,Yes,Disease-Specific Health Insurance Plans
6dde9026-90b6-45af-97b8-4d82514352a8,CPT-50469,Annually,cecc0ed0-fa2c-43ac-ab9e-189efbf736e9,8255,Cameron Garrison,Walker-Bailey,Smile magazine agreement interview tree next.,Try fear majority of activity Republican memory crime.,Stay question blue.,54509,Cisneros-Parker,Rejected,001-910-513-0041x0396,Hart LLC,Maternity Benefits,058fb227-7786-4ab0-b696-eaf41acacfc2,Family,2022-10-01,28771,359,2022-08-05,2022-11-01,GB30CQDV16071198786320,cb2d30d5-c5cf-45ea-a835-1a9c10df288a,Joyce Gray,USNV Chan FPO AE 85502,+1-839-618-0748,wrightheather@example.com,No,2022-08-28,1626,Yes,Disease-Specific Health Insurance Plans
e7889e8b-43d0-4f2c-9730-16fb5ac09bec,CPT-63293,Monthly,692ade60-66f4-48b7-a3a9-b420e537df4e,14239,Julie Smith,"Miller, Allen and Nguyen",None idea not someone last my.,Water hand generation sea condition.,Writer economy front teach large bit.,60721,"Stark, Evans and Coleman",Rejected,2609566435,Brown-Miller,Critical Disease Specific Plans,56f1d8bf-3ac3-426e-aa1c-1056dda339e9,Family,2021-11-19,27614,458,2021-11-05,2022-06-05,GB98LKIA57767033911666,a680a20b-63dd-40cc-bc28-3c97b7bb65f9,Amber Turner,"337 Collins Shore Suite 976 Jonathanchester, WI 77443",700.484.4342x88064,deborah94@example.net,Yes,2024-10-01,5164,No,Senior Citizen Health Insurance Plans
d9b1f916-22b4-4729-9691-4343ab84749e,CPT-79397,Annually,b28b52f3-1f30-48a1-9d2e-53c6ed9824ae,12457,John Cook,"Sanchez, Curtis and Anderson",Later walk expert central rock role.,Road than understand paper call wall.,By side bar subject talk key member.,45136,"Rogers, Martin and Harrell",Rejected,001-401-760-2206,Barber Ltd,Comprehensive Health Plan,9ff4b3f4-b1d7-4f3e-84e0-3a34c005d1e3,Family,2024-01-03,14487,580,2023-12-28,2024-12-12,GB33GCJS52169692959627,c178495a-60af-4738-9608-342489319bc0,Cole Smith,"789 Burton Freeway Suite 820 Port Timothyville, NH 13190",+1-366-749-2047x95691,rcampos@example.org,Yes,2023-11-12,3061,No,Disease-Specific Health Insurance Plans
b116d2a9-81e0-47b3-a1b2-9a6280f555f3,CPT-99847,Quarterly,4dc20ffb-9ec0-4dfc-b82b-fa254436e85b,65139,Holly Adams,"Mendez, Moody and Huber",Standard share even protect poor.,Computer serve allow.,You skill challenge pay phone.,76944,"Johnson, Beck and Bradley",Rejected,001-261-735-3768,Smith-Lee,Maternity Benefits,e331b953-78b5-4fc8-bc92-dd10e02092a6,Individual,2024-05-09,95917,597,2024-01-18,2024-09-21,GB17ZUCW34547176575881,66d9046e-19a7-40e9-8b39-33b34039db17,Michele Thomas,"388 Rachel Circle Suite 220 Reidport, GU 32060",+1-906-816-4354x37532,welchgwendolyn@example.net,Yes,2022-01-22,6733,No,Senior Citizen Health Insurance Plans
8199b77d-d724-49d0-83a3-d77a21f2197a,CPT-25898,Monthly,2f199a8d-6bbf-4e75-a53e-902203f08aae,7208,Michael Holt,"Guzman, Ward and Camacho",Side trade moment air newspaper knowledge program.,Serve daughter trade send fact accept report bed.,Within simply us approach notice.,59443,Anderson-Lewis,Rejected,+1-333-972-8761x548,"Harper, Gomez and Rogers",Comprehensive Health Plan,746ef0d3-e40e-41d3-a674-974632bf6d98,Individual,2023-11-25,27751,560,2023-03-10,2024-01-09,GB78EXYU21737979025343,5fe92965-8ace-496c-82fd-9ca4780fb33f,Sarah Ramos,"41719 Larry Valleys Suite 941 New Howard, DE 40063",+1-294-561-7422x1595,sue15@example.org,Yes,2022-06-18,5761,No,Disease-Specific Health Insurance Plans
3e82ca63-bb25-466a-a1c7-9f5857db5de5,CPT-21664,Quarterly,c506c16c-3f84-401e-a0b1-f7ed3e6d6724,11572,Karen Levine,"Anthony, Mendez and Morgan",What it school one power billion wonder better.,Enjoy foot recent strong.,Remain until structure build maintain natural hear.,49958,Townsend Inc,Rejected,623-380-6042,Henry-Walker,Comprehensive Health Plan,e4d1723c-b830-4842-b090-ed57abafcded,Individual,2025-06-30,50632,383,2025-04-11,2025-07-26,GB76UALU87073824236765,70e2ad0e-6408-4424-9c3e-9cc1c5e5b500,Courtney Porter,"736 Clark Ramp Evansberg, TX 56471",001-713-436-1654x95415,megan91@example.com,Yes,2024-02-29,1502,No,Senior Citizen Health Insurance Plans
43240bc3-3e78-492f-af91-4e2f37b6c929,CPT-20619,Monthly,274ab259-5f8e-4506-b355-746d70293d8c,22990,Timothy James,"Jackson, Diaz and Chan",Suddenly respond guy affect.,Serve standard body little they.,Smile wait present floor couple operation.,15233,Kelley-Lee,Rejected,782-274-6984,Park-Schneider,Critical Disease Specific Plans,31a66209-47d2-49ae-b5c8-dfdd8faecb47,Corporate,2024-09-15,23385,322,2024-07-25,2025-03-16,GB07YOCL83487332413743,a8198c71-b056-4d61-8712-21f51e5ccd01,Danielle Hall,"8439 Lance Rapids Michaelhaven, OK 11007",598.892.3655,campbellmartha@example.com,Yes,2023-04-20,9221,No,Senior Citizen Health Insurance Plans
2dae8969-ba24-400c-8059-f45cdf1fca1d,CPT-23008,Quarterly,30ccd984-a348-4a19-831e-e615faa7cca2,32897,Derek Pollard,Rogers-Vance,Court nor throughout vote.,Throughout course hard final this world.,Find organization discuss rich vote them.,63157,"Mason, Page and Turner",Rejected,638.202.8943x784,Bell LLC,Comprehensive Health Plan,561552e0-9a00-48b1-a4d3-c610e220b32e,Corporate,2025-08-24,40351,537,2025-01-21,2025-10-08,GB19KAHZ92532870178338,4b25e23a-35aa-496c-a980-0bd9488bf032,Sandra Byrd DDS,"94823 Kirby Flats Elijahstad, SC 33266",(795)831-8121x4303,lauren29@example.net,Yes,2022-12-28,5847,No,Senior Citizen Health Insurance Plans
e2922969-3700-4edb-bb30-d77e0718a6c9,CPT-27019,Quarterly,c46ff964-114b-4fa2-b2f9-5d4ebe45d793,75633,Brandon Reynolds,Williams-Barnes,Cover easy chair million structure certain.,Discover picture address degree.,Edge image here.,23971,"Gallagher, Williams and Benjamin",Rejected,894.338.8480x0452,Oconnor-Lopez,Comprehensive Health Plan,91b2a5b8-db60-46ee-9ce4-47f370eea56f,Corporate,2020-12-19,85317,883,2020-10-27,2021-07-03,GB39OHSC34292644222310,98d9a858-a471-4c96-aef9-c2d7739fbf28,Joyce Davis,"17624 Susan Pass Suite 929 New Jamesburgh, IN 97222",989.459.7955,ggonzalez@example.net,Yes,2024-05-02,8009,No,Disease-Specific Health Insurance Plans
b5fda97c-2d79-4659-9fe8-8ef0b1525975,CPT-14619,Annually,ae7dbbb1-7825-4398-948d-f8628877be71,4659,Lauren Robertson,"King, Marks and Anderson",Scene speech letter him.,Debate social bar sit draw yes.,Opportunity Republican name environmental.,64570,"Mills, Smith and Lambert",Rejected,(579)217-9994,Casey-Dunn,Critical Disease Specific Plans,cf7f2ceb-67a8-4607-a2ae-ac1815543542,Individual,2020-04-16,10773,919,2020-01-22,2020-05-20,GB87ATVV79348948455292,57504aed-6c4a-4fb7-814f-3669a6bb0e2b,Hailey Mitchell,"165 Erickson Islands New Jamesmouth, CO 97890",988.247.2154x5966,afowler@example.net,Yes,2021-06-04,8548,No,Disease-Specific Health Insurance Plans
572ac828-210b-4db2-a947-67abf11244b2,CPT-78968,Monthly,e283ebd1-6d2c-436f-aeba-87fc3c5d2bba,29118,Devon Hudson,Cook-Alexander,Whether image role believe generation.,Than apply black help.,Could writer when weight.,55419,Le PLC,Rejected,592.699.7892x010,Escobar and Sons,Critical Disease Specific Plans,35f6a4b7-77bb-4b38-8552-da2b3aee902e,Family,2023-12-31,44746,451,2023-12-03,2024-07-16,GB13LYMT18390671932099,718fc528-91d6-4c1d-b48d-7be0b470d6ba,Stephen Smith,"454 Justin Shores Suite 311 Annafort, AZ 74120",895-468-4478x2238,sarahbarnett@example.net,Yes,2022-06-28,5679,No,Senior Citizen Health Insurance Plans
4c001947-1e19-4142-b721-a4bc20dd7e03,CPT-39287,Quarterly,68fb6cc9-c4c2-4c69-bb35-90cfecf773f2,7125,Zachary Ortiz,Mitchell-Carrillo,Daughter interesting minute one sense charge.,Fear resource trip ball.,But authority may owner.,13369,"Howard, Gray and Lindsey",Rejected,001-777-290-9011,"Chavez, Hansen and Burke",Comprehensive Health Plan,8f3f59d3-7d8b-4721-9ffc-58dc4bd31443,Family,2023-07-01,98925,334,2022-10-09,2023-09-28,GB34DUMJ38271945680810,c3397aef-cc1b-4b5a-8d36-19cc8f1c5d0c,Carol Young,"299 Tran Tunnel Suite 471 Hodgesborough, ND 00530",+1-676-926-4652x02851,kjensen@example.net,Yes,2020-06-28,1939,No,Disease-Specific Health Insurance Plans
1def5784-e852-46d0-a463-20b823bf4b87,CPT-21052,Annually,c1b29a7d-885a-4161-b079-65c5bf1c2aef,32197,Alexander Wall,Smith-White,Finish knowledge rich according election reflect.,Day realize alone there care.,Land class nothing image.,94445,Marquez-Lloyd,Rejected,001-783-655-8487x38310,Crawford-Zuniga,Eye and Vision Care,bef66547-2343-4f44-a8ed-17fc699eb202,Individual,2020-12-02,46017,702,2020-09-04,2021-05-20,GB48POQJ67080147057240,afc99771-715e-4955-abcf-98d062dcad9e,Michelle Williams,"808 Nelson Underpass East Justinfurt, AK 67803",(368)741-4061x6456,pwagner@example.org,Yes,2020-07-04,2113,No,Disease-Specific Health Insurance Plans
c3d71108-1277-48e8-817d-e0c4451a61d2,CPT-39403,Annually,d6a759ad-76c3-4dfb-a920-4a5e542af4c8,11041,Karen Graham,"Mccormick, Thomas and Cummings",Common win color lose sure.,Affect campaign us assume fast support social environment.,Believe organization sister water contain include.,49977,Robertson-Berry,Rejected,966-271-7148x054,Massey LLC,Maternity Benefits,0360bc17-d4d1-4e47-9d01-f99f85ea1d5a,Individual,2025-05-23,32438,805,2024-12-02,2025-06-13,GB60WPIW27753773356201,080504d4-77c2-471f-afb5-812358d99cf2,Melissa Smith,"PSC 9418, Box 4907 APO AE 51192",578.632.0771x2135,aarongarcia@example.org,Yes,2020-02-21,9568,No,Disease-Specific Health Insurance Plans
3e7ec186-345a-414e-909b-a18291250bcf,CPT-51657,Monthly,fcca057f-a167-4987-9710-06abec59e4eb,20398,Ethan Harris,"Jones, Jones and Nelson",Success specific together start bag culture.,Down human may something benefit similar.,Thank and next cultural similar growth few.,56406,"Joyce, Blair and Mills",Rejected,001-832-204-7913x38191,Rivera Inc,Critical Disease Specific Plans,592e0d0f-be91-4512-a1dc-b16534bc89de,Corporate,2020-03-27,43303,440,2020-01-29,2020-06-24,GB06FDGP72707261413467,2c10213f-60c6-4040-94b3-23e8b0606db5,Heather Roberts,"2838 Howard Lane Millsstad, WV 06565",233-268-1254,sarahpalmer@example.net,Yes,2024-12-31,9096,No,Senior Citizen Health Insurance Plans
dc45da68-2a7b-4d17-a111-c667b2024b79,CPT-30737,Quarterly,679e5431-89e6-4a35-949b-4baeb6471c3c,9075,Lauren Chambers,Rodriguez-Smith,Reach eye every machine gas customer.,Offer people drug.,This ever step voice education gun space attorney.,39026,Wolfe and Sons,Rejected,+1-869-580-5606,George-Butler,Maternity Benefits,7af05a84-ab39-4874-8893-9304ea2e31e9,Individual,2024-02-25,26140,612,2023-08-31,2024-02-26,GB11EZQT72533068891558,7c1483d3-3149-4b68-9462-9296cc87368e,Amy Ellis,"31210 Sanchez Rapids West Annstad, AS 18896",654.379.9423x9664,wfisher@example.net,Yes,2020-05-26,1174,No,Senior Citizen Health Insurance Plans
b56ca196-f57e-4f41-a9d7-553ca043fa61,CPT-28449,Quarterly,42a8927d-f103-4156-b9ca-22b3fe4a08f8,4366,Marcus Jones,"Harmon, Gallegos and Hooper",High most spring dinner than on show.,Growth security return city close discuss half baby.,Morning interview me.,97866,Ortega Inc,Rejected,001-439-663-1672x77481,"Bishop, Campbell and Jones",Critical Disease Specific Plans,0f95ad7c-386d-4764-b658-efe74ad6a4a1,Corporate,2023-09-24,58755,686,2023-04-22,2024-02-14,GB67RBWN02815442568880,01f5e09e-44ae-4c8c-81d0-bceda2629490,Christopher Salinas,"99574 Aaron Place Apt. 064 Rebeccaville, MO 65947",001-654-758-7317x594,yramsey@example.org,Yes,2024-03-30,5247,No,Senior Citizen Health Insurance Plans
ecfd7002-48a8-4274-aced-6ba92fd14073,CPT-20105,Quarterly,56f9aeeb-b427-4de4-b577-0a66554b80da,27270,Daniel Walter,Cain-Lawson,National hear whom within interview service.,Clearly maintain price conference.,American they care forward beautiful call.,89192,Weber PLC,Rejected,914.591.0045,Chen-Pugh,Comprehensive Health Plan,dd75f1c4-269b-440b-b00b-6732baf360ec,Individual,2025-04-07,67237,726,2025-02-14,2025-06-09,GB73VETF40941147569925,101ff8ec-8f6f-4290-9c8c-9cb29ae484d1,Valerie Lee,"74148 Lisa Plains Suite 128 Martinezville, MS 16522",478-455-3648x442,stephaniepotts@example.org,Yes,2021-03-03,9021,No,Senior Citizen Health Insurance Plans
0cb1f951-f8ea-47de-b8c4-7d62b03770d2,CPT-76747,Annually,d3dc69a0-bf31-4500-8f15-9b30dcdab6a8,37160,Darrell Osborne,Stokes PLC,Politics woman much.,Successful support later you seat city toward.,Rich beautiful modern alone modern animal.,87674,Baker PLC,Rejected,(848)649-5145,Thomas-Stevens,Eye and Vision Care,3854fd3a-355e-4df7-862b-d6ad45719911,Family,2024-09-05,69193,333,2024-05-03,2025-01-20,GB71UDYN46319875601524,dc13e656-b5f6-4779-9d7e-9540e91e45c2,Jill Wong,"43264 Darren Course Apt. 200 North Aliciabury, MS 56664",377-869-5829,cherylmcdonald@example.net,Yes,2021-12-25,4270,No,Senior Citizen Health Insurance Plans
12b98d97-296e-4a3a-8326-06f4dd3feeb1,CPT-66363,Quarterly,e944669f-a1d5-4356-92af-288720abd713,57562,Jacqueline Walker,Rivera PLC,Forget open into move likely save.,Point finish another consider place show.,West item hear stay goal manage authority.,32776,Jackson Inc,Rejected,5638117151,Cole Inc,Maternity Benefits,5a30f222-4a5a-4de0-8001-2505094e8691,Individual,2021-07-28,73240,714,2021-07-15,2021-09-09,GB93SWLD69417707935914,d82b067e-5271-4669-ad31-e8d12ff7a6e6,Nicole Torres,"52993 Bernard Fields Suite 831 Port Deniseborough, MS 23696",931-276-8659,lisa90@example.org,Yes,2022-03-19,7848,No,Senior Citizen Health Insurance Plans
d143ae9c-0e4e-4195-bdb4-0a6e197b3740,CPT-18685,Monthly,9d0a27dd-f2e5-49f5-8d9b-724699a89859,22287,Daniel Stokes,"Hayden, Gutierrez and Sloan",Rock guy quickly.,Business pick party might reality beautiful employee.,Newspaper time my time authority bar.,66088,Jones and Sons,Rejected,648-621-5245,Green-Hunt,Maternity Benefits,9636f569-69a0-4dec-a268-a4a364919746,Individual,2020-09-05,25525,357,2020-04-24,2021-04-04,GB90GIJZ21437620641581,d6a0f5ab-3e73-4af3-aa54-bfde55fb24c9,Timothy Robinson,"042 Laura Streets Suite 114 Valdezborough, ID 56690",284.870.6827,timothy55@example.net,Yes,2022-02-04,8991,No,Senior Citizen Health Insurance Plans
8ec1377d-00a9-4dbe-853c-300696b9cfec,CPT-56634,Annually,24db0d91-7b7c-42cd-bff0-75bbdc8766cf,27356,Carol Cannon,"Hammond, Miller and Patel",Wonder pay moment officer.,Instead former wide begin partner.,Perhaps drug subject population race pretty for theory.,35104,Ruiz-Perkins,Rejected,(544)845-0985x9132,"Beck, Martinez and Ortega",Eye and Vision Care,50bc6e52-0be2-41b5-a338-55100291ee48,Family,2022-01-15,30112,119,2021-08-21,2022-07-07,GB92NOLP73946843750003,0d55cbdb-244b-4e52-95c9-b9383262c471,Stacy Riggs,"998 Allen Stravenue Suite 331 Sheilamouth, OK 37327",+1-903-393-3749x69408,jessica03@example.net,Yes,2024-06-30,6054,No,Senior Citizen Health Insurance Plans
7d0c4b92-6aaa-4362-b7cf-b8e5279bc04c,CPT-40347,Monthly,4ef6035a-b6b8-44a3-b582-c603a9410b9e,36525,Patrick Jacobson,Booker Group,By idea stuff.,Wide forward shake past like.,Mind free analysis system have.,48911,Small LLC,Rejected,563.866.2216x78545,Hester Inc,Comprehensive Health Plan,a6ad7483-8813-4909-b479-1ba1ce25d394,Individual,2020-07-12,81942,221,2020-07-10,2020-09-04,GB36BBYI38979487287258,b3889bad-d623-446d-beec-2f646d9ab33f,Anthony Carlson,"0585 Barnett Inlet Suite 690 Port Stacyview, IA 08256",001-478-944-7583x488,alexanderchristian@example.net,Yes,2021-08-25,2136,No,Senior Citizen Health Insurance Plans
d4cbd36a-1014-49bd-8e79-0567644083f3,CPT-15145,Annually,026d6acc-fd07-4343-87c3-accf6eebac38,23772,Denise Moore,Boyd-Myers,Couple happy their kind research into.,Station fish leave table.,Billion people meet remember.,29734,Lewis-Proctor,Rejected,912.470.6196,Nguyen-Martinez,Comprehensive Health Plan,84131bbd-8915-4d6c-b379-95febde3d7ad,Corporate,2021-02-20,29822,454,2021-01-17,2022-01-15,GB04MKJW92103662235154,c0c9c209-b88a-4f61-bad6-2f081e662e6c,Heather Martin,"23101 Goodwin Street Suite 496 Nicholasmouth, MS 28063",386-660-9353x900,curtis53@example.net,Yes,2020-12-09,5728,No,Disease-Specific Health Insurance Plans
ead3c950-0156-45d4-b0b4-2c152160de48,CPT-96294,Quarterly,d986cf29-c23d-4261-82ef-3a6fe10706d5,38476,Amy Morales,"Lane, Short and Bailey",Like computer edge mission old.,Training world collection south environmental.,Nature word yet near since bit.,19611,Robinson Ltd,Rejected,7533283090,"Warren, Decker and Barnett",Eye and Vision Care,152c152e-031d-4f66-ac49-2763642ce653,Corporate,2024-04-08,60102,118,2023-11-03,2024-07-12,GB57NYDW49311902176358,b99e8358-77e0-4a95-902f-f0c8534ab953,Michael Aguilar,"PSC 9635, Box 9273 APO AE 37324",(329)649-9379,martinpatricia@example.org,Yes,2021-09-05,7434,No,Disease-Specific Health Insurance Plans
20deae80-7483-4ac6-a31d-2bbaf2f38dc8,CPT-45598,Quarterly,1920fed4-f715-402b-be7a-4f04c6bdfaee,4712,Lisa Moody,Gordon-Miller,Part mission radio business require.,Detail responsibility foot factor six want heart score.,Question professional include meeting drive some focus.,96415,"Frank, Hensley and Nelson",Rejected,373-846-0137x498,Mcfarland LLC,Eye and Vision Care,b1352738-0544-42a5-b711-2b1b6172cc87,Family,2022-07-05,42587,626,2022-01-21,2022-11-05,GB79SCYA15279382232271,623eaf31-c895-417d-910c-fb2140237de2,Gerald Davis,"79122 Erickson Ports Apt. 048 Wallaceberg, VA 94531",885-201-1441x46961,david50@example.net,Yes,2021-03-09,6110,No,Disease-Specific Health Insurance Plans
40b7b6b7-26e9-4780-9390-a41e698025f6,CPT-59545,Quarterly,a6f952f8-fa8c-4742-a37d-48e57e4c468e,60804,Marcus Pittman,"Cooper, Chen and Ponce",Become natural board think.,Collection argue possible product.,Part or man it find.,65443,Johnson LLC,Rejected,+1-517-688-7351x0442,"Stevens, Smith and George",Eye and Vision Care,44431049-565f-4017-bbd6-d84f4763136a,Corporate,2024-10-31,65235,157,2024-08-04,2024-12-09,GB91MPLB75498790019925,3701a6b8-958d-4416-aee1-6e72c84d5a41,Robert Harrison,"819 Chan Crossroad Jamesland, LA 37153",981.783.2260x28651,bmoore@example.net,Yes,2021-08-31,1835,No,Disease-Specific Health Insurance Plans
520da1fc-d900-4725-b781-e149257755ee,CPT-54830,Monthly,7fb038ca-1485-49b0-8df9-bd74a1d54452,3089,Tina Bell,Ross PLC,Tend attack single south.,Century century hand difficult however home card.,Fast yourself north ago.,52281,Simon PLC,Rejected,(730)229-7209x071,Howell Group,Eye and Vision Care,2e11e10a-2823-44d1-9871-4bac42aefa65,Corporate,2021-05-03,5258,461,2021-04-29,2021-09-02,GB38KITK19271275845445,7d9221f2-abcf-4cc7-8de7-093e2ea3620b,Melissa Miller MD,"494 Timothy Ranch Suite 860 Mackenzieton, MH 67421",358-740-2608x9086,hendricksmisty@example.org,Yes,2024-11-10,3335,No,Senior Citizen Health Insurance Plans
ad31c841-3cf3-4c4e-bde0-fedfd87f4c97,CPT-98811,Monthly,55a30deb-82cd-4a6c-8176-99d5fb22deb6,5943,Jade Lewis,Davis and Sons,Chair still lawyer personal light southern.,Stock treatment news realize list.,Something south process country.,42435,King-Hall,Rejected,416-687-3149x41119,Garcia-Gray,Maternity Benefits,f3071aab-b1d5-44c8-82ab-46dc7d1c20be,Corporate,2025-03-09,86695,924,2024-12-02,2025-06-10,GB23PPEZ81547371225864,edc18534-9113-488f-9eee-f2c5287f3542,Brandon Mendoza,"5270 Shannon Road New Ericchester, NJ 38270",+1-511-448-9698,lori67@example.com,Yes,2020-10-23,3766,No,Disease-Specific Health Insurance Plans
3e32da72-c9b1-439c-8218-20722b4ba128,CPT-40062,Monthly,b8cb341b-4b8f-4e10-8ea6-8c960a313f56,16205,Tammy Hawkins,"Bell, Nguyen and Mathis",Cost student include church.,Likely agency picture to fact audience country.,Rather resource million look score.,13970,Herrera-Bennett,Rejected,001-732-247-6058x0776,Brady Group,Maternity Benefits,6e2e133b-86d0-4300-aff1-43fdc3d84878,Individual,2023-09-05,24052,202,2023-07-12,2023-09-15,GB44HNPZ74436282798379,7301cb04-252f-40ac-97b4-8ff1035592b4,Michael Stone,"466 Stacy Forks Rileychester, AK 23449",+1-332-762-4114x05160,leslieperkins@example.org,Yes,2023-02-08,3710,No,Senior Citizen Health Insurance Plans
249c13bb-192d-4d34-9e60-ba29631b18b2,CPT-26433,Monthly,62fa7df9-6ab0-477c-a416-dcb516259608,2916,Michael Swanson,Gonzales LLC,Bed thousand sport woman.,Institution early benefit bring process practice.,No probably toward respond.,6456,Oneal-Young,Rejected,(435)619-1916,Turner PLC,Eye and Vision Care,153f9049-c1bb-47a1-9fbd-43564ad99e4e,Family,2021-10-13,75034,207,2021-05-06,2022-01-19,GB73UDDZ79207298384084,ae2e4240-5824-4dc4-8d41-ed11047e9f8a,Debra Franco,"8098 Michele Drives Apt. 270 Gutierrezburgh, CO 53243",(579)870-1949,tinawhite@example.net,Yes,2021-04-16,6621,No,Disease-Specific Health Insurance Plans
a81256e1-9dfe-4e86-a4f2-3746fa48634e,CPT-44084,Annually,0ec03f7c-bdf4-4a53-b071-84d4b8656d83,10512,Jessica Porter,Williams-Sanchez,Free key style from type.,General husband simple note.,Fill because throughout kitchen risk.,88968,Frye-Ellis,Rejected,001-573-640-5351x91859,"Simpson, Huffman and Thomas",Comprehensive Health Plan,076104ee-ffcd-47e8-bba6-e3c213151c2a,Individual,2021-03-24,62668,507,2021-01-12,2021-06-08,GB06RZVJ11776385129666,e1618dfd-d4ca-4cf3-ab08-2ed20096bfdd,Ariel Diaz,"1168 Davis Light Lake Kellyville, PR 00509",001-885-533-9302x8041,jeanne21@example.org,Yes,2020-03-30,6498,No,Disease-Specific Health Insurance Plans
7c724e96-1d8d-4423-a654-72146b6d376f,CPT-67393,Annually,f71171c5-e11a-4f57-b0ae-f51d34c98356,6091,Raymond Clark,"Johnston, Warner and Mclaughlin",Whose deal conference wonder myself production.,More man alone include order.,Friend then support face but ready beat.,95174,Holmes-Watson,Rejected,(843)767-3942,"Henry, Hendrix and Parsons",Eye and Vision Care,6a501b2d-4c1a-4ff5-b2c9-ec6c6393996a,Individual,2020-03-14,6224,631,2020-02-06,2020-06-03,GB36CXMA56100892952697,89bafda7-fea5-4fb5-8b9b-6903ce705c21,Scott Moody,"28276 Justin Branch Reevesfort, MN 84864",519.290.9990x2337,elopez@example.net,Yes,2023-01-05,1839,No,Senior Citizen Health Insurance Plans
954d4a63-91fe-4555-973f-ce5a06c9f4e1,CPT-82114,Quarterly,e1c890d0-002f-43ac-ad64-743aca5f9437,5299,Cheryl Sutton,Salinas Group,Player people community.,Tell agent within adult kitchen Mr.,Military small little simple scientist decision feeling.,72517,Walker LLC,Rejected,001-709-913-6130x776,Moss-Davis,Critical Disease Specific Plans,f0c4d9d5-a78b-48ad-936e-9d606b03c604,Individual,2023-09-15,24277,614,2023-05-22,2024-03-16,GB87ACZS98847927173975,557f839b-6c51-46e0-8dcb-48b3fdfdb530,Miss Heather Smith,"7645 Armstrong Stream Apt. 725 West John, CT 96366",921-947-0953x79346,floreswilliam@example.com,Yes,2023-07-17,8609,No,Senior Citizen Health Insurance Plans
bd8ba7a3-0aa6-48b6-843a-91082a363f7e,CPT-86047,Monthly,c6c696c1-7db6-47ac-bffc-6a90f2752360,8952,Joseph Garcia,Mack-Davis,Situation man leader his student approach.,Part politics who road but use relate.,Lawyer race instead season after economy yard.,63425,Hicks-Williams,Rejected,482.782.0497x20556,"Morse, Graham and Underwood",Maternity Benefits,d9a11cfe-8566-4c00-892e-11ee3eb02253,Family,2022-06-03,53532,699,2022-04-09,2023-04-09,GB41OGKS28805009435608,269275d5-4f7d-4779-a1e5-3357d77d0b5e,Terry Armstrong,"14863 Lucas Inlet North Joshua, TN 37789",+1-584-827-1518x39381,levi48@example.org,Yes,2023-08-08,3423,No,Senior Citizen Health Insurance Plans
ef77609c-e8f2-4198-8095-16eb105a334e,CPT-42918,Quarterly,37b76d94-afb4-4ba9-838d-6da8d7924036,39629,John Henderson,Young-Schmidt,Color poor quickly particular soldier toward herself.,Stuff economy tend action pretty family.,Thus debate so her population cold.,55414,"Barry, Jones and Reed",Rejected,4819598220,Williams-Marshall,Critical Disease Specific Plans,6d017571-6933-4fb4-85cb-a5594322ce25,Individual,2021-03-04,46180,381,2020-06-06,2021-05-11,GB16BRJQ60154100324972,a7a190a2-6837-4fd3-a766-d20f74d76d8f,Bryan Bonilla,"71781 Kimberly Mountains East Michelle, OR 72554",6457131730,pmoore@example.com,Yes,2025-01-01,6460,No,Disease-Specific Health Insurance Plans
6d380689-c701-4358-988d-5135821bc1e9,CPT-99661,Quarterly,41af2bf5-cc09-46c0-956a-f4b3e4d341a5,88629,Richard Davis,Rodriguez-Lyons,Everybody end member size participant question room.,Far take treatment manager as speak beautiful.,Feel we sit describe capital occur ready.,95448,Li and Sons,Rejected,+1-646-572-2543x622,Mendez-Jackson,Comprehensive Health Plan,dd5a44c1-1dc4-437d-9800-9afab60ba324,Individual,2024-02-28,96392,998,2023-04-19,2024-03-19,GB42NFID01387578874146,26b7a6f8-4469-430b-be77-1a7986668569,Douglas Lambert,"82310 Michael Avenue Suite 305 Roseborough, AK 51776",860.704.4674,jessicabrown@example.com,Yes,2022-10-17,2448,No,Disease-Specific Health Insurance Plans
df7bb3e9-deb0-4b10-a261-9a373caf37b5,CPT-67146,Monthly,2afc3978-7ca5-4081-a06b-8afa267ea4ba,35252,Jennifer White,"Anderson, Williams and Miller",Condition recognize yourself third.,Lawyer reveal book catch.,Window pick performance level.,81615,Allen-Fernandez,Rejected,952.499.3871,"Allen, Castro and Walker",Maternity Benefits,eb721a5d-7aaf-4e47-b144-2e2f81aacc5c,Family,2023-05-07,55778,873,2023-02-19,2023-06-12,GB21YJNE68707542643240,29b7e47b-f69e-41be-b16e-abdd043990c8,Ms. Heather Barton,"27819 Shelton Via Suite 936 South Christine, MH 16716",942.961.1245,matthew03@example.net,Yes,2022-09-20,3266,No,Senior Citizen Health Insurance Plans
1bc491dc-500a-418e-b070-a59fa713a6e0,CPT-71187,Quarterly,9cc03d51-b417-4dff-9005-aa19250d1c67,5856,Anthony Lawson,Burke-Cooley,Mrs risk them far where.,About strategy rest address occur play agree.,Short weight during trip manager place small.,62484,Lee-Cruz,Rejected,+1-989-218-5945x926,Ward LLC,Eye and Vision Care,cbb91f94-4c00-4a68-bda3-a3fb35a41087,Family,2021-02-21,20226,122,2020-06-01,2021-04-08,GB76OHSZ54554510368074,e4c012e1-d2de-436c-be93-4dbe50e7c4bc,Daniel Delgado,"614 Gardner Run Suite 986 West Traceytown, HI 40598",870-336-8841x1087,brownandrew@example.net,Yes,2023-08-12,5709,No,Disease-Specific Health Insurance Plans
3b826413-e9a9-4ba5-a5db-1744e7025fb5,CPT-29882,Annually,b1b8a208-d28a-41cd-becc-46af292ebf8e,10277,Nicholas White,Jackson-Kelly,Card economic whatever government back chance ahead.,Ball tell reflect style we media factor.,Interest food myself production picture.,49519,Case-Martinez,Rejected,239.220.1131x78852,"Thompson, Weaver and Johnson",Comprehensive Health Plan,92bc1358-379b-4849-886a-a3f7783d60e9,Individual,2020-10-11,93161,335,2020-09-14,2020-11-02,GB66JDYE23300060256446,e4a62dc0-79db-4a62-8b17-4720efec27f5,Andrea Simpson,"8073 Ronald Trace North Lauraview, UT 68053",+1-512-426-2238,castanedablake@example.net,Yes,2023-11-07,1229,No,Disease-Specific Health Insurance Plans
4e738b8c-9265-4842-97ba-996b5e79be18,CPT-62677,Annually,4a404cd4-7bbc-4afc-a5d1-94b397445b7d,16550,Carlos Rangel,Norman-Charles,Organization design final conference.,Education final line.,Nice much wife quite majority local bed.,29588,Johnson Group,Rejected,+1-254-755-7226x80399,"Strickland, Zimmerman and Lee",Comprehensive Health Plan,3cfa801e-d3b1-4be7-b30b-79187772c5a2,Individual,2022-06-03,33778,230,2021-10-23,2022-08-26,GB60ICXR64962291827761,afc1d283-5899-4d63-81e7-d915947975d1,Courtney Alvarez,"2845 Larson Streets Ashleystad, NV 69590",559-993-5883x5789,tami11@example.net,Yes,2022-11-23,3231,No,Disease-Specific Health Insurance Plans
80e311ce-3536-4f80-ab02-f78f3ccb7b9c,CPT-22169,Monthly,3cb73b87-b104-48bd-9f1d-2e95fe314b4c,26309,Carl Allen,Townsend PLC,Natural conference break cause nature economy commercial.,Coach notice husband truth.,Vote memory want control employee.,23617,"Perez, Robertson and Riley",Rejected,661.370.9066,"Smith, Little and Barrett",Eye and Vision Care,3882f867-9853-41ab-a232-88cb940abd77,Individual,2021-11-25,43146,383,2021-09-06,2021-12-05,GB62ITYE56789116088230,4408d43d-bb7d-430f-ab09-b8aaebf94544,Tara Kirby,"66016 Rita Locks West Carlaton, NV 36052",001-280-944-1708x6592,janeowens@example.com,Yes,2023-10-06,1149,No,Disease-Specific Health Insurance Plans
2b9bee13-eb37-4f22-9442-6cfbaf1e154f,CPT-75516,Annually,6d526457-1621-43ca-9df9-fb26cca99910,37743,Julie Humphrey,Warner-Wood,Method short piece just such.,Despite on business yard Mrs.,Theory hundred action leg analysis.,72392,Nunez-Jones,Rejected,001-241-836-7892x9488,Swanson-Scott,Eye and Vision Care,db768251-6f81-4a64-8603-1c3f6e6cb312,Family,2021-03-07,44233,765,2020-12-17,2021-11-01,GB40MZLK30254071131206,6648d4a9-b830-45e5-8395-60027349f85e,Ashley French,"9681 Kim Glens Marymouth, LA 97959",(231)331-5291,tammy71@example.org,Yes,2022-05-31,3956,No,Senior Citizen Health Insurance Plans
648c53f8-688d-4654-a370-3145136e64b1,CPT-56409,Monthly,67b394fd-02e1-439c-8b61-9ea54cf1c860,26538,Lauren Miller,Hoffman-Morris,Husband bank yeah.,Region mention control picture eight.,This impact green really.,34955,"Warren, King and Flowers",Rejected,508.704.8532x436,"Benson, Myers and Weaver",Critical Disease Specific Plans,18091c51-3830-42ac-966f-9d181bdf48db,Individual,2022-03-01,28392,223,2022-02-07,2022-12-28,GB26NNXG39736710836873,c04b47f5-df9d-4f90-ab75-970f82cc2c04,Stephanie Christensen,"88628 Bell Crossing North Matthew, CO 82786",(362)533-7057x89595,boylerichard@example.com,Yes,2020-12-20,9473,No,Senior Citizen Health Insurance Plans
fb7eab2d-f6eb-48a3-8e83-5340bf5c34d7,CPT-49390,Monthly,6ccc1182-95bc-43ec-a498-794e313df29b,9178,Sarah Manning,Jimenez-Watts,People she cost the certain staff.,Play realize arm stock.,Scientist later kid cultural three rule Mr allow.,14223,"Garcia, Ewing and Terrell",Rejected,+1-668-831-2688x42045,Myers-Martinez,Critical Disease Specific Plans,648fbff8-3169-42b8-aa8c-69f38ed60a35,Individual,2020-12-24,24957,876,2020-09-17,2021-02-25,GB60JZFZ54013860750907,516b9179-8c72-4f04-aa6e-a22983563947,Wendy Ramirez,"47625 Paul Coves New Patricktown, MH 29017",373.863.3579,amber60@example.org,Yes,2022-07-29,6949,No,Disease-Specific Health Insurance Plans
bc76f321-871b-4768-b693-974bc46ab479,CPT-12607,Monthly,d8910dc0-25a9-46ad-ac6a-b2580951eafb,35215,Craig Cross,Hale Inc,A item score brother blue.,Speak particularly near least.,Shoulder soon find leader.,38390,"Lawson, Carey and Thornton",Rejected,(651)462-8510x91679,Scott-Clements,Maternity Benefits,fa0f76d2-8f71-43da-b210-78c41493d5f1,Family,2022-06-30,66506,901,2022-06-23,2022-11-20,GB68IAHM92397038967474,ff9f0804-46d3-492b-abf1-2cabdc94708f,William Marquez,"78712 Wright Spring New Kevinmouth, AL 84336",001-694-251-0526x219,hkelley@example.org,Yes,2024-12-20,5612,No,Disease-Specific Health Insurance Plans
09addbf2-5717-4af0-b0c2-b5ec5018687a,CPT-85045,Monthly,c5d97b65-a9e2-4fd8-8530-4fbb72955a99,37959,Mike Davis,Miller Inc,Cost three other commercial capital evening keep.,Most area that car religious PM day old.,Let less TV government threat student.,26706,"Calderon, Parrish and Henson",Rejected,(694)203-1165x538,Warner-Hart,Critical Disease Specific Plans,62137c55-876f-43da-bb9c-1145c427ca0b,Family,2025-04-12,89785,812,2025-03-21,2025-05-05,GB49KBTS00494788635037,96c21abe-6007-424f-8723-159ad06e39f8,Karen Jimenez,"71078 Joshua Gardens Willieside, NM 71501",236.227.6056x666,stephaniewinters@example.org,Yes,2020-11-05,7579,No,Disease-Specific Health Insurance Plans
ebb1118e-27b7-45cc-be8f-598a1cecdb4d,CPT-89169,Quarterly,ba13c6b6-4f39-452e-a569-5a14c231c1a8,13135,Edward Duncan,"Mora, Wilson and Rowe",Hear church rate far cost.,Claim economy try bag.,Use world future well line popular.,7641,"Perez, Mendez and Sloan",Rejected,(700)340-5047x140,Bolton-Robinson,Eye and Vision Care,0eeeea83-df7a-439b-9ec8-d17a53698b2f,Family,2021-03-01,60748,124,2020-12-18,2021-03-03,GB07PVAK36466033942877,783ccb86-951f-41f9-af9d-d416ed0c42b2,Raymond Chavez,"103 Jaclyn Mount Lake Timothy, VT 85868",311-312-4021,burgessmatthew@example.com,Yes,2022-11-24,3432,No,Disease-Specific Health Insurance Plans
2229bc7c-bc8e-4e4c-9fa9-aa91cd885baf,CPT-72360,Quarterly,ee6d6e05-508b-44f2-b3ce-7869894c88e7,12715,Clifford Meyer,"Collins, Rodriguez and Cordova",Bed late deal billion letter trial.,Also low short such.,Art after two when mean kind glass.,91414,Garza-Fox,Rejected,904.589.8953x7922,"Johnson, Thomas and Vincent",Comprehensive Health Plan,dc4f2a33-da26-4c08-9eac-9c383981d324,Corporate,2020-10-10,54716,343,2020-03-31,2020-11-02,GB54EQMD16064945968258,2a5d17a6-d371-4eeb-bad9-86ac94edcf75,Donald Goodman,"89792 Jennifer Drive Suite 353 Port Pammouth, NJ 72101",471.491.3086,hlong@example.com,Yes,2022-12-15,2951,No,Disease-Specific Health Insurance Plans
2fe505c4-e8b6-435a-937d-a297da412bae,CPT-16409,Quarterly,095cf391-81fa-4ee2-894d-76612528f0be,5496,James Allen,"Walker, Melton and Evans",It thought from school government technology customer.,Another he rise need half coach full.,Alone lot similar worker light Republican.,83187,Marquez-Jones,Rejected,3287161841,Miller Inc,Maternity Benefits,faa18c35-32e5-4bce-9f4f-1aaab5e55fa0,Corporate,2023-05-09,6370,499,2022-11-05,2023-07-02,GB52KFAO07324136873324,fa628c18-2fda-4155-acbd-9a96c65cb2dd,Stacey Diaz,"50985 Smith Square Rodriguezview, NH 27692",(833)229-0343,wilsonchristopher@example.org,Yes,2020-02-15,5344,No,Senior Citizen Health Insurance Plans
9f9b7c47-78e0-4480-bdb9-7ff9853e9bb7,CPT-91665,Monthly,a21bd375-c18e-4163-99d2-3c232c055acd,69693,Jennifer Mitchell,Turner Group,Door hear yeah woman turn reflect ok available.,News animal free.,Or miss authority have along.,42932,Hayes LLC,Rejected,(257)491-5102x400,Davis-Cooper,Maternity Benefits,89a5d2b0-67b9-4784-8a4d-e5c2da818fdb,Corporate,2023-11-11,73535,529,2023-04-04,2023-11-20,GB55PLKM44137164069636,d236ce1f-3af3-484a-8dfc-76c797694deb,Tiffany Gilbert MD,"8864 Carter Extensions Suite 278 West Chelseatown, AK 45318",676-705-2405,xjordan@example.com,Yes,2022-02-14,2836,No,Senior Citizen Health Insurance Plans
81219ca3-063a-4414-9ad8-ccb766a0abe8,CPT-30548,Monthly,2159e306-a721-4d23-b146-c716083e4fe1,76027,Kenneth Giles,"Reilly, Schneider and Smith",Above this morning.,Activity tell plant fact control seem my between.,Phone exist safe itself game approach.,72859,Murray Inc,Rejected,827-230-0610x594,Meyer Inc,Maternity Benefits,34d92e19-6c3e-42b7-b911-f0d9ea3deb40,Corporate,2022-01-07,70226,483,2021-12-11,2022-05-04,GB33FXRO64208376032371,7a5d86ba-6d1d-4ab9-a87f-c14380678b23,Olivia Gill,"30626 Eric Knolls Suite 108 Alecborough, MH 11780",472-389-6777x928,qsmith@example.org,Yes,2022-02-23,6160,Yes,Senior Citizen Health Insurance Plans
068a5192-bb65-4aef-9a5a-9440c9166601,CPT-90899,Quarterly,8bb37548-7a70-4c25-8bcb-a3dd8a23e3c9,84054,Angela Conrad,"Cole, Payne and Ferguson",Benefit lead lose scientist natural believe commercial.,Seek power lose each have dinner.,Gas bar pass choice.,73028,"Morales, Mills and Bean",Rejected,673.339.9082,"Olson, Fritz and Ayala",Eye and Vision Care,4fbee5d4-c845-4f06-85dd-153d6f056da4,Individual,2024-04-30,39220,290,2024-02-11,2025-01-02,GB66VPFN22509822502471,a757b239-e29f-4c23-8c25-6aa824a3dbff,Sarah Taylor,"40567 Victoria Prairie New Caroline, GU 61901",(309)541-6472,zachary74@example.net,Yes,2020-08-08,7091,Yes,Disease-Specific Health Insurance Plans
2324cce5-17e7-4d9b-98d1-c13e73d74fa7,CPT-27132,Annually,4ab74560-a9bc-4570-810a-7b03271e53e8,82185,Samantha Knapp,"Dudley, Martinez and Lopez",Usually way avoid finish service feeling.,Attack think get place.,Think at marriage lay pass.,95337,"Kennedy, Singleton and Franklin",Rejected,456.639.8158x7221,Adams and Sons,Maternity Benefits,c400b7b5-cfaf-4cdd-8194-72cae19475e2,Family,2022-10-17,62040,414,2022-08-31,2022-11-16,GB71TURT54511248371096,52af0500-e94d-46f3-a27b-e630bb59bcb2,Nicole Dennis,Unit 4492 Box 1364 DPO AP 23244,386-300-2242x15405,katie33@example.com,Yes,2024-07-08,4556,Yes,Senior Citizen Health Insurance Plans
3381e5de-2cc8-42ae-9229-f0bbb51a65cb,CPT-61781,Annually,cd82a588-7d36-4aa6-bfd0-7225997b5cb6,87745,Nicole Torres,Reed-Stone,Because apply take.,Sit drug response happy out may open.,Without task doctor along wonder.,56313,Ramos LLC,Rejected,908-375-6835,"Ramos, Williams and Smith",Maternity Benefits,8c6b66ed-7ffc-42c7-ab74-61d7c97bb781,Family,2024-10-18,25955,340,2024-09-25,2024-10-30,GB81ULBR99231831535767,d5760e39-a0dd-4441-a22d-974305fa4011,Pamela Smith,"2085 Romero Gardens South Joseph, VI 42719",227.798.7277x161,robertyoung@example.com,Yes,2020-04-22,4325,Yes,Disease-Specific Health Insurance Plans
371558c5-96a6-4cb0-9d50-e1a451c9ed3f,CPT-77953,Monthly,15268779-0250-4312-af53-f9d68e54dc75,57808,Brenda Parker,Edwards-Gutierrez,Hospital firm thus appear television.,Strong summer play three answer ready responsibility.,Couple last behavior meet lay.,36790,Logan and Sons,Rejected,550.470.7533,"Mahoney, Weaver and Brown",Comprehensive Health Plan,a533e457-09a1-4141-82fa-689181bdccca,Individual,2024-10-15,50700,593,2023-12-25,2024-11-20,GB65WSJO60101557503321,c2153fb6-2a22-4af5-a2dc-7bb5bfb2ffe5,Mary Estes,"239 Jose Skyway Suite 297 South Melaniehaven, WI 42189",001-577-943-5657,nicholas01@example.net,Yes,2023-12-04,6060,Yes,Senior Citizen Health Insurance Plans
47d1790a-ff0f-426a-ac64-0f618fb01587,CPT-58939,Quarterly,4d191c95-c437-4070-a2ff-2a8056784e99,60876,Taylor Morris,Brown-Washington,Fast somebody responsibility arm others two fall.,Debate ahead region opportunity adult effect.,Media officer outside design.,82554,Walls Inc,Rejected,3008876134,Patrick PLC,Eye and Vision Care,3e70fdbc-008d-42cd-bf02-8a9905c2c1b7,Corporate,2021-05-31,48638,427,2021-04-13,2021-06-17,GB17TYBW87003787704578,527eca2d-a523-407e-863b-505bf775dc4b,Christopher Thomas,"86365 Bailey Forks Apt. 900 Lake Erica, MA 36143",(623)597-7704,pstuart@example.com,Yes,2020-02-25,2909,Yes,Senior Citizen Health Insurance Plans
4e55cfb3-4a24-41d0-98e2-f7df13425891,CPT-78476,Quarterly,0fb55136-4874-47fc-9cb3-09d870f9a7ca,66826,Michael Flores,"Jacobs, Montgomery and Fox",Skill company win computer PM street.,Standard town three goal process.,Magazine summer forward identify movement everyone nor order.,60189,Smith-Holland,Rejected,318-968-7097x94026,Vega PLC,Critical Disease Specific Plans,fb55fed4-06c6-4356-8f62-d91f7912b94d,Individual,2024-12-25,35585,180,2024-11-04,2025-01-23,GB13ZLVV90299109369961,0aa73fcd-8c8c-4463-b04f-55d0b4e1ed38,Angel Nichols,"664 Donald Turnpike Smithton, OH 15809",(525)435-6584,kellystanley@example.net,Yes,2021-03-03,9784,Yes,Disease-Specific Health Insurance Plans
738cfb39-26b3-4f15-9cdd-05ef6688aeff,CPT-81950,Quarterly,be4e4ffb-e1ad-4d76-af23-20ce55ffbe14,84736,Jonathan Reed,Reed-Lamb,Mr somebody study old tend see effort.,Share to television security.,Else institution respond hit.,77445,Woods PLC,Rejected,+1-964-858-3832x8005,"Lopez, Leach and Martinez",Critical Disease Specific Plans,249c35a6-e9ca-4bda-8f91-637b63c15efa,Individual,2023-10-13,33613,941,2023-09-09,2024-04-14,GB02YPFU35124539565018,ea1df62d-806f-45d9-b6a1-703a6af542d2,Cynthia Villa,"7104 Conner Alley Ortegastad, WA 22221",254.469.2242x864,markgonzalez@example.org,Yes,2024-05-07,9362,Yes,Disease-Specific Health Insurance Plans
babecaf1-7995-4e84-95cc-40328a43be86,CPT-93474,Monthly,f7199359-2f2e-40da-965c-ef4e0adc3053,55323,Andrew Young,Jimenez-Hayden,Task such choose specific have.,Term suffer with official manage move.,Through move institution.,68740,Malone-Lynch,Rejected,960-515-4853x221,"Bowman, Martinez and Johnson",Critical Disease Specific Plans,dfb03002-016d-46c6-84ca-094b066afb82,Individual,2021-09-26,26985,219,2021-03-28,2022-01-03,GB67CZAG06928653361373,c9ffd9f5-5cae-4162-9f85-a8527046cf10,Sarah Gonzales,"974 Hall Falls Apt. 137 West Cheryl, NH 19475",573-687-3584x3637,brownmatthew@example.com,Yes,2022-07-25,9505,Yes,Senior Citizen Health Insurance Plans
abaa488b-402c-46c3-ac20-51d14b9f9c5b,CPT-30829,Annually,4e31e96d-f164-4530-8d10-e45a88f7ce67,92384,Corey Strong,Webb-Walker,Past news oil not now glass red.,These trade authority newspaper.,Over either particular.,94762,Taylor Ltd,Rejected,6593937323,Miller LLC,Comprehensive Health Plan,40238771-1c35-472a-b69f-10c484a1307c,Family,2020-09-16,91956,658,2020-05-07,2020-10-04,GB09EGRI80489985871016,5d235f24-7463-48e0-98e6-1ce71bb2c594,Evan Stark,"5846 Christopher Key Apt. 234 Osbornmouth, PW 88671",737-760-7125x948,clarkdebra@example.com,Yes,2024-05-11,9824,Yes,Senior Citizen Health Insurance Plans
10e9dc7a-697e-4b5c-8247-aa352a98fe00,CPT-51892,Monthly,094c0dd1-7463-49b4-9c93-946ff083d128,97915,Paul Vega,Douglas-Lawrence,After success age too.,Also ready force investment skill soldier budget.,Suggest notice turn.,18906,"Bryant, Adams and Dunn",Rejected,686.340.0999,"Beasley, Black and Winters",Critical Disease Specific Plans,1b3ce2de-e44b-4fb1-8b54-c7613828b8da,Family,2023-08-02,90071,750,2023-01-25,2023-08-07,GB44FOVP29261491586199,fd4eabe7-3976-4bdd-aa1c-839b913d481d,Lisa Armstrong,USNV Gonzales FPO AE 95024,741-510-2134x0754,rlutz@example.net,Yes,2022-04-10,9813,Yes,Disease-Specific Health Insurance Plans
04941623-46ac-40af-bf1f-9ea734abc4a7,CPT-36166,Annually,0abdd750-6fbf-4bfd-b41b-35b4989af1ad,83481,Summer Garcia DVM,Wilson and Sons,True people run.,Nice leader customer pretty give who right.,Western someone where miss.,2289,Colon-Lutz,Rejected,9368815091,"Collins, Freeman and Brown",Maternity Benefits,70256b23-d668-4c2b-b020-eca06f154524,Family,2020-12-04,75285,876,2020-05-07,2020-12-12,GB31KXIH84813894245056,ecc27e78-d807-4256-9405-e4d30f8c25b9,Joseph Lin II,Unit 6397 Box 5166 DPO AA 05904,(644)842-2552,karenhorn@example.net,Yes,2022-12-10,6924,Yes,Senior Citizen Health Insurance Plans
92ab1e2a-9507-41e6-aec2-ed4ee7ad8e5f,CPT-56409,Quarterly,7ddf3843-458a-4b30-b7c7-edf0726ad6ee,58312,Timothy Johnson,"Smith, York and Thompson",Hundred knowledge material garden.,Hard activity professional area line.,Sign agency edge industry Mrs poor.,75927,Rogers Ltd,Rejected,205-552-8259x746,Clark Inc,Maternity Benefits,1fd9dba5-5e58-4e2a-bd5c-535cd7519ff5,Corporate,2021-09-15,31989,973,2021-08-27,2022-04-30,GB53EOWD43757868951985,fbb0c882-7c3a-4101-9cf1-886b848c4bc7,Latasha Mata,"4274 Daniel Lock Suite 094 Normanville, UT 93101",696-991-5475x16311,jstewart@example.net,Yes,2022-03-09,3909,Yes,Senior Citizen Health Insurance Plans
62ab2166-31f4-41fb-96eb-05e75d57a889,CPT-87188,Quarterly,a712474e-2bf9-4a57-82cb-922b93bd9432,84556,Charlotte Ramirez,"White, May and Hines",General letter identify it.,Keep hear bag response condition anyone own.,Media along wide later message.,58328,Moses-Oliver,Rejected,681.538.1414x6097,"Graham, Lee and Wolfe",Maternity Benefits,df8d316a-3299-4320-afa6-675e3fdadcf7,Individual,2022-08-01,55681,825,2022-05-10,2022-10-31,GB19IYIF41608985229206,07614e19-535a-458b-b173-8796fd0507d2,Cassandra Henderson,"5048 Brian Bridge Smithside, SD 58937",001-730-966-5911x9701,byates@example.net,Yes,2023-05-18,3297,Yes,Disease-Specific Health Insurance Plans
d4e58abb-a7d1-4d23-b97f-527a0604a297,CPT-57330,Annually,06f6675c-95d7-4184-994f-510aa2ec7ed6,99675,Becky White,Steele-Young,Drug table wide author impact require idea.,Gas point law born.,Truth lay project hot fall development still.,63004,Clark-Hall,Rejected,762-534-4626x1055,Berry and Sons,Comprehensive Health Plan,5b31f9c2-af64-4016-8af3-5ca1dbea39e4,Individual,2021-10-03,96552,859,2021-07-23,2022-04-26,GB13HPTQ09442822329808,288c3ad7-4e69-4842-9707-55ec3deb8557,Deborah Smith,"19611 Rebecca Radial Munoztown, NE 22651",(758)970-9498,ykeller@example.com,Yes,2025-01-28,2423,Yes,Senior Citizen Health Insurance Plans
1a4bf203-add0-482f-ad3e-da1f14f0e1dd,CPT-62650,Monthly,bf21a7ad-9373-48e6-bfef-291337aaebfd,76217,Donna Moore,Cross and Sons,Letter term resource other cold.,Camera my development reality.,Where water road tell.,46777,Carter-Graham,Rejected,+1-329-670-6677x3511,Knight LLC,Critical Disease Specific Plans,ad49bcb2-368b-4dae-afb9-5b28c2ae00b7,Individual,2024-11-08,63677,365,2024-08-18,2025-03-13,GB41GSQH58129022467817,90df8776-f402-42b6-9ed5-568af97a4ce8,Shane Evans,"82396 Rebecca Trace Apt. 866 Maryberg, WI 91850",417-606-0246x390,bjackson@example.com,Yes,2022-02-24,6254,Yes,Senior Citizen Health Insurance Plans
7ba923d6-4358-4fc0-85ba-714775a58bb8,CPT-62463,Annually,77067b8d-62eb-407d-bc82-a151413e22a9,52930,Teresa Huynh,Drake Ltd,Someone kitchen price oil discussion.,Community various where right stage plant.,Radio likely cell.,66946,Orozco Inc,Rejected,(993)897-9204,Aguilar Inc,Comprehensive Health Plan,3867074c-030d-433a-9b37-c9fa021ede3b,Family,2022-06-19,21439,750,2021-09-04,2022-08-06,GB62IHBF13804594329277,43556ac6-c94c-4741-a847-a072baeff8b2,Emily Finley,"4383 Felicia Haven Apt. 869 Larryview, NH 88588",412.308.7039,tommyarellano@example.net,Yes,2021-02-18,3608,Yes,Disease-Specific Health Insurance Plans
975bff51-7275-4c58-accf-314d8547b088,CPT-44502,Monthly,7d0b97c4-c2c9-4d4a-950f-29666fa3e434,31815,Amanda Ewing,Jacobs PLC,Join similar part hold seem reality born.,Ball church audience tree professional take what.,Director rock surface often ready.,96123,Preston LLC,Rejected,796.743.8912,Mendoza Inc,Critical Disease Specific Plans,6c22aaec-3acb-47f8-808c-bc4918d71437,Corporate,2021-03-28,17419,730,2021-02-10,2022-01-19,GB59IVWG93767418684730,768fc631-e500-47ca-b223-da944c7c2565,Lori Rios,"4169 Smith Wall Merrittland, AR 20782",3267140809,staylor@example.com,Yes,2020-03-04,8187,Yes,Disease-Specific Health Insurance Plans
9efd7541-2c9a-4b06-a782-800d16cf3532,CPT-27694,Quarterly,f709313d-2a29-4937-a044-2aac15ddc485,63663,Olivia Taylor,"Monroe, Lucas and Walker",Hundred loss case throw investment sure.,Wonder mission decide out almost arm.,Point walk wait north yeah interesting.,93970,Arellano Group,Rejected,+1-351-816-9960x8085,"Mendoza, Graham and Simpson",Eye and Vision Care,100b318c-585e-493b-88e8-8450c4fea64c,Corporate,2022-09-06,61805,821,2022-04-18,2023-03-30,GB14GIGN77050687636412,36cc20ca-cc36-49e5-b468-b0750f589f5c,Francisco Harris,"102 Robert Prairie Suite 832 Chelseaside, MH 69294",+1-642-879-0730x582,nfields@example.com,Yes,2021-03-29,8676,Yes,Disease-Specific Health Insurance Plans
851c13ff-91cf-4b4b-b5e4-25cc98533542,CPT-18092,Quarterly,7cf7f92e-78cf-4dd9-9cc3-e5a33048ee19,50048,Ashley Williams,Hess-Barker,Throw nation seem.,Despite yet door myself perhaps TV environmental.,Pretty know responsibility eight.,10548,Cunningham-Christian,Rejected,(989)911-0757x9791,Riley-Williams,Critical Disease Specific Plans,e9a4e1ab-fb04-481e-b9bb-82c67828ac29,Corporate,2021-01-12,11860,620,2020-12-23,2021-02-12,GB74PXHI46897056183728,e559e420-5886-40b3-8306-340d456e31b5,Ryan Sanchez,"3661 Mckee Springs North Jeremy, MI 80334",+1-552-943-1708x57861,gary87@example.com,Yes,2024-06-09,3850,Yes,Disease-Specific Health Insurance Plans
ec96da35-23c1-4e22-89fc-f7c98adc09ed,CPT-57717,Quarterly,4f3f0a60-5071-4560-98bb-9142b06d3fda,93056,David Washington Jr.,Wolf-Thompson,Every former tax since fish.,Republican purpose garden manage.,Try late force international.,44464,Zuniga Inc,Rejected,001-203-302-6647x1877,Hobbs PLC,Maternity Benefits,33b782d9-0678-4ddd-9e14-25a630d05a01,Family,2024-09-07,18015,375,2024-07-02,2024-11-13,GB96FRQF29851269671486,13c6c6d4-b24d-4ad5-8dd8-370b282c4c32,Theresa Marks,"22654 Jeffrey Branch Darrylstad, OH 62491",5117785506,hornejames@example.com,Yes,2020-11-24,6524,Yes,Senior Citizen Health Insurance Plans
ce80c0db-bf17-41dd-bf5d-5768ee2b14ff,CPT-39507,Monthly,c72e8162-7c9f-4aa4-af8b-04d75c518110,64179,Brittney Massey,Howard Ltd,Democratic approach five paper.,Claim edge they anything brother in walk.,Identify issue task.,79405,"Stewart, Lowe and Donovan",Rejected,266.972.5594x0071,Farmer Ltd,Comprehensive Health Plan,f18a0f58-33a9-4f61-badb-11b341564018,Individual,2023-01-15,5159,523,2023-01-03,2023-12-21,GB88BELC82472107729189,519f047e-b996-4df4-a7b2-5e699ad22adc,Mercedes Estes,Unit 3983 Box 2579 DPO AE 13774,+1-861-318-0613x6877,smithsteven@example.com,Yes,2024-02-05,4530,Yes,Senior Citizen Health Insurance Plans
eed0fbc8-de37-42ec-9402-1e987ea086d8,CPT-87162,Annually,e1475683-f496-4bde-aa26-cb29ac2f00bd,98586,Donald Cooper,"Larson, Carter and Porter",Yet suggest tend eat trip.,Than low air air late throughout.,Out own true usually however.,67021,Walls Inc,Rejected,001-643-416-1164x224,Johnson-Walters,Maternity Benefits,4acd9e54-0a35-49d1-a096-7abb9648e2e3,Corporate,2025-05-04,39308,609,2025-03-17,2025-05-08,GB47PZZN42298320012569,4bad7965-43d3-440a-b5dc-a87d47862ba5,Makayla Wilson,"1978 Frederick Fields Davidberg, NM 37394",759-707-7465,amberpark@example.org,Yes,2022-11-27,8603,Yes,Disease-Specific Health Insurance Plans
b0fdca3e-a6f8-443c-80e4-011c2f49b355,CPT-18463,Quarterly,14c6782a-e910-409e-a178-5895e1008356,92571,Rebecca Kim,Whitehead-Cervantes,Memory might arm top tend.,Court peace painting black economic serious if church.,Avoid international enjoy voice.,8243,"Wilson, Day and Trevino",Rejected,939-828-5965x8974,"Frederick, Frye and Patton",Eye and Vision Care,9fa62585-09ea-41f3-a8df-cb293fb33c14,Individual,2022-10-21,91588,241,2022-08-10,2023-02-03,GB51RKVS39177093697533,e5245cd9-c3d5-4db5-b891-707d8c6be91e,Miguel Perkins,"31872 Kelli Glens Suite 686 West Blake, CO 64387",279.982.2575x62866,cortezscott@example.org,Yes,2023-10-11,6569,Yes,Disease-Specific Health Insurance Plans
995ba378-5c98-488f-9fdf-85aa710381bf,CPT-50232,Quarterly,2099176a-0b86-4f19-bf8b-d498f4e70309,95384,Erin Swanson,Ellison LLC,Western here degree military.,After available recognize time light.,Pretty free exist remain.,13513,Ward Ltd,Rejected,001-424-926-4758,Johnson-Eaton,Eye and Vision Care,5f30d484-6232-41cc-82aa-7dec47c378cd,Corporate,2023-01-23,85177,311,2022-06-11,2023-03-11,GB47EPGG61486605200400,79610d5f-78c8-4d7c-bccf-c600c1669e82,Cathy Hudson,"790 Kirk Cape Jenniferbury, RI 40039",001-492-800-5767x846,prestonjennifer@example.com,Yes,2021-05-07,3225,Yes,Senior Citizen Health Insurance Plans
4ec7c016-7275-4f44-807e-caa7c9894f59,CPT-75097,Quarterly,43a8719d-2fc7-45f0-b4de-3a669a7399ed,73891,Jennifer Collins,Hunt Ltd,Let who matter air wish arrive up.,Hundred Mr prepare author all skin little.,Side couple leg down represent red bank.,56324,"Rogers, Wilson and Mcguire",Rejected,+1-884-637-6836x07959,"Hoover, Schneider and Murphy",Comprehensive Health Plan,f0ab02cf-3b8d-437f-881b-307f02b5598d,Family,2025-01-20,52001,919,2025-01-14,2025-04-15,GB74CNAH02731531990247,c44b5ad8-3be9-46ca-9f0b-40d57ee7b457,Terry Love,"855 John Glen Suite 184 West Fernandobury, FL 12579",678-237-9910x441,heidi85@example.org,Yes,2022-04-16,7361,Yes,Senior Citizen Health Insurance Plans
dc57b3bc-37ab-48ca-87a0-2efc8f8f4b56,CPT-70151,Annually,cfe3e087-3b40-4f4b-8c5a-192df2e03eb2,98451,Lisa Ray,Brown-Perez,Step experience huge.,Surface affect necessary.,These big over price anyone place special.,66707,"Peterson, Olson and Miller",Rejected,6597680314,"Frank, Gardner and Lutz",Maternity Benefits,39eb5aee-0c50-4074-b0d5-928c57f5455c,Corporate,2020-10-09,97323,468,2020-03-22,2020-12-15,GB12XYLA11740711234763,a85e11dc-8863-4b49-b060-2ed6a4823159,Dr. James Buck,"99600 William Gardens Lake Jonathanton, MO 60377",+1-328-748-8063x941,egreene@example.com,Yes,2020-12-15,3913,Yes,Disease-Specific Health Insurance Plans
cee23387-8130-4a6a-891b-c8aa4d778e02,CPT-18353,Monthly,b71e52a5-b154-44bc-b999-5a0958240380,91875,Sydney Obrien,Miller Ltd,Former thing politics what line seek.,Method drive send realize artist available.,Surface task challenge international time.,83627,"Jensen, Bell and Smith",Rejected,220-553-4348x09914,Martinez-Hart,Critical Disease Specific Plans,144f3015-d7ae-432a-a8b8-704b680b51ed,Individual,2022-08-28,83993,638,2022-06-29,2022-09-30,GB39BAAR64543627750941,1b8ce4be-e0bd-4635-80ed-88fc2c6e2435,Timothy Greene,"0161 Tyler Ridge Apt. 385 Oliviamouth, UT 45219",9915300414,cgallagher@example.org,Yes,2022-06-26,5919,Yes,Senior Citizen Health Insurance Plans
2a010a88-91f0-4811-9e02-a1e538d0dd52,CPT-29738,Monthly,d61e4e59-ed2e-4f56-aba7-65c275a66352,77393,Lisa Adams,Herring Ltd,Economic hope guess her spring on.,Deal feeling heavy agree.,Their simply figure collection.,85203,Jimenez Group,Rejected,3519514584,Johnson-Hickman,Eye and Vision Care,7f55acec-40cb-4e80-94ce-e0a815ef1203,Individual,2023-10-13,37936,799,2023-04-09,2023-11-05,GB83FGIA78970428890330,41cea267-ab65-4b24-a844-13fbfe8f8632,Jennifer Sampson,"720 Butler Cliff Johntown, HI 57587",600.531.0338x73033,wigginsjohn@example.com,Yes,2021-02-18,7513,Yes,Senior Citizen Health Insurance Plans
0642ac98-1dac-4269-88fd-2633e9aff73d,CPT-68502,Monthly,0d25a35b-dd0c-4f6b-b7d5-e7ac0b1c95f2,89946,Ryan Thornton MD,Lewis-Simmons,Try half require.,Two fight last produce attorney water measure.,Forward recent evening professor guy box society get.,5157,Patterson and Sons,Rejected,8099363813,Schmidt-Molina,Critical Disease Specific Plans,fc58a0f4-e8cf-4fb1-a3cf-9744edb72522,Family,2025-01-03,43080,949,2024-09-13,2025-04-08,GB90TNZI26430275523105,5f45b46e-8681-4b1b-94cb-28441ff153eb,Ronnie Mendez,"7288 Marc Summit Apt. 544 South Peter, VA 26029",(938)478-6216x10094,emorris@example.net,Yes,2020-01-18,6093,Yes,Disease-Specific Health Insurance Plans
5b0a2849-5b1b-42ed-a5d1-14dd240fda42,CPT-51129,Annually,d584a61c-955f-49dc-815e-8ab492e6a70e,36613,Matthew Ruiz,Castaneda Ltd,Debate follow push wife.,Fast difference threat loss front computer morning.,You establish someone radio learn.,44775,Allen-Carpenter,Rejected,843.222.3370x3890,Walker LLC,Comprehensive Health Plan,1f70c381-9ee0-411a-a007-5b8df896e385,Corporate,2025-09-12,14643,926,2025-03-06,2026-01-13,GB80MEEE18787281854778,923c4ffa-9785-462f-88ac-87537b389817,Caleb Williams,"6584 Angela Burg New Pamela, WY 74124",355.809.9062x82490,anthony66@example.net,Yes,2025-01-07,1542,Yes,Senior Citizen Health Insurance Plans
0ee15dd9-c7bb-483b-a68d-ff62777de2a0,CPT-81961,Quarterly,a82d469f-ccf7-4043-85a7-e962235b03fe,83805,Stephen Singleton,"Rivera, Bass and Ellis",Economic work focus to significant force sign especially.,Learn the story father tonight can.,Mrs interest likely figure.,29359,Robinson-Heath,Rejected,(305)405-7257x440,Smith-Jimenez,Eye and Vision Care,5af8f7a0-e680-4bb7-9bbb-0397ed42fcfd,Family,2020-12-11,60413,828,2020-10-20,2021-05-19,GB46AINT24510855868935,baf9a006-7c35-4680-b256-656d6e67e2e4,Elizabeth Sims,"7734 Kelly Glens Suite 281 North Christopher, TN 64496",869.722.9037,xsanford@example.org,Yes,2020-03-16,4324,Yes,Senior Citizen Health Insurance Plans
507de2bb-115f-41a2-b696-8665f0d645e5,CPT-43722,Monthly,2edcfea3-087b-48bc-8511-c9a02f2ce9c5,64041,Zoe Pearson,Shaffer Inc,Office really pull country spring.,Their detail author kind.,Pay although past.,23339,Ruiz-Garcia,Rejected,242.907.1206,"Jackson, Lewis and Tate",Eye and Vision Care,dd92f9ce-be14-42f8-be2a-e2402a2fd1a1,Individual,2023-04-11,52101,628,2023-03-19,2023-04-24,GB41ENBS66991988659830,2e045f80-4893-4f8f-a2b8-2923de4dd890,Dr. John Wiggins,"3507 Harris Underpass Suite 552 North Juan, MS 21261",(825)559-3712x05198,allison60@example.net,Yes,2020-06-19,3073,Yes,Disease-Specific Health Insurance Plans
a71d6cd6-4fc8-49a0-99b4-ec3d7448da50,CPT-75246,Quarterly,9a9b5df0-c1ca-41a8-bb1d-91af0f910909,58605,Veronica Levy,Gray PLC,Pull role I audience.,Able almost Democrat myself table page avoid.,Party likely very each skill case low.,8369,"Graham, Jones and Reyes",Rejected,+1-860-754-8235,Levine LLC,Maternity Benefits,2f0fc4f2-f596-43d5-ad05-1e9ac95a7384,Family,2021-04-23,51409,558,2021-04-05,2022-03-21,GB87RUOD15007104215027,dd0552e9-dcfc-4163-8dd1-d26ce0f99af3,Frances Hubbard,"134 Wilson Village Suite 820 Port Angelica, OK 37718",001-318-607-3816x8031,lisalane@example.net,Yes,2025-02-05,7885,Yes,Disease-Specific Health Insurance Plans
72f333e1-6b06-4811-946c-9b06c77d0439,CPT-58777,Monthly,1523c848-3838-490b-bdeb-4b03a945c481,98084,Lori Lee,Reid LLC,Argue since pretty we.,Food throw maybe above recent.,Activity politics bar federal see finally often down.,91191,"Wood, Miller and Moore",Rejected,(313)792-5515x39532,Mckinney and Sons,Maternity Benefits,aa0b0a6f-361c-4088-a4db-b98db58fa479,Corporate,2024-04-19,86356,979,2024-02-23,2024-06-27,GB81OQDB95795499253999,9a425e7e-90e7-4604-b35a-f1a09d47eb1f,Kaitlyn Jackson,"64257 Stephen Falls North Dianeshire, NE 29966",610.340.9439,greg40@example.com,Yes,2023-01-16,6736,Yes,Disease-Specific Health Insurance Plans
24591d58-b35c-4b04-af6e-ac4b1b8cd65e,CPT-26328,Quarterly,706305c6-dc90-45e6-8346-36f0a94da402,77651,Teresa Rios,Ramirez-Wilkinson,Out its product someone.,Born almost small different everybody.,Arrive process collection evening others operation sound reason.,31855,Stone LLC,Rejected,4994452042,"Velez, Thomas and Dickerson",Eye and Vision Care,73545117-942e-44b0-9a84-9af7dd3214c3,Family,2022-03-04,17235,991,2022-01-05,2022-03-06,GB40KRYJ99177974085243,92aaf7c7-d75d-4df8-bf16-7fa5acab061e,Michael Serrano,"7993 Martin Skyway Suite 656 Hardingville, OR 58257",610-563-5850,chadhanna@example.org,Yes,2024-03-12,9485,Yes,Senior Citizen Health Insurance Plans
0b5635cb-089b-4a49-bbdf-edabbe7b4253,CPT-95210,Monthly,404ad10a-bf20-4a71-bb09-ab00ddefd898,73887,Timothy Carpenter,"Morris, Gardner and Anthony",Benefit series enjoy.,Player least century father same protect.,Style picture seat.,35254,"Dominguez, Baldwin and Barnes",Rejected,+1-683-727-2957x5013,"Miller, Knight and Morris",Eye and Vision Care,b3c69e18-bf49-4bb8-bb32-2a5656ab7a55,Corporate,2025-01-13,31699,646,2024-12-30,2025-06-24,GB41DFVJ05621433779222,3f02dfcf-a551-4622-b661-284f67912954,Loretta Green,Unit 6927 Box 9563 DPO AP 79608,001-870-729-7536x94007,olivia85@example.com,Yes,2021-05-10,3436,Yes,Disease-Specific Health Insurance Plans
30cadf9d-604a-4eb7-9e19-a18d0991b9cb,CPT-61715,Monthly,d58b76b3-5f49-481a-824c-1c4b1ca7e514,95226,Michele Sanchez,Brown PLC,Little brother though education difference.,Include sure civil property already.,Hospital color world big condition.,38664,Ferguson-Matthews,Rejected,+1-503-893-6122,Skinner Group,Critical Disease Specific Plans,a543a514-294f-4526-aa8f-1ced08b4b31c,Individual,2021-10-28,92966,574,2021-05-26,2021-11-07,GB72FUVZ10832050421904,fa88bc03-0b3a-4ccd-9724-42e2fdb075ab,Jennifer Christian,"8578 Mitchell Spur East Benjaminview, OK 93508",645-952-0194x7594,trevortravis@example.net,Yes,2025-03-25,4964,Yes,Disease-Specific Health Insurance Plans
8622b034-97c7-4eae-a104-f038d6fdb373,CPT-39571,Annually,06663538-a93c-4c62-94ab-ea21774731d9,71347,Mr. Nathan Smith MD,Smith PLC,Apply accept physical school blood home per.,Baby ground possible daughter stand enjoy source.,Through live player idea strategy.,92217,"Reed, Foster and Cuevas",Rejected,001-257-211-3276,"Nunez, Smith and Williams",Maternity Benefits,087a7d3e-98cc-4338-b630-953c3949c1d1,Corporate,2023-09-12,25165,978,2023-06-28,2023-09-20,GB14OHJL66833177061129,e10ce62f-9c21-4811-b97f-803f9e886f2b,Mitchell Morrow,"9025 Angela Walk Apt. 813 East Steven, DE 36186",001-244-642-0686,julie35@example.net,Yes,2023-12-19,6630,Yes,Disease-Specific Health Insurance Plans
b79bf4dd-0244-46dd-b794-f757d6c05c27,CPT-34545,Quarterly,eddd73f3-08f7-4595-b407-81669704cbf2,93618,Eugene Morris,Foster-Brown,Decision opportunity like few away common.,Wear education exactly decision onto food establish.,See worker political difficult old.,74725,"Santiago, Daniels and Stafford",Rejected,873.667.5039x4367,"Austin, Castro and Tyler",Maternity Benefits,4bfe8c41-525e-451f-926a-156467c57d17,Corporate,2022-11-04,83773,508,2022-07-11,2022-11-20,GB12EBER38852238581933,2a457896-ad85-4aba-8e72-4d836163d198,Joshua Stone,"7800 Callahan Spur Strongport, NV 92503",381.835.8172,sarahbailey@example.com,Yes,2024-11-04,5937,Yes,Senior Citizen Health Insurance Plans
ea5db945-1a43-4014-abd0-17137ba42483,CPT-80825,Annually,2bbe3aa2-ba27-47fa-90ab-8f27b7f617bd,60020,Bethany Austin,Jones and Sons,Not serious conference point about suddenly population.,Admit pull reveal show brother.,Civil pressure when customer.,33904,Richardson LLC,Rejected,812-592-4166,"Fry, Silva and Castaneda",Maternity Benefits,5cb5a5f4-1aed-4991-8013-ba83f6ce2690,Individual,2024-06-05,21851,146,2024-02-09,2024-06-30,GB05YCTW84772296560612,e9c3d531-6d98-408b-8b04-77284094190a,Selena Barnett,"85989 White Greens Chaseside, ME 27809",(853)415-8642x106,sabrinadrake@example.net,Yes,2021-01-06,7565,Yes,Disease-Specific Health Insurance Plans
5c935cbd-0b3a-494f-a79b-fb859b780137,CPT-41316,Quarterly,14ee500b-b500-44be-ad0d-a059fc5db4d5,83259,Kevin Thomas,"Daniels, King and Kelley",Treatment politics person feeling debate rest new.,Whose film senior case follow.,Medical family read top general.,35325,Kelly Ltd,Rejected,+1-678-882-2920x07859,Cole Ltd,Critical Disease Specific Plans,90867c34-ca83-44c5-89ca-66392201f349,Family,2021-08-10,29179,127,2020-12-13,2021-08-21,GB66ORJZ52878396825199,d4ea5f88-8d4b-4891-89b5-3b99644ef866,Adam Pittman,USS Arellano FPO AE 39948,(953)336-2717,scottbrian@example.org,Yes,2021-01-17,1547,Yes,Senior Citizen Health Insurance Plans
bea5f0b2-dcba-4122-b93c-bd5b388ae437,CPT-16078,Quarterly,e49b857a-56a5-496a-9733-d135644bec89,95200,Kevin Burton,"Ellis, Parks and Ramos",Single police participant body.,Tough speech I themselves ability.,Style newspaper real loss.,11966,Davis LLC,Rejected,+1-887-340-0294x07864,"Kennedy, Mcdowell and Gilbert",Eye and Vision Care,34bbc2c1-edca-4d2a-8067-5ad5ad3fbefc,Individual,2021-09-26,91112,655,2021-09-16,2021-10-23,GB13WAYZ40276490139977,9aad4857-1cd8-4def-b967-73f06847b4ea,Joanna Neal,"444 Jeffrey Harbor Port Jason, NH 24780",317.431.0512x8587,rachelhernandez@example.org,Yes,2020-05-24,8647,Yes,Disease-Specific Health Insurance Plans
ab72689b-9bce-4a57-a4a3-68c9eb920acf,CPT-30438,Quarterly,3c4bc225-e338-467e-9aa3-8fdcc1ad7ef5,99111,Brian Rogers,"Hodge, Estrada and Dougherty",Together great white inside remain entire.,Laugh role democratic bag.,Pay garden fill have table position half.,8670,Hendrix and Sons,Rejected,924.923.9369x600,Wang Group,Eye and Vision Care,b9b30165-6a07-46f9-878f-f3952cc41a1e,Corporate,2021-12-17,35183,627,2021-12-09,2022-02-24,GB96KHDK51345034247637,fdc22222-368e-4136-afa9-d7a4718931f6,Ronald West,"80311 Sarah Tunnel South Richard, MT 92775",686-908-9399x12830,matthewcampbell@example.net,Yes,2020-12-16,8237,Yes,Disease-Specific Health Insurance Plans
4a688312-2f69-40f3-be9b-3fd6980e31ac,CPT-86223,Quarterly,b095c6eb-d279-4b8b-8398-4f82716c6ab6,55840,Jessica Serrano,Smith-Ruiz,Have others job they.,Force everyone reveal him knowledge.,Amount on source maybe let organization.,1841,Lane Ltd,Rejected,+1-397-692-7469,Estrada PLC,Comprehensive Health Plan,eb7cf666-79c0-4da9-9a62-ff5a1d6861da,Family,2025-02-01,55267,835,2024-12-16,2025-06-08,GB35AKCZ96384559659260,a61ab15a-6ad3-4f1f-857e-efde1a15a127,Brian Morales,"4464 Hernandez Motorway North Jamesshire, SD 81810",532.319.6799,thomas11@example.org,Yes,2020-03-22,4965,Yes,Senior Citizen Health Insurance Plans
b80da337-9efc-4642-acf7-de2c6affd719,CPT-86980,Monthly,4b75ae49-1209-45c4-a288-92b395267833,63096,Natalie Summers,"Bryant, Lopez and Lynch",Positive want clear fish child book.,Wish discuss eye begin.,Thing cost note nor politics human call.,98440,Pratt Group,Rejected,462-353-2598x028,Jones-Warren,Comprehensive Health Plan,1a987716-3061-493f-8d1c-c278bd3ac767,Family,2022-02-15,47344,871,2021-12-02,2022-11-17,GB30JTJJ32238889678415,c47e67f5-dedf-4881-985a-4bd59a58ddc5,Jennifer Cox,"302 William Brooks Suite 541 North Sarahbury, CT 24809",314.626.4590x81156,jamesmorrison@example.org,Yes,2023-01-19,5285,Yes,Senior Citizen Health Insurance Plans
3b4568ec-1945-4efa-b4d9-de72461036cc,CPT-59135,Monthly,27942a7f-795b-4342-98b7-fe49244b37d4,80152,Andrew Reid,Wilkins-Ray,Me able organization court.,Activity lead class cup.,Hair popular speech.,85840,"Glenn, Montes and Roberts",Rejected,301-630-0566,Williams-Young,Comprehensive Health Plan,5be95462-6853-4da9-b224-6a64e1d6aef4,Individual,2020-07-03,53172,402,2020-06-25,2021-04-22,GB85KIJS25475253565971,19592052-e038-4d39-9e65-acc018d499ef,Nicole Bridges,"396 Anthony Stravenue Amberton, NV 34811",001-891-833-4963x65475,jaime10@example.net,Yes,2023-08-21,6328,Yes,Senior Citizen Health Insurance Plans
75a4464a-869d-4e1c-b7e9-d537af06a53c,CPT-74794,Quarterly,f608ce8b-fe0d-4f86-9d14-c48212486657,92729,Michelle Powell,"Wilson, Davis and Dickson",Research sell message stuff worker reduce.,Near quickly not also throughout set.,Expect create current economy avoid kid avoid.,35002,Harrison-Hodge,Rejected,565.334.7347x326,Cabrera-Fisher,Eye and Vision Care,1e28333f-f0c3-4bf9-a4f6-90da9a88d14a,Individual,2021-12-10,45602,713,2021-06-23,2022-06-07,GB50HKPU72399173677004,6093d002-23aa-48ff-8e60-ef229c08660b,Stephen Fitzgerald,"6443 Hess Tunnel Kimton, WY 44344",992.567.5532x33338,robinbrown@example.org,Yes,2020-09-05,7296,Yes,Senior Citizen Health Insurance Plans
1a5a504f-b85b-4717-9bf3-9c2c0223bf3f,CPT-12627,Quarterly,a492160c-8fc3-4750-9b30-b48c7ea7a872,37113,Sierra Woodward,Alexander Ltd,Go various once rate day.,Know return situation pattern create.,Certainly myself line writer score maintain possible goal.,8618,"Martin, Young and Spence",Rejected,(427)834-1789,"Hill, White and Taylor",Eye and Vision Care,0d9d885b-63a6-43d2-b201-43580dff92e7,Family,2024-09-18,29266,227,2024-09-18,2024-10-26,GB73LVRZ42823868811932,824fd49a-81ce-40c6-b2fb-d84310f4a737,Tami Murphy,"681 Colleen Forest Jasonchester, HI 59242",297.662.5069x9068,christinecohen@example.net,Yes,2023-05-27,8716,Yes,Disease-Specific Health Insurance Plans
2193013d-c461-4379-b9b9-7351b7a4282c,CPT-51670,Quarterly,cb4d149f-aa06-46b8-a16b-c7915eadb721,68393,Gary Wolfe,Pearson and Sons,Make level friend within.,Degree ever dark during impact author agent cover.,Fact lawyer least Mr baby style serious.,2849,Cox and Sons,Rejected,001-610-291-0585x80544,"Allen, Carrillo and Frederick",Eye and Vision Care,4fbff838-7408-4032-981c-bb0db0cab8c9,Family,2024-01-21,24313,714,2023-11-03,2024-01-30,GB72YRGX62206077120548,d33bd3f0-5418-497e-9a45-25410c89e72c,Corey Brown,"59845 West Overpass Suite 127 Port Linda, MD 37640",818.471.7999,hbenson@example.net,Yes,2021-05-11,6103,Yes,Disease-Specific Health Insurance Plans
54c0dd33-4053-426b-8d14-dfced55cf3ca,CPT-83584,Quarterly,0c33efcf-217e-444a-ac10-83414198a3a7,4397,Joseph Allen,"Williams, Price and Snow",Tax space all.,Answer culture great night.,Natural real through position.,67851,Christian-Walker,Rejected,277.851.2815,"Smith, Gallegos and Garcia",Comprehensive Health Plan,6b36fb4e-09ab-4bd2-b0be-d0f4c78e45fe,Family,2019-07-25 00:00:00,70579,618,2020-02-18,2020-10-25,GB84ILEB44003930255826,1a1295f9-e6c7-4692-ac6f-93e39f760e29,Valerie King,"317 Jennifer Locks Apt. 108 Littleberg, HI 13959",+1-811-361-3876x9400,charlessims@example.org,Yes,2024-08-11,5591,Yes,Senior Citizen Health Insurance Plans
7262f49c-7328-48ae-9aea-598b447a00b8,CPT-77904,Monthly,c3ca06fc-e46d-429f-9002-e4b7cb5fed99,18021,Katelyn Warner,Nolan Group,School admit happen ability.,Tax bad cost task.,Into international green despite.,32295,Tucker-Cochran,Rejected,001-413-726-8436x4265,Farley-Jordan,Comprehensive Health Plan,f270517a-c5ba-4b75-a19c-cead37317c8f,Family,2019-04-30 00:00:00,75271,282,2020-01-01,2020-05-04,GB32BTLL56146950400915,1a537849-fff1-4fd5-8005-8cd7f2dbe167,Gerald Benson,"11371 Warren Center New Soniamouth, IN 39572",(466)950-7355x57438,proctorearl@example.com,Yes,2024-01-11,4563,Yes,Senior Citizen Health Insurance Plans
d1622ea5-3c61-4f06-8aab-ed145d25dcff,CPT-89913,Monthly,976aec39-62bd-4f4f-821b-b56eecb6d65b,18333,Jessica Baxter,Martinez Ltd,Main clearly rest tax against.,Energy add gas up probably.,His street beyond accept up contain amount.,36290,Wright-Harmon,Rejected,(634)383-6128x72357,Hood-Powell,Maternity Benefits,7182e648-bf48-46b9-9a4f-08cf9cdce64c,Family,2020-05-04 00:00:00,22702,967,2021-01-05,2021-07-02,GB26QPDF50499399275457,2e5673fb-8e4e-42a9-a087-1ad123463482,Cody Moody,"796 Roberts Courts East Veronicastad, WY 06270",001-421-622-9132x583,sparker@example.com,Yes,2022-11-29,1344,Yes,Disease-Specific Health Insurance Plans
13dd7c17-5b84-4a9f-81d5-19e33ee0c6d9,CPT-24392,Annually,4a156907-ba44-44db-bbd6-abb654cc9d40,13467,Jeffrey Jones,Bauer and Sons,Two yard special road society environment today.,Argue read make claim understand role.,Mention reason movie fund.,55508,"Craig, Stone and Taylor",Rejected,833-674-7587x61165,Lee-Roberts,Eye and Vision Care,218cf67b-9e9d-4987-89e0-a58dfbcff417,Family,2022-04-02 00:00:00,69137,619,2022-10-28,2023-04-21,GB53BFRK24984943722700,fa08e94d-e2b9-465f-9001-7e9d834a8ded,Keith Figueroa,"2981 Cassandra Fields Suite 402 West Tiffanyside, VA 90217",001-753-391-3939x65217,sferrell@example.com,Yes,2024-12-17,3949,Yes,Senior Citizen Health Insurance Plans
85dc92f0-7cb2-4711-9d56-703aff264ed9,CPT-57045,Annually,0c23a4c5-3bf8-407e-a4c1-72ea85225651,26885,Colin Hughes,Knight Ltd,Brother eye job college maintain.,Behavior list cut kid piece leader voice.,Resource popular economic face radio at first view.,89599,Miller and Sons,Rejected,747-901-9997,Morrison-Bartlett,Critical Disease Specific Plans,f8850cc1-da9a-4e45-9073-d7a4856827dd,Family,2024-11-28 00:00:00,52946,203,2025-01-15,2025-09-17,GB33HTGL15554516006166,fbdf6f8e-580a-4569-8991-98d32aab6ac0,Emily Levy MD,"269 Sweeney Forks Suite 592 Mitchellview, CA 58845",908-266-7523,llowe@example.net,Yes,2020-02-26,3674,Yes,Disease-Specific Health Insurance Plans
b990e2f9-e989-4f68-a806-de7a1c714236,CPT-46556,Monthly,d92f9930-e534-4cbc-adb9-1aacf2f5484c,26730,Stephen Clark,Smith-Wilkerson,Ability remain fly through teacher.,Staff while poor heavy.,Stuff both letter.,95475,"Gilbert, Hicks and Hughes",Rejected,(211)480-8147x627,Martinez-Wright,Maternity Benefits,7407a65f-02e0-4b01-b0b1-8a8dc13693e5,Family,2020-07-08 00:00:00,65118,342,2020-09-09,2021-02-19,GB29WVLF72942251506306,b9f22788-7d56-4d97-bec7-4c4bd8d6c299,Raymond Torres,"464 Richard Shore East Frederickton, OH 62437",5423995813,stacyriggs@example.com,Yes,2022-08-31,6519,Yes,Disease-Specific Health Insurance Plans
796aa5a4-e580-434a-95dd-916340cc4a65,CPT-24194,Annually,fa3301ba-0651-42b1-8948-9187120264a0,4206,David Patterson,"Bass, Davis and Johnson",Pressure who page moment people society response.,Because western degree determine any account.,Baby final medical during office now voice.,11913,"Mclaughlin, Davis and Schneider",Rejected,001-352-875-9091x9435,Bullock Ltd,Eye and Vision Care,fedc4529-f64d-4ca3-89b4-ac10ea02adc0,Family,2023-07-06 00:00:00,51832,196,2024-01-31,2024-07-29,GB20UWLS84965806798026,6e79cdbc-60c3-4a3e-884f-ab0aee9cf1f3,Alison Hooper,"54321 Kenneth Knolls Whiteshire, MA 41474",607.724.9523,montgomerybill@example.org,Yes,2022-06-04,4878,Yes,Disease-Specific Health Insurance Plans
727501a7-37c1-490f-94b7-0a5d6914aaa1,CPT-83586,Monthly,9eecf9a4-2105-4139-9772-ed9a1955cc63,42954,Daniel Castro,Payne-Sanchez,Learn gas health end.,Commercial this dinner play friend my.,Call according watch institution.,83473,Flores-Velasquez,Rejected,001-420-912-1828x0273,"Conrad, Bishop and Baker",Maternity Benefits,c7e6de40-d151-4b9f-ac33-fd5308950962,Individual,2021-12-11 00:00:00,64651,273,2022-02-11,2022-12-08,GB64CAYZ98618775750639,11940c1b-64b3-4ac4-b6b9-b506c717a4d8,Paula Harris,"705 Kristopher Lane Port Garyfort, AL 40270",258.696.7182,edward50@example.org,Yes,2024-11-17,3851,Yes,Disease-Specific Health Insurance Plans
3497d001-7cd6-4180-8d41-c8859a8f80bc,CPT-47603,Annually,1f0a1034-f4a8-4b45-9aad-1edf840529d5,31277,Lisa Davis,Davis-Rice,Despite social true really able create short.,Around avoid coach hospital his international that.,Contain enough cup body certainly final writer.,57957,Blair-Garcia,Rejected,6959189770,Mcdonald-Weber,Eye and Vision Care,279e3948-30c4-4a79-a60e-82e5d6edcfd4,Family,2020-07-06 00:00:00,86105,924,2021-06-05,2022-05-17,GB81PQEL86497943087804,612dbeeb-2248-47e0-9d9f-2f3edd0fe1ed,Brian Hunt,"501 Richard Burg New Brianstad, MN 03963",(743)558-2422x982,steven21@example.org,Yes,2021-06-29,1496,Yes,Senior Citizen Health Insurance Plans
c5d75f24-3f05-4194-bdb9-0dfbe1c67149,CPT-27303,Quarterly,b2d8c735-ad5e-4029-9a87-5aca96306dec,5491,Joshua Ford,Mccoy-Ramsey,Front product life suffer visit local.,Tough subject occur compare center question husband.,Lead six use success community only health.,13964,Davidson LLC,Rejected,+1-437-978-4319x630,Perez PLC,Critical Disease Specific Plans,6c5a75f4-5ee1-4d10-bc05-e6f2f148bc4d,Corporate,2024-11-17 00:00:00,11472,290,2025-01-09,2025-06-19,GB76SYTO76783492658217,3fa97623-67b8-4f98-8faa-4d7f03a43c4d,Carlos Reyes,"48174 Perez Trail New Chelsea, OH 83515",(344)842-7086,qklein@example.org,Yes,2024-10-25,2930,Yes,Senior Citizen Health Insurance Plans
7a9ac09b-444d-4db8-941f-2c4db46d36d5,CPT-17761,Monthly,4a87edfe-2572-4120-8f40-45197ca74ae7,17476,Travis Morgan,Martin-Anderson,Many thus party low foot star.,Recent race community best.,Place current week so forward anyone wind.,10229,Martin Group,Rejected,9453317225,Anderson Group,Comprehensive Health Plan,b72afa3a-3518-4453-b2c9-6a83eaf78934,Corporate,2023-12-11 00:00:00,22800,507,2024-01-25,2024-06-13,GB26RGMR18274109371223,362b3010-e05e-4aa2-aa1b-24ee5e38487d,Timothy Gallagher,"1270 Stephens Club Suite 198 Macdonaldfurt, AR 71954",001-458-652-7190x85670,gregory16@example.net,Yes,2020-11-08,3023,Yes,Disease-Specific Health Insurance Plans
629955d1-b149-4614-97db-a7166fd5936c,CPT-39984,Annually,6f79b0a4-09de-46e3-8b7d-2bad6d629f6c,4442,Mr. Michael Andrews,Guerra Group,Nature social with tonight purpose realize movie chance.,Figure dinner concern food defense truth add national.,Their still produce allow language change such summer.,41919,Lewis PLC,Rejected,(575)632-4550x873,Hess Inc,Critical Disease Specific Plans,253d6e50-48d2-4831-a4d3-4104252c067a,Family,2020-10-09 00:00:00,6258,323,2021-03-25,2021-07-31,GB20NIAT92436700375921,07ea1f74-619c-47cd-a7b3-c225113091a6,Kenneth Everett,"66330 Jonathan Stravenue North Williamfurt, ME 58711",001-391-426-2470x96163,glassjulie@example.org,Yes,2020-06-11,8551,Yes,Senior Citizen Health Insurance Plans
e6eb6821-2050-4a38-9ec7-34b7ddbc92fc,CPT-51979,Annually,e5bf925c-fd01-4d6e-a01b-f06a5299a989,59051,Eric Watson,Neal Inc,Race occur stuff team more.,Take wear her oil marriage measure at.,Try sure difference mother.,91299,"Anderson, Williams and Cole",Rejected,603-618-0846x9026,Murphy and Sons,Eye and Vision Care,860f0ac3-b058-4bf5-8aaf-1253eb11f00e,Family,2022-10-26 00:00:00,65563,906,2023-04-29,2023-11-11,GB02WOYE98079991109555,fb164f70-ab31-4476-987c-9819f913d14d,Mary Larsen,"1157 Proctor Summit Laurieborough, UT 20807",432.956.4130x838,bassrobert@example.com,Yes,2021-06-11,4615,Yes,Disease-Specific Health Insurance Plans
580ec48d-e49d-4014-8907-aaa6a498a8b7,CPT-73174,Quarterly,c1c2a329-d788-47aa-a7bb-1356301995d9,51145,Shawn Juarez,West Ltd,Be worry key resource remain discover.,Human safe prove.,Recently accept speech these mind nice.,18242,Smith and Sons,Rejected,960-655-0707x232,Rose Inc,Eye and Vision Care,e74a2dfe-6f8a-417b-9762-24994c371b55,Family,2024-02-18 00:00:00,99448,587,2024-10-11,2025-02-15,GB48KKIQ00525646319371,ee8fadec-3116-4c56-837f-4eaa722295a7,Emily Johnson,"9067 Eric Ports Kimberlyland, WI 64226",289.262.6784x265,joshuagreen@example.org,Yes,2025-01-13,9164,Yes,Disease-Specific Health Insurance Plans
d01f7fd8-e57c-40d3-8581-a92aa1d2e353,CPT-70769,Annually,528f8752-8742-4ae9-acdd-dd54a86cfebc,32735,Denise Ramirez,"Johnson, Martinez and Wright",Room material exactly various station seven.,Give wear little food throw chair agency political.,Pull return although for alone although.,27752,Jones Inc,Rejected,(983)888-7309,Myers PLC,Comprehensive Health Plan,76d1646f-e171-4195-9804-ee56d2089a12,Corporate,2020-09-18 00:00:00,76608,464,2021-07-16,2022-03-05,GB25AGQS82538466371124,eef2465a-0ed7-4d04-a874-c33a63d683e8,Kirsten Smith,"134 Colon Isle Suite 515 Charlesland, OR 15450",442.504.0976x45824,sean05@example.net,Yes,2021-06-19,4866,Yes,Disease-Specific Health Insurance Plans
eac0d7ef-3023-474a-9ac1-e34e2bcba0ba,CPT-88452,Annually,60fc3094-2bee-477b-8e8d-9f4dd5adc6b2,23627,Jessica Crawford,Evans Group,Weight run claim speech indeed sit.,Own go human participant.,Vote perform plan live worker yet wind.,53738,"Ryan, Scott and Morgan",Rejected,826.244.9913x095,Acevedo-Chapman,Comprehensive Health Plan,aafa1331-55d9-44b2-b016-48c6bc368e13,Family,2022-03-15 00:00:00,61478,167,2022-05-02,2022-12-29,GB72NDZZ33509701316094,656c972b-fd1d-4002-990b-cdd2f215ae1f,Lori Shepherd,"686 Grant River Wellsland, OR 33050",001-996-415-6804,rebeccaleon@example.com,Yes,2024-10-21,2168,Yes,Senior Citizen Health Insurance Plans
6af0f7c4-d88f-4443-8be7-246381139762,CPT-99201,Monthly,231cddb3-2872-4e8e-878e-0cd6595d3206,5317,Laura Young,Cooper-Cole,Our trouble public.,Between rich dream realize.,Guy heart gun shake keep theory.,79684,"Johnson, Davenport and Robinson",Rejected,+1-297-949-6636x28027,Hill-Stone,Eye and Vision Care,818a587e-5867-4c42-b5dd-3ec0b14fe08b,Family,2022-12-18 00:00:00,36058,609,2023-07-09,2024-05-16,GB35POUQ28888964729111,a0cf1e8c-228a-4c13-b013-25c25d31a7f5,Whitney King,"862 Barrett Drive Brianside, NJ 29106",830-758-2388,dennis90@example.com,Yes,2022-06-07,2227,Yes,Senior Citizen Health Insurance Plans
0fce5f8b-4d1d-4f82-85d1-c6cd6967d849,CPT-24505,Annually,7de470ea-9b72-4c4b-bec7-82271c487631,48258,Ashley Garcia,Ramirez Ltd,Along study worker subject never protect.,Pressure everything political sure.,Five just house avoid can head if.,63523,Nelson-Burnett,Rejected,001-774-879-9156,Rogers LLC,Comprehensive Health Plan,d341a947-0c2b-4714-a2b4-f3ed0a95412e,Family,2021-02-26 00:00:00,70174,340,2021-09-11,2022-09-04,GB69UJMZ15697234790178,c462fa58-6e4a-4fa7-9adc-0051cf8f9c76,Devin White,"78847 Branch Village Brandonside, HI 63764",(753)999-1521,blairsteven@example.org,Yes,2022-04-11,6094,Yes,Disease-Specific Health Insurance Plans
d3a25f3c-d02f-45e3-a02e-436e6c8108c5,CPT-46135,Annually,e000cd9b-a014-416f-b93d-01373bc38ff6,8098,Brian Nash,Lewis-Miller,Cultural specific current material.,Different scene together available learn break whom.,International attack senior foreign threat several.,75167,"Castillo, Perez and Gonzalez",Rejected,7842747273,"Hudson, Schwartz and Oconnor",Eye and Vision Care,d5979b3b-b222-46a2-8b98-258bfe3da68c,Family,2023-05-02 00:00:00,31775,353,2024-01-11,2024-05-28,GB87WMQR03941173269468,20406d20-6e08-4cee-9c72-b4680f599723,Brett Arroyo,"19357 Gonzalez Loop Apt. 605 Angelamouth, GA 75526",564.201.9579,fergusonalexander@example.com,Yes,2024-09-11,3064,Yes,Disease-Specific Health Insurance Plans
c20a54b2-c393-43d2-98bc-a8a29ee94716,CPT-36670,Quarterly,731f210f-154b-4f94-9522-7261b6e5178d,15965,Whitney Alvarez,Villarreal Ltd,Player method store card suggest perhaps yourself.,Film fund network card try place summer.,Nothing open building area alone late.,12581,Chandler Inc,Rejected,806-949-2802x4163,"Lewis, Ferguson and Dickerson",Maternity Benefits,b493f99e-2a4f-42ec-ab9e-bed2e366cba5,Family,2024-07-18 00:00:00,82864,386,2025-04-08,2025-12-04,GB25EJGX55489379612868,c5995106-8a88-44ae-b34e-2715629d36ab,Diane Roth MD,USCGC Joyce FPO AE 08758,001-757-411-0966x4767,allenanna@example.com,Yes,2020-07-07,8100,Yes,Senior Citizen Health Insurance Plans
7ffc84be-0f79-4cab-aeab-a6edc3c6c873,CPT-43772,Annually,b36b9340-4a5d-4fcc-b1a7-4fd5949535fa,29054,Kelsey Oconnell,Brock LLC,Successful stop house together.,School receive major without.,Pattern no heart huge born per behind.,48154,"Campbell, Jones and Taylor",Rejected,7017296304,"Mitchell, Evans and Rivera",Maternity Benefits,0ae46819-8e2d-47f6-9457-5a3e2aa1e7b9,Corporate,2022-03-03 00:00:00,88463,609,2023-02-14,2023-03-25,GB69EVZM16554431952711,b56d105e-cd15-47f5-9974-f39d3a77cf5a,Amy Sanchez,"9904 Jacqueline Trafficway Apt. 929 East Zachary, PW 55750",622-552-7573x3992,darrenmeyer@example.com,Yes,2024-02-04,6871,Yes,Disease-Specific Health Insurance Plans
9c0df8eb-c914-490c-b4c7-dd08093f1f16,CPT-42644,Quarterly,bea175ac-dc8d-4535-9dd2-71e4663cc48e,25631,Amber Matthews,Reed-Coleman,Approach race head human someone nation college.,But significant well change dinner fast individual reality.,Theory television he probably teacher officer bed he.,98702,Knight-Ellis,Rejected,969-813-9582x96663,Kelly-Jones,Maternity Benefits,5d47cb95-a0fe-4916-9dcb-3cc956fcebaf,Individual,2021-09-08 00:00:00,96453,841,2022-08-27,2023-08-06,GB96BYTD20609395796340,daca794c-982c-4729-86aa-ca059859c589,Gregory Riley,"13317 Jenny Square Apt. 638 Justintown, MI 67882",001-299-759-8815x013,christine70@example.com,Yes,2022-09-02,5275,Yes,Disease-Specific Health Insurance Plans
899e1b8d-054e-458b-882b-1af92e18f3fc,CPT-12418,Annually,5de5d6c1-2e8b-4ad6-a619-08cf16d1406b,1763,Tracy Medina,Diaz-Villarreal,Six population five.,View lot example sure chair operation.,Subject summer lot arrive poor this remain.,68634,Shannon Inc,Rejected,+1-736-706-5518x8422,Cooper-Garcia,Comprehensive Health Plan,24cf8fab-4902-45b0-9831-b5028c42a951,Family,2024-07-20 00:00:00,5062,574,2024-09-07,2025-07-20,GB15UXZG34774287322901,df254b96-bb92-4928-92c6-5dbb3976691d,Nicholas Jackson,"01310 Richard Orchard Suite 130 Bakerhaven, ID 07563",(766)544-7536x859,youngeric@example.com,Yes,2022-12-22,6323,Yes,Disease-Specific Health Insurance Plans
53c3bb8f-fb21-463e-90e3-e32405a59625,CPT-61706,Quarterly,54818e31-531e-418b-82e9-d7d49101fb94,58566,Thomas Smith,Smith-Burnett,Give tree level of step.,Each dark provide run serious.,Message act cultural thank team.,16447,Patterson-Stone,Rejected,818.261.6363,Wilson-Haley,Eye and Vision Care,aa370c2c-b5bb-4957-8dbd-4102112c83cb,Family,2021-06-27 00:00:00,82933,490,2022-04-23,2022-12-06,GB75BFSR43442758170298,7c6b2965-03b9-4278-8db0-d79cab8c69bb,Daniel Fleming,"73220 Perkins Garden Suite 888 East Josephhaven, GU 75547",781.432.0550,nguyenlaura@example.com,Yes,2023-11-14,9197,Yes,Disease-Specific Health Insurance Plans
effc9a51-1ad8-478f-a98f-818a43519cfb,CPT-88694,Monthly,42bd963c-0794-403b-8815-d2a0bdef6ed0,3826,Robert Spencer,"Vincent, Hunt and Stewart",Yourself big your read.,Ball television man.,Base president because hold among deal.,95444,Ward and Sons,Rejected,001-349-764-0514x60213,"Moore, Richardson and Harris",Eye and Vision Care,cf126420-9ec6-455f-822f-7ec6c662554c,Individual,2019-06-13 00:00:00,24892,176,2020-04-11,2020-08-04,GB06YWCH48593198501549,815ad806-31a5-4c41-8986-ea384a3658c5,Nicholas Evans,USNS Cook FPO AA 89233,890-437-4889x37242,lloydkeith@example.org,Yes,2021-10-19,7560,Yes,Senior Citizen Health Insurance Plans
6a4eebda-9039-4b3a-b266-72de2fc90494,CPT-19552,Monthly,fadd7401-909e-4105-95ba-b34555f01b7b,19874,Brett Parker,Brown Group,Author hear energy scene make seek I.,Able true Democrat choice say attorney.,Nearly range score.,77478,Moore PLC,Rejected,473.503.7394x1431,Brown Group,Comprehensive Health Plan,a1644707-bbe6-4d21-b0e6-1ba88e7be37a,Family,2023-07-17 00:00:00,65527,413,2023-12-05,2024-09-15,GB59PMZN69895899350164,740a3aea-aa0e-426b-9cc8-f70b9e13a0ef,Alexander Clements,"180 Matthew Course Apt. 208 Paulaborough, AL 58725",655.746.1311x274,bjacobs@example.com,Yes,2020-07-23,4623,Yes,Senior Citizen Health Insurance Plans
d090b0ea-d262-4cc3-94de-ef3a550a4a8a,CPT-87243,Annually,15278d2d-99af-4e8f-8ba7-b969878da8a1,17690,Kristen Morales,"Haney, Dixon and Ford",Throw forward cover strong.,Than can only ever receive consider later.,But worker consider car.,62017,Reese-Spears,Rejected,(588)270-6076x44639,Simon Inc,Comprehensive Health Plan,0c912081-c3e0-4cd4-b8c6-5283fe3d580b,Individual,2020-12-12 00:00:00,74599,902,2021-11-06,2022-02-20,GB29VDER47006745797951,aedcea38-c0f6-4658-b98e-23ec05be0435,Casey Padilla,Unit 3890 Box 6718 DPO AE 96970,+1-806-725-0821x1379,christina52@example.net,Yes,2020-10-25,2323,Yes,Disease-Specific Health Insurance Plans
303f055b-a5b7-4401-966f-6a8ea33043b0,CPT-39707,Monthly,489bb44f-22bc-48a0-b515-6d7c1a9e7fb1,60455,Ryan Garza,"Walters, Wright and Davis",Tax cell blue process may worry.,Rule old nothing program successful.,Model ready receive.,35769,Merritt-Brock,Rejected,914.374.8688x308,Tucker-Anderson,Eye and Vision Care,a4ea1193-0854-4ca7-9bdd-d29c32ca377e,Corporate,2020-11-04 00:00:00,71508,658,2020-12-13,2021-02-24,GB86KJKB41134712574416,ee2f557b-bfa7-4771-b3df-8fd9d1310bd6,Peter Ortega,"256 John Wall Chenhaven, NC 18809",245.237.5019x94344,michelle35@example.net,Yes,2022-07-09,5220,Yes,Disease-Specific Health Insurance Plans
4236f4d2-5ede-4cfc-92e2-da849cd2935a,CPT-37094,Quarterly,ca1c9c0c-e9c6-40bd-b76a-fbd93c349d04,23617,Leslie Miller,Whitehead-Brown,Clear less someone.,Including you authority a.,The political after hear exactly no.,6126,Raymond Inc,Rejected,826-361-6559x410,Cooper and Sons,Maternity Benefits,d09bc9b0-1dfc-4d9f-9e1b-753e8a163c7b,Corporate,2024-10-25 00:00:00,77297,482,2025-03-06,2025-11-13,GB30DNRZ12920330016780,4ab16ccb-5fa5-4beb-83b2-d21bdf9064d6,Mrs. Kayla Wright,"8308 Klein Turnpike Suite 145 Patriciafurt, MI 47375",8742042762,aaron12@example.org,Yes,2024-09-24,3916,Yes,Senior Citizen Health Insurance Plans
ff4b7692-b79e-490d-b4e1-f3d6eecbe222,CPT-92616,Monthly,db0b5341-30cc-4e57-bf24-f69a0cddec8e,22993,Sara Alvarez,Yoder Inc,Dream spring quickly activity must.,Measure difficult matter page side.,Behind under be defense attack Congress another.,31654,Smith-Miller,Rejected,001-599-708-6820x181,"Parker, Cook and Adams",Maternity Benefits,164caf18-8a1f-42c8-a734-2febf25c9132,Family,2020-11-12 00:00:00,70995,252,2021-03-08,2021-05-07,GB54LTKO21882381864268,c33ed093-6447-4abe-9ab8-ae1d8e541c4f,Sarah Rodriguez,"131 Andrew Stream Suite 315 Johnsonton, MS 20422",261.908.1407x943,tiffanystewart@example.org,Yes,2022-05-16,2449,Yes,Disease-Specific Health Insurance Plans
4f3cb170-14e7-4190-b91a-fd4aec6354c4,CPT-75078,Quarterly,81d837a8-ed7e-4821-a1ee-df254c43f81a,7712,Ashley Myers,"Medina, Jones and Miller",Seem claim two her or debate note.,Company eight model sell forget none.,Certain hot maintain certain trip though series most.,95252,Hoffman-Lee,Rejected,375.498.3842,Cameron Inc,Maternity Benefits,d8479b66-4d8c-47ec-ae7d-7352b79430a3,Family,2021-10-11 00:00:00,25011,417,2022-04-08,2022-09-09,GB04SCPZ85494435559531,2df93756-cd2e-4bee-87bd-461b65f9fa14,Edward Smith,"001 Kristen Spur Amandachester, OR 42330",(321)648-4791x897,lauraburnett@example.org,Yes,2022-07-17,4633,Yes,Disease-Specific Health Insurance Plans
e2bcd01a-b4ba-4d91-9ea0-0c787f10c80b,CPT-22916,Monthly,41070f0b-3819-455f-8087-3fb143607ed7,62964,Molly Grant,Bailey-Christian,Since food such ready.,Sort hold take reveal rather full letter sound.,Professional meeting certain window concern fish.,28161,Stokes Ltd,Rejected,811-954-6962x385,Zamora Group,Eye and Vision Care,b703aea2-5fb6-4cde-bf4b-e9efddc9635e,Family,2020-05-08 00:00:00,81454,809,2021-02-01,2022-01-30,GB08UGMB52614141377355,935d22f7-fca9-41b4-93e7-425d12153746,Henry James,"973 Coffey Passage Apt. 027 New Davidberg, ME 72673",001-359-980-2639,lhansen@example.net,Yes,2022-10-30,7403,Yes,Senior Citizen Health Insurance Plans
c7a9d49f-d012-45ff-8da0-811534ad4036,CPT-27312,Monthly,e804fb31-8138-4196-a8fe-e4dce441d4c7,3377,Megan Jackson,"Hernandez, Peterson and Taylor",Music great mean north yeah.,Imagine future join.,Night reveal worker us nearly.,17471,Harris-Swanson,Rejected,743.862.7629,Wilcox PLC,Maternity Benefits,4f2fae91-6382-474f-98cd-5da3527b4222,Corporate,2022-01-30 00:00:00,17509,425,2022-05-25,2023-03-31,GB75VDOM81083712932148,4400fe6f-7fbb-431b-88a8-9f7b2e7843bc,Alicia Patton,"71160 Timothy Islands Port Stephaniehaven, AR 38092",863.945.0313x1815,johnsonjames@example.org,Yes,2022-07-29,5841,Yes,Disease-Specific Health Insurance Plans
52b6f859-75de-495f-9ffa-3fd37b2909f7,CPT-51520,Quarterly,ddc7fa37-251f-4688-9fc5-492da054be25,5053,Brandy Montgomery,"Thompson, Marsh and Mason",Film pattern in indicate.,Threat education myself his relationship program.,Culture enjoy dog.,30585,Martin PLC,Rejected,579-621-2590x451,"Davis, Bray and Murray",Critical Disease Specific Plans,27a2e5e2-8bb3-400b-a3f9-5db69cb72a06,Corporate,2021-08-11 00:00:00,25682,476,2022-07-18,2023-02-09,GB40XZDR49066561082970,1ae42c02-1372-47b7-8cdb-0213ba56a1ca,Amy Mcdowell,"4865 Matthew Wells West Alexis, PW 81047",628.375.8963x543,janet92@example.com,Yes,2020-01-22,7989,Yes,Senior Citizen Health Insurance Plans
4e1668e9-c062-498c-af94-49caf1af5973,CPT-96026,Quarterly,4109bb0a-4895-4c42-b051-2bd36884e6fd,43059,Kristen Strong,Garcia Inc,Room perhaps require message before.,Specific leader present ten simply bill begin.,Old yard amount until full way north.,21474,Garrett-Simpson,Rejected,349-707-6332x7308,"Martinez, Henderson and Smith",Eye and Vision Care,11ce7f61-c785-4cb6-a7d0-da71cc09c35f,Corporate,2022-04-07 00:00:00,54265,288,2023-03-25,2023-04-29,GB28FGCP15760201730776,10e67969-122f-4eee-9749-15a58a0cb0c2,Matthew Maxwell,"16518 Jasmine Row New Johnside, TX 94166",433.272.4822x203,lloydanthony@example.org,Yes,2025-03-15,6027,Yes,Senior Citizen Health Insurance Plans
103f7aca-8fb2-4376-86c4-5a2736ed5908,CPT-42231,Quarterly,4279c070-1edf-4dbd-9a3e-3e35dbd58804,56928,Randall Long,Wilson-Hernandez,Whole level degree white expert property.,Our become woman leave hope Democrat full.,Morning recognize develop turn behind it smile.,6550,"Patel, Daniels and Davis",Rejected,(895)210-9773,West Inc,Eye and Vision Care,679500e3-dc36-4d40-8e25-ee63bf19d0fb,Family,2020-10-02 00:00:00,63980,955,2020-12-23,2021-02-13,GB05NZFZ15111377156044,be19043f-40bb-4d0e-8f0a-966f6d5d5669,Mrs. Tammy Jacobs,"1447 Melendez Village Lake Stephanie, KS 16473",5802487944,taylorhansen@example.org,Yes,2023-04-02,2140,Yes,Senior Citizen Health Insurance Plans
76544af1-aa2d-4c5f-90c7-37ca319e57e3,CPT-18284,Quarterly,a21e90da-3c28-4a6a-a71d-938062c7e3f9,40571,Wendy Brock,Chapman Ltd,Wait space born weight whatever wish.,Example happen treatment order.,Month able education month second major.,53035,Wilson Group,Rejected,8073991468,Brewer-Barber,Critical Disease Specific Plans,5daa5425-4e7f-4792-aeb0-ae9d8a8f3458,Individual,2023-10-04 00:00:00,85814,418,2024-01-06,2024-05-27,GB20UKWB36522906396878,ce310541-cfa8-406c-a743-e6b993769302,Kimberly Carroll,"829 Ritter Unions Suite 430 Tylerfort, ND 97250",681.809.1073x74708,jonesjames@example.net,Yes,2022-07-07,8994,Yes,Disease-Specific Health Insurance Plans
c909459d-fbf0-4f9a-ac75-aab6efee3fc1,CPT-56493,Monthly,7fcd967b-d051-4048-8da1-9f2b2cecd9df,14718,Daniel Reyes,Garcia-Wiggins,Never someone first wall.,Speak modern imagine.,Difference billion main everyone strong.,17378,"Russell, Warren and Collins",Rejected,001-574-414-8594x665,Quinn Inc,Comprehensive Health Plan,87e4c8df-0c2b-49da-ae2a-a0e1e3b031b4,Individual,2024-05-28 00:00:00,49893,440,2024-07-08,2024-09-20,GB49DYHW80628786882678,07f6e234-9a1e-4918-a913-c269f3747d0a,Philip Hutchinson,"6208 Dunn Fort Lake Abigail, FM 75832",001-761-283-0450x654,maria13@example.org,Yes,2023-05-29,3072,Yes,Disease-Specific Health Insurance Plans
2e62731d-991c-42ae-8d0c-725fa76000f1,CPT-70020,Annually,2ad99e2e-24fe-41ad-b09d-91fdf25e412c,22097,Lisa Wilkinson,Hall-Young,Parent piece keep strong.,Industry understand level grow first.,Fall song low public.,13908,Chambers and Sons,Rejected,+1-878-896-8365,Johnson Ltd,Eye and Vision Care,78f26945-1138-419e-9808-69649798e307,Family,2023-02-10 00:00:00,77544,441,2023-07-26,2024-04-19,GB49ZAUW55408190977646,90514ce8-fde0-4ace-b376-6e9bd63c2dc6,Heidi Warren,"713 Andrew Mountains Apt. 108 Stewarthaven, KY 65865",(715)883-8698,julian28@example.com,Yes,2021-03-23,4331,Yes,Disease-Specific Health Insurance Plans
76ded082-f2dd-4d02-b507-777229cef1a6,CPT-76294,Monthly,adc16349-8aeb-4f30-8f2c-1b793d4426b3,4407,Matthew Perkins,Ross-Taylor,Morning high character interesting style plan before.,Fact technology maybe operation job.,Treat although new take public artist charge.,6430,Jones-Smith,Rejected,001-504-572-2990,"Martinez, Horton and Moore",Critical Disease Specific Plans,c33e185d-86a5-4bd8-9932-4dc0ab99367b,Individual,2020-06-26 00:00:00,34263,229,2020-08-16,2021-06-08,GB68PEIB48996859310263,83c84978-90ef-498d-8c91-7fe7fad25c46,Sophia Nelson,"90095 Allen Dam Suite 265 West Darin, CA 59769",(862)886-3823x648,jorgegardner@example.org,Yes,2022-02-20,8904,Yes,Senior Citizen Health Insurance Plans
ed8bc08f-7bf1-4484-b651-8000955937c2,CPT-70332,Quarterly,fafa85c1-1880-4c4c-975c-a1727302d51b,49235,Steven Calderon,"Pittman, Huffman and Dixon",Natural majority send rock meeting.,Song cover example week.,Middle evening idea unit.,25316,Peterson-Vance,Rejected,779.686.7536,"Martin, Glover and Dickson",Comprehensive Health Plan,f2846c33-bd38-49cb-917f-35e532e9e5c9,Individual,2024-05-08 00:00:00,50078,171,2024-12-27,2025-06-11,GB65WRLW41692368675740,1ea13903-9823-48f0-8d3b-29fa138e9b1c,Jeffrey Newton,"054 Cherry Creek Suite 047 South Patrick, FM 53298",+1-862-344-6150x822,stevensonscott@example.org,Yes,2022-12-04,9355,Yes,Disease-Specific Health Insurance Plans
32cc595e-3545-47b9-994a-4fc5bea61470,CPT-80310,Annually,b0472a1a-d822-4646-b44e-49b7e2aae13c,8964,David Henderson,"Miller, Long and Finley",Rise its recently and paper.,Story alone pass church ready available rather firm.,Rich push any now available local.,27446,"Prince, Wright and Hawkins",Rejected,001-386-964-7364x468,"Schultz, Rowland and King",Maternity Benefits,3d607313-9358-460d-b744-be1311fead22,Corporate,2023-02-17 00:00:00,13573,538,2023-12-04,2024-06-13,GB96XUWA92800703010547,8bb42184-04c4-441a-8bba-894516487df1,Joshua Bartlett,"4555 Seth Drive New Jacob, WA 95852",745.596.7775x8493,corey12@example.org,Yes,2025-01-20,9000,Yes,Disease-Specific Health Insurance Plans
f3d2b65a-283e-44b1-abcd-e6685cca0655,CPT-46007,Monthly,f385ccfa-0a0f-491b-9c88-e6b0f7dd7f4f,12702,Collin Vincent,Barrett PLC,Great safe college these actually protect always.,Even high feeling rock pick.,Bill read radio child include.,42169,Ball PLC,Rejected,546.502.2563x892,Anderson-Bryant,Critical Disease Specific Plans,2948ab4f-ba8b-43fc-a2fd-e429ca981930,Family,2021-08-18 00:00:00,19910,810,2022-04-24,2022-10-15,GB86IELQ03854478936188,bda0251e-6779-4227-aa3a-ff6d4cbf82a6,Cindy Cunningham,"531 Sherman Junctions Suite 006 South Julieport, OK 39495",(495)983-1015,charleslane@example.com,Yes,2024-08-19,1774,Yes,Senior Citizen Health Insurance Plans
77ea791f-f2a5-4186-a58b-78ef133842c8,CPT-26306,Annually,abd4178e-80a3-4d25-98a4-6acb025a96ad,31990,Jeffrey Smith,Willis-Bentley,Point land when board watch stay ago.,Sometimes face remember great his travel.,Still despite wrong wide story.,32382,Swanson-Burgess,Rejected,272.803.6102x960,"Peck, Gray and Smith",Maternity Benefits,51ca7e66-8919-4c87-b1d7-3ef02295039c,Family,2022-03-25 00:00:00,70974,409,2022-09-18,2023-01-06,GB28CMQG48658858023897,02c86e96-7fb6-4723-b19e-dd871a7ef7c9,Nicole Hall,"8725 Green Gardens Apt. 263 Thomasfurt, LA 25711",222.866.3591x789,higginsxavier@example.org,Yes,2024-02-09,6385,Yes,Senior Citizen Health Insurance Plans
a2237370-1fb2-4cb3-a31f-9001a577fd44,CPT-28098,Annually,7ca2fb61-5a4c-443d-a726-2e50d931b4a3,66966,Matthew Thomas,Bennett LLC,Around family amount easy record.,Show true media.,Set include their hundred Democrat.,81493,Weaver Ltd,Rejected,+1-449-370-9343,"Mitchell, Saunders and Wong",Comprehensive Health Plan,1212295f-cb87-4fca-a707-7cb0afc9742c,Family,2022-04-18 00:00:00,84179,982,2022-09-27,2023-01-13,GB97DAVE11132831427447,45e46810-ea20-4827-9fe8-ba2b96e8c17b,Mary Hughes,"4003 Poole Rest South Robinland, VT 97421",(450)573-5400x415,epeterson@example.com,Yes,2024-05-07,1501,Yes,Senior Citizen Health Insurance Plans
0a3c2e25-8786-4721-aa01-a41144f559b8,CPT-11643,Annually,3893d76b-a49d-4000-8578-6a8273b6998b,6700,Jeffrey Brown,Mayer-Lowe,Century dark certainly window memory.,Cut example officer ground professor yourself skin.,Without resource more off this necessary.,57026,Russell-Skinner,Rejected,941.813.8760,Smith LLC,Eye and Vision Care,dd072ea1-9886-489f-acb0-13a8e268f4fe,Family,2021-06-19 00:00:00,42129,418,2022-05-26,2022-11-24,GB87KHII13014217640510,5808dd08-348f-4d81-9613-d3f0f8326673,Karina Rodriguez,"500 Lewis Vista Apt. 230 South Jonview, NV 28483",(884)829-6358x952,allenvalencia@example.org,Yes,2023-07-16,4468,Yes,Disease-Specific Health Insurance Plans
61ed1ab6-6608-4f1f-b433-0c3e6bd33113,CPT-67133,Monthly,2c354a92-d42d-4e8d-8b49-a74a127e57ef,67711,Hannah Blackburn,"Flynn, Clarke and Brewer",Benefit teacher Congress.,Yeah plan family character hair choose.,Wife scientist discover girl.,33826,"Williams, King and Johnson",Rejected,944.472.9558x315,Bass and Sons,Critical Disease Specific Plans,c0c05ac5-64a3-475a-9a78-77915510ed9a,Corporate,2019-09-21 00:00:00,68687,357,2020-06-06,2020-09-10,GB46DYPL05201631680814,e924db9a-75d0-457d-a723-762fab4e0902,Brenda Simpson,"869 Ray Camp Suite 033 West Angela, CO 27773",422-679-2953,wbowen@example.net,Yes,2020-03-31,6446,Yes,Disease-Specific Health Insurance Plans
bf16b2fb-f218-42ff-b80b-f927d785e7d5,CPT-79026,Quarterly,3569fc47-8a93-4c04-a5f7-2713ae475033,39231,Danielle Smith,Scott and Sons,Writer daughter where plant age themselves national.,Possible suggest administration those.,Happy girl sign many no body business.,62051,Christensen PLC,Rejected,572.452.7821x53009,Davis-Wolf,Comprehensive Health Plan,a45cc7e5-713c-42b1-8f28-0c385bbf2003,Corporate,2023-05-03 00:00:00,83921,436,2023-11-17,2024-11-16,GB92CKHN78157037397983,da651ded-a584-45ae-a1cd-dc8e0ddc202f,Regina Kent,"376 Gallagher Motorway Suite 757 Ryanfort, MD 32958",985-525-9062,wfritz@example.org,Yes,2022-04-07,9852,Yes,Senior Citizen Health Insurance Plans
95846cec-1971-4a2b-bb30-04bec448a342,CPT-84472,Quarterly,c9162e5e-e00c-47ea-902a-cb238b39cb6f,17684,Jacqueline Mitchell,Padilla-Page,Exist yourself whole almost surface current.,Theory true mean impact evidence set certain film.,Everything voice visit process shoulder data.,85456,"Barry, Cochran and Newman",Rejected,+1-565-836-8501x259,"Cox, Lewis and Sawyer",Maternity Benefits,2bb7f4e1-3b19-4d55-b191-40f219a681a4,Family,2021-02-16 00:00:00,81814,449,2022-02-14,2022-05-22,GB59IOGQ76694586822933,e047b770-0c58-41b8-a8a8-e4628f90b067,Levi Fernandez,Unit 9566 Box 1351 DPO AA 94737,001-998-908-3192x70809,ewallace@example.net,Yes,2021-06-05,5328,Yes,Senior Citizen Health Insurance Plans
5533a121-bdef-4c71-817c-a1d2d73511ab,CPT-17846,Annually,6019f9ae-516d-4275-a95c-e9d5581d8ce6,66279,Deborah Martinez,"Moss, Coleman and Williams",Election may painting clear radio.,Use again magazine without.,Easy number table century table.,1424,"Moody, Smith and Fletcher",Rejected,306.352.9011x343,Ruiz-Robinson,Eye and Vision Care,26e728f6-b39a-4653-9504-68c6c600abad,Family,2020-05-27 00:00:00,92506,802,2020-09-30,2021-05-07,GB76WBFU98997820741454,d58414a2-924f-4691-938b-e3122fddfc64,Kenneth Molina,"591 Audrey Turnpike Apt. 177 Port Elizabethton, PA 65113",837.439.7383,tracyblair@example.net,Yes,2023-05-25,4849,Yes,Senior Citizen Health Insurance Plans
7fb54de9-4189-437b-b889-946c3eb62a9f,CPT-13622,Annually,da3254d5-4177-47b0-9f6f-043fc4d7e1bd,24730,Grant Douglas,Henderson-Paul,Per push together behavior.,Election society couple.,Board type total as fast material control.,29862,"Anderson, Miller and Hatfield",Rejected,370-325-4402x9821,"Dillon, Rose and Grant",Maternity Benefits,c5e13a3f-07ef-4c97-ae69-4e41e5f46ba3,Individual,2025-08-13 00:00:00,27325,139,2024-04-28,2024-10-04,GB43ISRL39464299824153,9d3c6dc3-b4c7-40ba-b527-a5cbec844eb2,Ryan Moore,"0838 Sean Harbors Apt. 473 Port Joshuahaven, IA 16362",438-455-2325x0543,pamela92@example.org,Yes,2024-10-20,7746,Yes,Disease-Specific Health Insurance Plans
11043d00-c86a-464f-a272-9d132b40b94e,CPT-44791,Monthly,91d0ba2e-cf42-48d8-99f8-abf2886bdb92,2456,Stephen Bennett,Holmes LLC,Take decision notice.,Assume team here.,Grow he into past war old mouth throughout.,74113,Howard Ltd,Rejected,001-285-553-1588x00761,James-Franklin,Comprehensive Health Plan,2c69aaa0-e27d-4897-9459-25537663cbb5,Family,2022-12-14 00:00:00,90008,914,2021-01-24,2022-01-01,GB44HXHV24122768421794,7791862e-80ea-48ec-9e65-e19373c8dcaa,Jose Singh,"9751 Erin Roads North Paulmouth, KS 79125",831-971-3378,sarah18@example.net,Yes,2021-05-23,6191,Yes,Senior Citizen Health Insurance Plans
47461930-4a31-4ac5-a570-3b0be5220093,CPT-22229,Monthly,7facf0cd-c9c3-4b8f-ba2d-f1573aa5966c,29220,Claire Jones,Poole LLC,Light respond door who.,Show stop common interest time tell official century.,Region none home rich teach time.,66997,Steele-Erickson,Rejected,+1-571-658-5922x7357,Brown Inc,Maternity Benefits,3383a3ba-ea97-4aee-9535-00674617d818,Family,2023-06-22 00:00:00,32232,230,2022-03-06,2022-10-27,GB95QFXA41744907379410,e15e5396-0c03-4ffb-af56-dd8f9526e708,Kristen King,"9559 Kevin Path Suite 678 Edwardschester, AS 76177",(232)720-2602,glenda77@example.com,Yes,2025-02-26,9589,Yes,Disease-Specific Health Insurance Plans
67f8ba3f-d811-427a-897b-acdc0b4293a2,CPT-34864,Quarterly,36c74917-fa6f-4265-b567-391c458ea8ec,45526,Robert Terry,Yoder-Johnson,Marriage safe drop today life interview seem let.,Animal show professor service television two always society.,Gun author above trade girl note guess.,34758,"Collins, Rocha and Jacobs",Rejected,(633)874-4092x15290,Potts-Hubbard,Eye and Vision Care,a07aa059-4296-4f8a-9846-ba6e8264107e,Individual,2026-07-04 00:00:00,80461,749,2025-01-17,2025-09-16,GB31RVAD96306544955660,7f9fc09d-da45-4c11-8f6a-164a39e7e214,Vanessa Morgan,"033 Hannah Glen Apt. 668 Farmerberg, SC 27913",(381)870-7029x4080,tiffany31@example.com,Yes,2024-02-29,7617,Yes,Disease-Specific Health Insurance Plans
6079a6f3-86cf-47d7-9da0-1d7ddb63f926,CPT-15661,Quarterly,eae31aff-89cc-43da-bfbc-91369b8c557c,8750,Elizabeth Sanford,"Clark, Perry and Hamilton",World soldier week reduce.,Central while throughout company.,Southern system story instead admit answer with now.,73587,Ramirez PLC,Rejected,001-919-809-0275x5820,Williams-Rivera,Comprehensive Health Plan,79670aa0-1fb6-41b0-9033-24bd885c45dc,Individual,2021-08-15 00:00:00,30793,150,2020-06-13,2021-04-22,GB77WUAS47009266732188,8138dbcc-880c-46d4-9ee7-97c1ccfa9d40,Oscar Wood,"02946 Elizabeth Mission Suite 036 New Francisco, LA 88269",+1-989-214-3530x2493,christian83@example.net,Yes,2024-02-19,9832,Yes,Disease-Specific Health Insurance Plans
a932d27a-7a04-4189-8db1-ea21a0b129f7,CPT-40159,Annually,a9d71777-61ec-49fb-b3ac-47bc0946dfc5,14950,Melissa Cooper,Ross Group,Score color discussion actually three friend listen.,Art reduce generation.,Statement speak thing language condition join what.,13277,Byrd PLC,Rejected,937-463-1270,Lee Group,Eye and Vision Care,2b1bbf10-b333-4781-82ae-7038332eb0ac,Individual,2024-07-28 00:00:00,29495,449,2024-03-07,2024-06-11,GB83LUVY42223521845974,2a911e11-472d-473e-a00e-0d41cdc512fa,Susan Ward,"62903 Monica Road East Johnview, DC 90835",001-424-717-1619x775,phodges@example.org,Yes,2021-02-22,4951,Yes,Senior Citizen Health Insurance Plans
1047e1a1-fc7d-4a43-8f03-b2376eb7e91f,CPT-81382,Quarterly,600d2763-b902-458d-af68-cbfd1dcdd25c,1830,Emily Ford,"Gibbs, Greer and Estes",Small yourself outside stock green.,Wait truth wait turn.,Share education far mouth PM.,12721,Taylor PLC,Rejected,345-926-4368,Bowman PLC,Maternity Benefits,44b55f18-9102-4cdd-995e-51ce02d58e13,Corporate,2024-05-21 00:00:00,7485,930,2022-08-27,2023-08-11,GB20COGE96840740003085,a4e60af3-5a56-4452-bc2e-ffe1a27dbdce,Jane Solis,"30780 Butler Forge New Catherinehaven, AS 55635",695.221.7184,erin79@example.com,Yes,2020-02-20,6260,Yes,Disease-Specific Health Insurance Plans
a04b4e2a-dcb6-4a03-82ab-d20d84828a17,CPT-65464,Annually,03c550d9-eff2-4fb9-8549-a6690fefa7fd,4942,Michael Mitchell,Watson Group,Officer mean soldier compare.,Article number where.,Pm arm modern one admit share future.,92334,Evans Group,Rejected,+1-944-998-4348x5730,"Wells, Hartman and Dodson",Maternity Benefits,ca6688e6-0bbc-4d27-befb-5b2ccc84a5f9,Individual,2022-08-19 00:00:00,30378,478,2021-01-26,2021-09-03,GB55XLSL89868858033728,08e847b1-e19c-4cdf-9ac6-4fd8a4468fe2,Deborah Lee,"34046 Connie Vista Suite 481 Rosschester, AZ 94682",+1-775-345-9161,durhamtaylor@example.net,Yes,2020-05-11,3354,Yes,Disease-Specific Health Insurance Plans
4e74d7cf-8f88-4dbb-9d26-01298488513f,CPT-68487,Quarterly,2dfcd9fb-9422-4010-ada8-00bc6b1249bb,2977,David Roberts,Foster-Harris,Value human I thank positive fall.,Foot leader pressure policy personal road.,Television even environmental traditional never soldier section.,70640,"Clarke, Smith and Clarke",Rejected,940-788-2366x79629,Mullen-Nguyen,Critical Disease Specific Plans,07822276-2510-4db1-8721-cb1f2e22cb4a,Individual,2022-04-09 00:00:00,5399,755,2021-06-04,2021-11-19,GB16FHEX92441275436787,a2a0e23d-0ced-453e-b8ed-2c231e07173c,Amanda Kelly,"511 Scott Tunnel Apt. 251 Philipshire, TN 82259",253.850.4383x918,juan90@example.net,Yes,2024-09-19,9883,Yes,Disease-Specific Health Insurance Plans
c7405774-d72d-4d8f-9b69-936cda3f1254,CPT-84251,Annually,d4295243-57c9-40e8-b2f4-2354efefe6f4,4970,Andrew Guerra,Bradley PLC,Investment night money hospital important art factor.,Trouble behavior woman majority.,Little today late list season.,53814,Jimenez Inc,Rejected,001-224-409-7378,Gould and Sons,Critical Disease Specific Plans,ec582a92-ab69-4693-ab1c-52a5f0c8bd77,Family,2021-09-13 00:00:00,15438,235,2020-02-02,2020-09-22,GB45TYFD91515325216445,ab602673-eade-49fc-9715-0102b6dbd20a,Michael Wright,"5572 Marie Station Apt. 178 West Stephanie, MT 25377",537-345-1230,qespinoza@example.org,Yes,2020-02-07,5358,Yes,Senior Citizen Health Insurance Plans
0d10234d-8fe2-4eea-928a-6f1d496e486f,CPT-40844,Annually,4cc0f0c3-21af-4166-9306-5ac6d5d1b67f,25308,Bruce Conrad,"Potts, Fisher and Benjamin",Edge song quite their official dark.,Fly per item town especially area bring.,Table two middle current friend budget.,45944,"Jimenez, Tucker and Santos",Rejected,+1-216-916-9380x77586,"Flores, Hansen and Taylor",Critical Disease Specific Plans,dea9ec22-de7d-42da-91a9-f4b47fbd8ca0,Individual,2025-02-07 00:00:00,55038,619,2024-10-02,2024-12-10,GB80SZUV01951399846255,19424d2f-4c32-4a99-acef-67e034d6fa3a,Katie Moore,"0709 Joshua Corners Apt. 688 Harrismouth, UT 84860",001-469-582-8538x305,barrkevin@example.net,Yes,2022-02-03,6510,Yes,Disease-Specific Health Insurance Plans
2358ac1a-0449-4323-86f4-4bdebfd34b1b,CPT-84055,Annually,9035d368-bb1a-441e-8829-17480e2da2f5,18131,Alicia Harrison,Hancock and Sons,According news most.,That catch never write process what.,Ten head himself into them enjoy.,85473,Andersen Group,Rejected,001-979-271-5364,"Mcclain, Zamora and Brown",Eye and Vision Care,c1dc95cf-bd7a-4fe3-b341-102ed978c99a,Family,2024-06-30 00:00:00,89995,289,2022-12-04,2023-09-30,GB80KTMN96408864147752,5a2f8023-8498-46dc-af31-de665b7a8a3d,Steven Young,"47036 Rhonda Plains Lake Gregorymouth, UT 52450",(301)307-1496,stephenmorgan@example.com,Yes,2020-10-27,9533,Yes,Senior Citizen Health Insurance Plans
5dc48929-912d-4325-b298-d88d2be7d62b,CPT-23111,Annually,998aafb7-8c91-4317-bb10-7683b7ecc1db,43330,Mrs. Cynthia Hall DVM,"Stone, Brady and Horn",Kid Congress serve car detail mean answer.,Well will wear cause ground production old form.,Thought natural top investment.,80381,Smith LLC,Rejected,844-665-1102,"Wolfe, Wilkinson and Campbell",Critical Disease Specific Plans,4037428a-2e6b-472a-9d2c-aff480da5bd9,Individual,2021-10-31 00:00:00,65770,238,2020-11-20,2021-02-26,GB49DPHI59415796815322,7f0593ed-6e6b-47f8-a9b8-0d75877f3a94,Michelle Matthews MD,"49954 Gordon Skyway Apt. 356 Port Drewland, IL 82241",(799)580-5123x89229,ashley14@example.net,Yes,2024-05-10,7390,Yes,Disease-Specific Health Insurance Plans
a4ee375d-ca7b-40ba-abd5-aec06494f565,CPT-25507,Annually,14dd36cf-4760-46b8-ab37-366176b7c35f,42139,Kyle Romero,Cannon LLC,Conference thus job half bill.,Pay TV old hair else just right.,Would Congress name end.,32841,Rodriguez-Valdez,Rejected,271-964-3826x630,"Mcguire, Ford and Keller",Eye and Vision Care,1dbd90a1-9474-4a60-952c-102cfb074a62,Corporate,2023-09-15 00:00:00,56330,837,2023-01-05,2023-07-19,GB11OJJC79200277114089,d4a56e65-b7bf-42fd-b41a-59b2775c99ff,Laura Hodge,Unit 1799 Box 7021 DPO AA 36107,212-663-6005x7778,wmccarthy@example.net,Yes,2020-04-27,6151,Yes,Senior Citizen Health Insurance Plans
ff09bb58-300d-4887-9984-bd8778312a6e,CPT-31854,Quarterly,1f26f874-373f-4c3f-9dde-2f878b9132ca,29874,Debra Thompson,"Olson, Robinson and Simmons",Today close read use hundred.,Art natural customer argue surface life.,Media much computer staff nothing tell white.,42948,Estrada-Bailey,Rejected,2244585937,Rosales-Taylor,Maternity Benefits,f06e45c2-ebd8-4f9a-83f4-9ea5b92be8cb,Individual,2026-07-19 00:00:00,89811,908,2024-12-21,2025-11-24,GB82GUGA83351040706055,dfa544c3-db04-4f5e-8d9a-773343ce1941,William Brown,"1466 Andrew Hill Graychester, MP 02914",948.705.7392,susanbryan@example.net,Yes,2021-03-06,2090,Yes,Disease-Specific Health Insurance Plans
77d8737d-7954-4783-8302-2e526a631de0,CPT-99874,Annually,d50c42ad-f9a5-40e4-ae95-29e04444b102,11675,Benjamin Williams,Peters-Mcintyre,Billion recently difference region interview.,Film visit light bed.,Often receive sit federal condition.,63264,Hansen Ltd,Rejected,438.566.5450x7153,"Hoffman, Price and Walker",Comprehensive Health Plan,c8c9ba8b-8c16-495d-86ed-de0e06b24820,Family,2021-04-03 00:00:00,79359,123,2020-03-07,2021-03-01,GB24DDRQ11473931806565,fa32ae31-e55b-4263-a0f2-b0cf12853b33,Ruth Flowers,"554 Walker Expressway New Ryan, TX 99842",(280)575-3683x548,joshuajoseph@example.org,Yes,2022-07-03,8766,Yes,Senior Citizen Health Insurance Plans
98d04101-d432-4a47-b307-7c3b1f84b75d,CPT-51130,Quarterly,73a19ff3-7eae-406b-983a-6868e564b9e5,13998,Savannah Davis,Palmer-Gonzalez,Statement door budget window today know.,Necessary three reveal beyond answer safe.,Six between so inside.,80641,Conway LLC,Rejected,001-395-763-5521x2542,Adams-Baldwin,Critical Disease Specific Plans,7afacf02-4137-48f8-97ad-6db62cf215ea,Corporate,2025-05-31 00:00:00,28640,689,2024-05-17,2024-11-26,GB28LFAV50296222274018,92d0cab2-b6f1-44cc-8efd-1ee67d9db22f,Melissa Crawford,"90138 Pamela Crossroad North Ashleymouth, VI 47612",897-921-7482x19297,jeremiahdavis@example.net,Yes,2022-08-04,5445,Yes,Senior Citizen Health Insurance Plans
f8b2e418-7e73-4e10-9a8b-347afb81eb52,CPT-55618,Quarterly,34193c03-322a-4073-a7c3-5d62a7f7e6e4,7959,Jenna Little,Saunders Inc,For several prove.,Result teacher board.,Condition debate this board stop.,37507,"Smith, Reese and Henry",Rejected,863.848.0498x5166,Floyd LLC,Critical Disease Specific Plans,1a8ab426-d19f-4432-8358-2229538650f4,Corporate,2025-12-30 00:00:00,17381,819,2025-01-19,2025-06-30,GB19OLKE53557218530960,29b405ba-8cc5-4ccf-8cac-fa53df67eef2,Colton Jones,"5910 Sims Shoals Candiceburgh, MO 71336",761-783-4493,diana08@example.org,Yes,2021-08-28,7961,Yes,Disease-Specific Health Insurance Plans
b289211a-4b64-45c3-b5a2-12d968ac8acc,CPT-65341,Annually,88d8d99f-ce9e-4bb6-b4da-74a9841dfedf,79226,Bradley Small,Horton and Sons,White debate bar much meeting majority future.,Avoid forget before mother hospital billion.,Institution thus suggest sister book region.,35223,Johnson LLC,Rejected,+1-551-894-9011x52694,"Lee, Gonzalez and Davis",Maternity Benefits,08c95cf1-9d41-4bff-a48c-ac8882ed1f5f,Individual,2025-07-09 00:00:00,86201,253,2025-02-27,2025-04-17,GB32LILA23416365429412,85d14fcd-9489-4b40-a3b0-b62c90c94e40,Savannah Solis,"919 Michael Grove Apt. 021 Fosterchester, WA 60588",001-644-743-1835x811,robert35@example.org,Yes,2020-11-05,1394,Yes,Senior Citizen Health Insurance Plans
e5aae5be-5792-425b-92a5-31e0dc302c7d,CPT-97956,Quarterly,96a720a8-08a2-45c4-9ec9-7aa2d085b78d,53158,David Robinson,"Vasquez, Young and King",Prevent matter item tell commercial us.,Hand city suddenly maintain maybe.,Pretty food responsibility degree great once enjoy.,63308,Woods-Lopez,Rejected,001-910-758-8950x3566,Davis Inc,Maternity Benefits,c612f22b-b07b-45dd-98f1-48a9d3afc3a6,Individual,2024-11-26 00:00:00,90436,220,2023-06-11,2024-01-10,GB96VKLO80502015564146,ffc5ca18-e0a4-43a8-84c1-50b7647f98e2,Kristen Clark,"787 Paula Fall Apt. 218 Melissatown, GU 82071",(663)259-5378,brittany05@example.net,Yes,2022-11-23,5510,Yes,Disease-Specific Health Insurance Plans
fffe1a52-0302-4d7a-9550-07183b7d7edb,CPT-17795,Annually,71afeb1d-c036-4497-bd62-0ec6407f04ec,59982,Melanie Mckinney,Gibson PLC,Skill cell charge trip particular which.,Capital would set you record.,Our growth state two most we.,25726,Williams-Grimes,Rejected,733.527.4867,Montgomery-Garcia,Critical Disease Specific Plans,59fce63b-f326-4439-9cca-993c17f528dd,Family,2025-03-15 00:00:00,65418,781,2023-06-03,2024-03-20,GB36CHAK66519811310403,413000c2-67b2-42ad-bc68-433bff94d8c5,Martha Cortez,"834 Stanley Points Vaughnberg, AL 39833",(978)958-5273x338,utran@example.net,Yes,2021-03-09,4570,Yes,Senior Citizen Health Insurance Plans
b6b669a0-b913-472d-bd81-6dd260e783e9,CPT-56473,Annually,6b071c7c-c6c6-4c25-b938-dbf1758009da,38400,Jeff Woods,Quinn-Andrews,Culture crime former attention.,Pass fact number.,Pattern development next type character animal would size.,22366,Knapp-Vincent,Rejected,001-945-592-4883,"Weaver, Chan and Bell",Maternity Benefits,57e73186-d426-49b7-8e99-26d14653064b,Family,2024-08-07 00:00:00,66899,862,2023-07-31,2023-10-21,GB24AYBE08330619534702,639d7616-ad37-488b-a974-d8530faaf2d6,Aaron Holland Jr.,"72219 Christopher Trail Apt. 961 South Mariastad, OR 26675",8539700820,ayaladavid@example.net,Yes,2022-01-13,7646,Yes,Senior Citizen Health Insurance Plans
a1415d23-a241-4bb7-8f50-8906556d225b,CPT-64053,Monthly,8e6d46bc-642e-414e-925c-85d4faadd744,24498,Michael Howell,Ryan-Lin,Person now fund act.,Scene dinner alone husband father.,These billion here culture this.,68963,"Smith, James and Johnson",Rejected,660-876-9939,Martin-Hughes,Eye and Vision Care,a1f957d4-e248-4bcb-a998-94d9a9f822ad,Corporate,2026-04-10 00:00:00,33085,815,2025-02-11,2025-09-27,GB49LDAB88353025924901,4b6ccd55-041c-41bb-af4d-e1134a2bf699,Stephanie Wallace,"61454 Tina Junction Apt. 631 West Anthony, AZ 95229",538-789-6337,nshaw@example.com,Yes,2023-03-17,9953,Yes,Senior Citizen Health Insurance Plans
a852769d-9f01-48ca-a7dc-a8e97421c102,CPT-90133,Quarterly,d439c177-50ac-40e1-b283-4d19b1c5991d,1601,Thomas Berry Jr.,Sweeney Ltd,Join method environment president can require relate bill.,I thought middle industry discover certainly.,Arrive professor someone.,2900,Escobar Inc,Rejected,383-537-5239,"Villa, Jones and Harris",Critical Disease Specific Plans,13faf9a1-89bd-4f2a-b4ba-28f222816f42,Corporate,2023-10-30 00:00:00,14792,207,2023-05-16,2023-06-25,GB51FAMM73526466920299,65601dc9-6c70-48a4-ad14-0b33388f11bd,Ashley Wallace,"9588 Rodriguez Ways Apt. 004 Lake Anna, MH 25308",426-624-4251,kennethpowell@example.org,Yes,2022-04-24,8784,Yes,Senior Citizen Health Insurance Plans
db5ed15a-1078-48dc-bd99-3e94db56c4c2,CPT-54720,Annually,62458f5a-597f-4543-9d4c-fe7a4bf04954,7327,Anthony Newman,Williams-Bush,May international if travel everybody.,Story movement sure majority trip contain glass southern.,Social professor truth budget most discover.,53587,"Hardy, Douglas and Shields",Rejected,001-974-684-2144x1326,Lyons Ltd,Maternity Benefits,c5c4788b-ed8a-4d73-9e06-1348b57fb85f,Corporate,2024-08-05 00:00:00,66399,976,2023-04-09,2023-10-07,GB03TPLI14441603704620,4923774d-a5a8-441c-87c9-34a60efbd3a0,Jack Ray,"0184 Rodriguez Fall Apt. 319 Morriston, MT 88296",+1-639-989-9866x2635,brownnicole@example.com,Yes,2022-02-01,6411,Yes,Senior Citizen Health Insurance Plans
0d6ed0bb-dead-4c76-a9bc-0d9133bfb464,CPT-97663,Quarterly,bcb25dec-fda6-40bf-8cfb-894fe11bf8f8,61869,Jordan Cruz,Glover-Hodges,Top professor real eye enjoy strategy.,Participant big main road.,Energy PM foot.,86638,"Reynolds, Anderson and Scott",Rejected,(567)597-8443,Meyer-Ross,Eye and Vision Care,b36e23ed-f11f-42e0-88bd-72cd463c21a2,Corporate,2023-01-20 00:00:00,81588,958,2022-05-24,2022-06-30,GB51FQSB94690811642021,8964bc9d-c16e-44ac-bb57-413cf501620d,Emily Stewart,"PSC 0031, Box 0744 APO AA 19431",963-243-8261,amy51@example.org,Yes,2022-04-10,2491,Yes,Senior Citizen Health Insurance Plans
479c4af6-cc96-4d9b-92a1-60e84ef6348a,CPT-98146,Monthly,66bdbdbe-fe23-4c81-8c54-931ab70390c6,6889,Louis Woods,Ross-Ward,Here discuss forward well whether from voice.,Political development six support environment.,Clearly find you pull prove would.,64098,"Rosario, Dixon and Munoz",Rejected,451.658.1104,Brown-Stanley,Comprehensive Health Plan,4c871317-9afa-487b-a20b-3e60f2aaa234,Individual,2021-06-19 00:00:00,41137,755,2021-01-01,2021-04-11,GB28ESUS99747416572667,c391b745-aab8-4f79-bc31-a374c1a0d61f,Danielle Lewis,"01123 Cheryl Ramp Brooksfort, AL 75725",(489)438-1965x05231,riceblake@example.net,Yes,2020-08-18,8908,Yes,Disease-Specific Health Insurance Plans
0288f665-1090-433f-8406-9bff2fd15f7a,CPT-79068,Monthly,6f0e0306-6219-452a-8f24-6fefd1fb9462,4368,Brenda Brown,Stevens-Sharp,This collection loss ready.,Place north develop prepare decision help.,Maintain individual brother great everyone.,97059,Farrell-Baker,Rejected,(493)751-1253,"Williams, Orozco and Dillon",Maternity Benefits,e60de2a0-1864-4909-9b72-d36ba7ad42ed,Corporate,2025-05-17 00:00:00,21569,734,2024-12-02,2025-03-17,GB30RYWW25095224208529,5b8f9fbf-521d-4478-84b6-39995fb758a1,Kevin Zhang,"PSC 5935, Box 6172 APO AA 57870",(902)375-7396,hproctor@example.com,Yes,2021-09-18,2345,Yes,Senior Citizen Health Insurance Plans
09bb7209-474c-4f1c-adb8-270843e588df,CPT-73796,Annually,193d35bd-d460-45f5-a8ee-95a6307af786,7374,Brenda Adams,Harris-Scott,Keep campaign three anything choice worker strong.,Most according gas environment.,Best member structure investment short.,43045,Zimmerman Inc,Rejected,+1-307-581-6406x358,King and Sons,Comprehensive Health Plan,b01a6315-35f6-4373-8443-f8b9d0f10a49,Family,2024-10-22 00:00:00,57118,818,2023-08-16,2023-11-24,GB47KOWG35328861832132,b8a39578-0908-4cb8-a8dd-b779e7553d01,Katherine Mays,"99034 Valerie Parks Apt. 658 Nicholeview, FM 33936",774-251-0701,epeterson@example.com,Yes,2021-07-03,4928,Yes,Senior Citizen Health Insurance Plans
a778ea3f-ce92-41c5-80d8-7ff3caf5e2b2,CPT-46175,Monthly,9e3c1b18-a532-4121-b78d-1098afdf213f,23080,Mr. William Atkins,Chapman PLC,Subject early price.,Policy necessary their indeed usually play chance.,Now lead defense whose past.,84112,Cantrell-Fleming,Rejected,(835)915-3979,Moore Ltd,Comprehensive Health Plan,7798d21a-850f-4d32-ac49-a82afa750b75,Family,2023-02-02 00:00:00,76028,510,2021-09-03,2022-02-03,GB72DFCB91064491970072,2ce1e718-5853-40d6-a61c-cc839ee782e3,Emily Underwood,"01975 Bill Course North Ryanbury, ID 61508",(497)522-6623x4387,robert26@example.com,Yes,2022-11-15,3102,Yes,Senior Citizen Health Insurance Plans
30c3d2c0-40f1-40f3-a84d-7e743a51225f,CPT-27259,Annually,99496d71-de97-4ed9-a6d9-26fbff6be480,38075,Maria Stafford,Olson-Allen,Time serve involve that Mr.,Data manage have town scene.,Ahead grow green.,73122,Bailey-Edwards,Rejected,001-980-498-9558x275,Lee Group,Comprehensive Health Plan,38ac11c7-fd68-4b46-a8b4-e2d26b20fff9,Individual,2022-11-02 00:00:00,51872,415,2021-12-06,2022-08-30,GB80VSMN03244230367703,84f271f4-b6bf-491d-af75-81f0e3898820,Melissa Phillips,USCGC Kennedy FPO AE 17494,001-228-950-5755x634,jacquelinevega@example.com,Yes,2020-01-03,5034,Yes,Senior Citizen Health Insurance Plans
507470cd-da22-4c83-96d1-bd925dbcf026,CPT-68998,Annually,1c82bbec-b06f-4162-beed-11d7168e3a2a,37539,Julie Ali,Flores-Richards,Remember fill answer dark.,Human upon myself student too lot.,Clear accept democratic cup.,94346,Harper PLC,Rejected,+1-931-820-9424,"Nunez, Torres and Bennett",Comprehensive Health Plan,f487e758-579d-44d9-b779-a6fd64abee40,Family,2024-07-08 00:00:00,40247,271,2022-10-02,2023-09-08,GB85QAGA23076085872513,101cb21c-9ff9-4d2b-80d7-f1869507086f,Jason Acosta,"250 Jessica Plaza Welchside, OR 91305",001-988-810-9609x991,kadams@example.net,Yes,2020-09-03,9918,Yes,Disease-Specific Health Insurance Plans
a4a81b12-e5a1-41b7-aca0-cd744745088e,CPT-50938,Annually,286dbbf1-55a8-4ff0-9b3b-d44f76545db5,1995,David Watkins,Perez PLC,Drug half gas at attention.,Long consumer politics plan.,Brother think change that open.,33729,Smith LLC,Rejected,(855)444-1637,Castro-Walker,Critical Disease Specific Plans,05f63584-44e7-44a3-867e-82898b40a97a,Family,2021-10-10 00:00:00,48213,742,2020-07-12,2021-01-25,GB04GZCX98679643774375,e72bb493-7d73-4967-b497-b3bb5358754c,Jessica Weaver MD,"4424 Kevin Place Apt. 449 Yvonnefurt, MT 55240",001-366-404-5689,mbonilla@example.org,Yes,2022-12-16,6968,Yes,Senior Citizen Health Insurance Plans
dcbb0299-d94b-4f95-a104-720bee3a06bf,CPT-96841,Quarterly,b69a4591-6a90-424d-a862-1567afda6e78,16141,Mark Wallace,Conrad Ltd,Success bank cell test.,Yes star wrong.,At once onto early heart work.,7372,Rowe LLC,Rejected,+1-400-537-0018x6160,"Riggs, Jimenez and George",Eye and Vision Care,26aa71d2-cf3f-455e-849c-a6e7c4e8a9d5,Individual,2024-03-23 00:00:00,22154,561,2023-05-04,2023-08-04,GB63ADTB51000895509273,1677bcea-9e68-4539-ab46-59bbd8af8af4,Cheyenne Ponce,"34476 Nelson Drives Gallagherton, PW 52650",761-965-0936x005,meghan05@example.com,Yes,2023-03-15,1075,Yes,Disease-Specific Health Insurance Plans
de82fde0-90a3-4ff0-834e-90bd379b4651,CPT-81727,Monthly,8097eedb-034f-48ee-b7e2-999717c988c7,83578,Mark Howard,Ellis-Bowman,Where two collection collection least use work.,Author spend employee piece.,Ten almost language where throughout most.,46449,Paul-Mcneil,Rejected,(635)827-6387,Mason and Sons,Comprehensive Health Plan,8a955470-2827-404a-9807-fc24ec280468,Individual,2024-05-22 00:00:00,85149,537,2023-04-12,2023-08-09,GB48PEKM10103279292654,f274305d-ac52-4f98-a32e-c7100d02d780,Rita Keller,"916 Leslie Valley Williamsberg, MO 65395",001-636-343-8936,moralespaul@example.org,Yes,2023-05-10,8933,Yes,Senior Citizen Health Insurance Plans
e9e7cad3-97a8-40a0-9d2d-80389afe2cf6,CPT-40138,Quarterly,666cc848-31f3-4334-a2ac-2472ad1face0,30753,Gary King,Cline-Harris,Responsibility city technology to anyone.,Out network author of change into into morning.,Lay financial way two want bad leave.,62659,James-Richardson,Rejected,432-984-5770x4921,Douglas-Walker,Maternity Benefits,6235dca7-3698-496e-a88f-f3a560a2cf85,Family,2025-12-16 00:00:00,80738,246,2025-01-21,2025-03-19,GB96QZMX58258188660385,2616849b-b05f-4398-88d3-9f4b2a6de118,Steven Fowler,"913 Jones Ford Suite 196 Denisefort, WY 33828",001-487-498-8117x075,lawrencetony@example.org,Yes,2020-04-03,3824,Yes,Senior Citizen Health Insurance Plans
ad37ae04-77c4-462d-a817-9d2a9a940b16,CPT-39490,Annually,2864fb31-d8d4-4485-be98-598dceff5df8,10748,Elaine Gordon,Hunt LLC,Congress industry seat discussion people.,Hot part speak.,Fast me design agent.,51499,"Obrien, Shaw and Norris",Rejected,(947)848-2703,Gordon-Singh,Comprehensive Health Plan,115f1d6a-22c1-4ef1-a9f0-420a0c591d0d,Corporate,2022-07-07 00:00:00,20538,941,2021-10-15,2022-04-20,GB29YJDS47980275794144,65b17c81-fc98-4071-8939-a18180911c07,Robin Bonilla,"673 Martinez Greens East Savannahmouth, MA 67697",787-575-0379x28987,acollins@example.org,Yes,2022-02-16,5424,Yes,Disease-Specific Health Insurance Plans
08e7d8ea-15b9-4a2e-8f8e-d3c2fedabc33,CPT-11573,Quarterly,0c108007-0823-4fe1-95c5-59e7ee26c19d,53459,Devin Rollins,Ford-Hawkins,Sound bed similar she community.,Woman and get.,Example conference as left must total.,81922,"Lewis, Watson and Rodriguez",Rejected,001-420-434-0653x1776,"Mitchell, Cruz and Mitchell",Critical Disease Specific Plans,38617074-eb98-4a44-b101-c2890f11dbb6,Corporate,2025-05-22 00:00:00,65983,321,2024-06-30,2024-08-08,GB93TMEY32175451062873,9b833faf-c191-4dd6-9e95-9591dec47277,Kaitlyn Larson,"479 Elizabeth Motorway Phillipsville, MA 04176",395-863-4026,xcasey@example.org,Yes,2023-12-12,7727,Yes,Disease-Specific Health Insurance Plans
16e299e5-6b45-4e35-9c4c-ee769997767c,CPT-54030,Monthly,bf1a57fa-3c64-4902-b8a5-f9205f7365cb,41154,William Joseph,"Smith, Gonzalez and Carter",Western unit reflect significant.,Fill author couple itself.,Medical your necessary service.,16488,Moss-Lynch,Rejected,001-200-622-7330x596,Hunt PLC,Eye and Vision Care,a625c711-2e74-4fff-a38d-08981725faa7,Family,2023-01-24 00:00:00,79840,613,2021-11-20,2022-07-16,GB71HBLC22314652432660,576d8214-9ca3-4771-9f2c-7821ae668691,Richard Hardy,"49502 Heather Shoal New Edward, PR 90588",515-706-4564x760,ehunt@example.com,Yes,2023-12-05,8911,Yes,Disease-Specific Health Insurance Plans
02e5b8e4-0e7c-4d6b-a9de-657684c25ab8,CPT-49888,Monthly,54f6e3c2-1b14-4763-a3a5-0a14fc3817bb,5131,Larry Gonzalez,Rivas-Bullock,Policy sure improve federal student.,Live hold upon task ok we opportunity act.,Idea wife full.,60747,"Hinton, Summers and Ford",Rejected,(645)663-5148,Nelson PLC,Comprehensive Health Plan,f52fe139-ba34-44b6-b8a1-94b42390d2d1,Family,2022-05-28 00:00:00,6300,672,2021-01-16,2021-08-08,GB83IZOP80074440770532,8727859d-f995-4b8d-8e91-9888f39b4d6c,Sergio Delgado,"92207 Burns Cove Suite 125 New Kevintown, DE 68923",558.391.2167x979,uscott@example.org,Yes,2020-12-05,9872,Yes,Senior Citizen Health Insurance Plans
dd6df67d-d856-48eb-b293-e1e34ba362fa,CPT-96853,Annually,2a340857-5467-4f13-884d-bf87f24f9831,3744,Melissa Perez,"Thompson, Davis and Clark",Night trouble outside certain maintain.,Air mean all.,Theory treatment stage economy onto clear theory lawyer.,78541,Atkins Inc,Rejected,(715)299-8175,"Harris, Valencia and Walker",Comprehensive Health Plan,d8b6e819-1e51-44e6-8cc4-3f43f9fdb88a,Individual,2024-05-18 00:00:00,9907,150,2023-04-17,2024-01-11,GB69VPMB00569980387706,1bcd530a-cf5c-4492-a05b-954d9019d8a0,Brenda Stout,"32062 Heather Drive Suite 817 Timothyland, MA 55762",001-705-995-8843x41779,amberpitts@example.com,Yes,2024-12-18,3538,Yes,Senior Citizen Health Insurance Plans
e17d46c5-595b-4d80-b224-dfa26f2b4d0d,CPT-33280,Quarterly,c604a0df-7e1b-4c35-a856-566f32c1eaae,17395,Aaron Wood,"Wu, Willis and Obrien",Successful appear focus not.,Debate effort yet attorney sound.,Bag similar build culture quality yeah.,10954,Meyers-Garcia,Rejected,001-668-709-8376x798,Rose-Adams,Critical Disease Specific Plans,e5ebd1bf-9748-4ed0-aa71-1f4da2ddd22e,Family,2024-08-08 00:00:00,34332,718,2022-12-21,2023-11-10,GB23YRAS07277985306631,d50dbfe6-b1f1-4a2d-94ec-4ee521fa2ffd,Anthony Glenn,"003 Leblanc Dale Apt. 160 West Jessica, GA 57397",(870)824-2165,wwood@example.org,Yes,2023-10-04,1657,Yes,Disease-Specific Health Insurance Plans
29445658-484f-4566-8ab3-8f9b1252cff4,CPT-89254,Monthly,8681761c-2919-4be9-9253-15ac58217aeb,6826,Cody Paul,"Shah, Potter and Harrell",Create quite magazine little line base.,Mind range local exist buy necessary network.,World present provide bad owner.,67513,Travis LLC,Rejected,776.999.1953,Martinez Group,Critical Disease Specific Plans,0eba00b3-ad5c-41dc-a725-911b7ba00dda,Individual,2022-12-19 00:00:00,94504,254,2022-09-04,2022-10-18,GB85TUNC96338350075037,12f675d7-269e-45f4-8fbf-f30fcd5114cc,Erica Turner,"265 Patrick Wall Lake Brenda, SC 29347",+1-421-868-9670x990,mark90@example.org,Yes,2024-01-14,6950,Yes,Disease-Specific Health Insurance Plans
34aae90d-7d2f-4ad8-980c-0cfc8db9876f,CPT-57654,Monthly,e8a3225d-551b-49fe-867b-8a7b56a90339,7744,Katherine Sullivan,Gallagher Inc,Money product chair American into.,Relationship how exactly near against past.,Man reality use difficult value new.,7021,Walton Inc,Rejected,(677)261-3730,Floyd-Johnson,Critical Disease Specific Plans,04ae29eb-3340-4e17-a8a4-0498651026aa,Corporate,2021-02-24 00:00:00,56732,922,2020-01-18,2020-05-06,GB62GASM99016584338773,4a5a5847-a11f-4789-b08c-9878b9b5829a,Joshua Smith,"982 Edward Rapid Conradhaven, IA 60040",819-936-7600x1022,yparker@example.com,Yes,2020-11-28,6657,Yes,Disease-Specific Health Insurance Plans
84b1420b-bf30-4041-b70e-cfe50e40611f,CPT-78064,Quarterly,585adbba-982e-42a5-94b4-590bbdc2a69b,53787,Christopher Bridges,Tucker LLC,Easy western Democrat help than want.,Seem analysis trip want side general.,High exist traditional likely.,85407,"Bowman, Parker and Brown",Rejected,001-671-398-1144,Johnson-Austin,Comprehensive Health Plan,7b335a9f-4d36-4ca2-9216-c43abf4960a6,Corporate,2022-11-22 00:00:00,66883,514,2021-12-25,2022-08-10,GB21LPQO34687503703117,26a817fc-21e5-421e-bb3e-9508bee2518d,Daniel Wong,"88240 Stacey Gateway Apt. 480 North Brian, ND 73672",701-471-3156x505,huffheidi@example.org,Yes,2021-12-07,3153,Yes,Senior Citizen Health Insurance Plans
80125ede-b279-4b94-8ae6-b49a95b37a1d,CPT-18755,Monthly,1553f584-e202-43a3-a711-e53487cfc494,38016,Jason Graham,Peters Group,Exactly value opportunity.,Certain when join cover carry girl human.,Career these major painting.,95838,"Collins, Berry and Martin",Rejected,758.538.6235x876,Williams Ltd,Comprehensive Health Plan,3adc7a58-f00e-4962-8162-c28f62aa2ee6,Individual,2026-01-18 00:00:00,95352,370,2025-03-22,2025-07-19,GB48ILQY63160109053304,c0204ac0-f026-49ec-94e9-6a5f8c7babf6,Heidi Harris,"9282 Trevor Stravenue Theresaborough, VT 54293",(900)851-4017,thomasrobert@example.net,Yes,2022-01-28,6585,Yes,Disease-Specific Health Insurance Plans
50a02888-3821-449e-a663-f438a9267f5d,CPT-72783,Quarterly,4f37b559-839e-4556-9463-e872fb7c0ac5,24573,Allen Mccarthy,Garrison-Black,Mean information human true investment science.,Enjoy enjoy off role staff.,Traditional about ahead interesting.,75580,Castillo-Knight,Rejected,5432045563,Powell Group,Eye and Vision Care,178cf1ae-364f-4916-9103-99a6dd0da630,Family,2025-05-01 00:00:00,74558,183,2023-08-23,2024-06-16,GB13JPYU99217861558702,cd1a7f91-4257-4548-861d-4bd1eb0d5a3d,Kristen Wilson,"347 Alicia Ville Lindseyfurt, WA 12859",001-428-716-2244x93540,christopherrice@example.net,Yes,2022-10-28,4752,Yes,Disease-Specific Health Insurance Plans
7fdfec95-b9cc-4c00-ad66-861530b64121,CPT-35092,Annually,302dab50-246e-479c-a28c-22b94e36c11f,22223,Jacqueline Warren,Watkins-Murphy,Believe miss suggest baby south hand.,Form pretty product girl single.,Dinner unit image push gas its.,39249,"Moore, Aguirre and Hodge",Rejected,973-499-8840x3777,Allen LLC,Critical Disease Specific Plans,9eb60d8e-06e6-4fa9-908f-e69f55c6cf06,Family,2023-03-19 00:00:00,90948,927,2022-05-17,2022-09-21,GB83WHFX60407755451622,1072075c-d5c8-4555-b3fb-69e66f8ae9b9,Kelly Parks,"0847 Adkins Forks Apt. 775 North John, WI 27974",001-302-377-3996x8491,jessica84@example.net,Yes,2021-06-05,6976,Yes,Senior Citizen Health Insurance Plans
39d82093-2dc2-4983-9f3c-ea84cc0b69c2,CPT-29226,Monthly,b37d190f-b8d2-47dc-ad57-70b7157566f9,11044,Nathaniel Jones,Walls PLC,Still green wonder stop bar word.,Year while once gun nice she service identify.,Night parent job modern green sometimes best green.,57446,Padilla Group,Rejected,212-784-5786x06046,"Nelson, Roach and Wilson",Maternity Benefits,05cc4a86-24c4-4252-b226-40c0d7688b3e,Corporate,2023-12-08 00:00:00,30122,895,2022-08-27,2023-03-29,GB78KWCD49660161446226,6ace030a-194c-425b-91e0-3d1f56a26374,Mary Fisher,"680 Perez Harbors South Ashlee, WV 94838",700-825-9553x453,mario37@example.net,Yes,2023-06-10,7992,Yes,Disease-Specific Health Insurance Plans
65e0cd0f-a399-412a-98c6-97091045aa9c,CPT-92443,Monthly,57de2e0a-b9e6-49c3-909a-fc621fd3a135,19944,Linda Watson,"Perez, Taylor and Leon",Hot national either information put describe.,Sure effort strategy religious policy financial old store.,Discover four situation daughter.,85894,Sheppard and Sons,Rejected,739-549-3799x247,"White, Mccarthy and Hall",Maternity Benefits,420f26ab-39e3-4e50-9a96-48e66368ca20,Individual,2022-01-31 00:00:00,75581,960,2020-11-03,2021-07-06,GB86ZMOM37933040501515,4cf55003-1a8c-49e4-b32c-f70664525c3e,Jonathan Johnson,"161 Fuller Throughway Apt. 596 South Kevinside, CT 91904",+1-921-844-6057x60206,yhiggins@example.org,Yes,2024-05-06,6690,Yes,Disease-Specific Health Insurance Plans
61f9f8bd-7970-4e86-a12e-eb64d907ebaf,CPT-32976,Quarterly,41da2511-862e-4914-a430-d9b9d22c892a,57513,Kristen Benitez,Rodriguez-Acosta,Blood degree beautiful put.,Gun itself dinner serious standard manage end.,Collection far significant happy national financial interview.,18539,Quinn-Nicholson,Rejected,557.959.8340x215,Johnson and Sons,Comprehensive Health Plan,38af18ed-8fae-485a-90aa-bb524cfd152e,Individual,2024-09-20,99348,713,2024-01-12,2023-07-08,GB27SBWJ48954133715004,3b1fc5b5-c3bf-434d-bc3b-6ecb08273b9e,Shannon Williams,"845 James Mews Apt. 490 South Tracyborough, CA 67560",485.644.5460x895,john43@example.net,Yes,2024-02-14,5310,Yes,Senior Citizen Health Insurance Plans
82cac8a1-b55f-42d8-970b-963c1b959685,CPT-10896,Annually,980b705c-fc16-4793-a6e2-f09de54e366d,58973,Shannon Price,"Schmidt, Bates and Clark",Could establish grow.,Music blue well.,Probably let cost generation attention.,73272,"Hunter, Stewart and Scott",Rejected,(861)804-0166x266,"Lowery, Larson and Bell",Maternity Benefits,b3f06207-af74-4f7e-a45c-1c360a7e3e1e,Individual,2022-03-13,99386,965,2021-08-20,2020-10-10,GB94LHBE38500156772852,787dbb3a-1ff8-4db1-bfaa-7ed5d7fd23a2,Janice Klein,"00477 Jimmy Avenue Romeromouth, DE 97835",2569303728,rogerselizabeth@example.com,Yes,2024-05-26,2576,Yes,Senior Citizen Health Insurance Plans
96639fd4-45e5-46a0-aa90-3a03e40eb6fc,CPT-40154,Annually,a7336673-bca3-416c-bf1f-3ab18d3df5d9,54133,Anthony Kirby,Johnson-Kane,Gas worry north very.,They our here environment.,Its western rise boy.,28162,Clayton Group,Rejected,933-689-8507x6401,"Conner, Gregory and Hoffman",Critical Disease Specific Plans,eeeda139-0e79-4c2b-8af4-74bc4136d5d1,Family,2021-12-15,85705,310,2021-12-09,2021-06-21,GB08UQRY05374893152227,6ba3fa79-571d-4ebb-b8c5-ba3c7f8f0c12,Manuel Perez,"29474 Cochran Mountain West Amanda, GA 89457",(529)969-8192,mariosmith@example.net,Yes,2021-07-12,6830,Yes,Disease-Specific Health Insurance Plans
e8951e24-2a08-41d9-973a-f5745c9e394c,CPT-94319,Monthly,0b67b264-c382-4cce-a9d7-9991238e2547,66196,Gabriel Hunt MD,Wallace Inc,At send from decide three too.,Final at agree expert.,Believe various feeling effort major official question.,67245,Allen-Fitzpatrick,Rejected,(885)333-4108,Lawson-Williams,Maternity Benefits,230a845e-5eeb-43ce-8c81-dccafd2b9fca,Corporate,2023-09-01,72886,648,2023-06-01,2022-10-10,GB90EIDM71152605709359,5400e3d3-b905-4063-8862-9edaf4db39a3,Charles Wilson,"35878 Mathews Terrace Apt. 768 Lake Sarah, VI 12658",764-403-3013,carlthompson@example.net,Yes,2023-10-03,7024,Yes,Senior Citizen Health Insurance Plans
4cb0b3b1-48a9-4af8-9059-17efcdc12542,CPT-80852,Monthly,44260b1e-8f26-4b0c-a53d-06006c498238,6546,James Wright,Rodriguez and Sons,Treat there happy me.,Star get each conference.,Edge top bar four specific especially live.,34051,Williams-Olsen,Rejected,7517637772,Rodriguez-Ferguson,Maternity Benefits,cdffc1f6-2153-4587-ab05-72625f0e24dd,Individual,2023-01-07,65348,445,2022-09-03,2022-02-06,GB51RGIR91608128551248,fd3abe46-187b-45ce-b794-74b5adc781e8,Shelly Norman,"9983 Carr Pike Apt. 882 West Frank, MT 55730",001-892-211-0374x38183,christine51@example.org,Yes,2020-02-12,1361,Yes,Senior Citizen Health Insurance Plans
72dc45c8-dad2-4d3d-81b8-555f9607ba98,CPT-33632,Monthly,1297dda6-c404-4b7d-be96-a2e5eacae0b4,3996,Robert Case,"Krause, Garcia and Bullock",Sister toward scientist drop small attack industry cell.,Night TV race administration.,Summer ever occur represent model they heart particularly.,19172,"Phillips, Le and Brown",Rejected,+1-743-318-4288x3903,"Miller, Wood and Castillo",Eye and Vision Care,70d46493-8b89-4ef6-b260-25474fd7a548,Individual,2021-09-23,49699,736,2021-04-13,2020-06-12,GB12MJJI86581632749349,5edd6f3e-f6f2-4003-b5a2-11355bfb3eb9,Jaclyn Hernandez,"52100 Stephens Run South John, CT 21956",+1-593-855-8546x407,petersonjacqueline@example.org,Yes,2024-08-25,7217,Yes,Senior Citizen Health Insurance Plans
acae4eee-0d6f-4d86-a330-6a34600597b9,CPT-83503,Annually,b040a247-6685-49ad-9328-50a9a428b123,19216,Jose Lamb,Gill-Rivera,Better under peace structure.,Mrs money various.,Bill car power goal.,32948,Ferguson-Valenzuela,Rejected,+1-672-309-7604,Griffin-Bryant,Comprehensive Health Plan,8a363ccc-35f9-4437-8e3c-cd9c56db6818,Corporate,2020-08-09,65135,324,2020-07-02,2019-11-06,GB72PEFQ60363728286899,2c517796-520d-4699-8dac-5ab1d93cd9c2,Robert Taylor,"713 Marie Expressway Suite 401 Bryanview, TN 98192",+1-949-271-6897x46309,james43@example.net,Yes,2022-09-08,5275,Yes,Disease-Specific Health Insurance Plans
3044fdfd-2595-4a58-bf83-e03fcf4a5fb0,CPT-39644,Monthly,14950c3b-80af-40e6-9acc-6aa9e40c6b53,11976,Crystal Harper,Simon Inc,National activity fill today marriage network red.,Question food light eye follow may drug.,Relationship meeting maintain read.,13762,"Young, Bryant and Smith",Rejected,(435)443-3862,Morse LLC,Maternity Benefits,1b3fdeb6-c6ea-4850-8819-c19560034f1e,Corporate,2023-03-18,42033,423,2023-03-10,2022-04-20,GB85LWPD77194914573485,bae0b891-4ec5-4cae-8e80-8a326e5c306a,Denise Wilson,"6584 Jacqueline Landing Sandramouth, WA 86456",385.446.8154x3741,uweber@example.org,Yes,2025-01-03,9351,Yes,Disease-Specific Health Insurance Plans
3b604de2-58b7-4713-a106-d797fedbba7b,CPT-78904,Annually,df8b841c-00df-45f5-a2d7-b82ccf2212a7,45300,Toni Gillespie,Grant Inc,Simple personal son phone.,Pass grow be something.,Pass each large market soon.,70816,Taylor PLC,Rejected,692-977-7131x706,"Leach, Levine and Miller",Critical Disease Specific Plans,fc4e7ae6-598d-4cc7-9a1b-d6860b1c536a,Family,2022-05-07,53260,462,2021-12-14,2021-10-15,GB89QOSV80439580842333,61f1f59e-c88a-4443-8bdf-2f60a4508c62,Thomas Doyle,USCGC Schneider FPO AP 79092,565-508-6741,welchcraig@example.com,Yes,2022-08-29,5266,Yes,Disease-Specific Health Insurance Plans
29015517-33e4-4247-b8df-b91dbd4f0c16,CPT-69152,Quarterly,f65769ac-5f7b-4fe1-994b-93cb97ae019a,8010,William Bernard,"Marks, Martin and Bowman",Family often share magazine great customer government.,Will street smile indicate attention out expert.,Fact understand yard.,50658,Allen-Skinner,Rejected,390-527-9758x040,Wells Ltd,Maternity Benefits,1a299138-92a6-4729-bedd-a8e449385437,Individual,2024-01-05,44615,227,2023-12-19,2022-12-29,GB10JBGQ41000987688971,217165d9-981d-4d5c-b1d3-ad4c9313689c,Bobby Sanchez,"80105 Andrew Trace Jacksonton, PA 07549",680-945-3476,hunterdecker@example.org,Yes,2024-10-15,8578,Yes,Disease-Specific Health Insurance Plans
0423a436-ac0f-4474-a81a-131babb90003,CPT-33383,Quarterly,6ac62642-8b6e-4a3b-a508-52d8b17330cc,18140,Tina Smith,"Zuniga, Cox and Mcdowell",Hope her house personal.,Life second well reason after behind.,Soldier reduce thing star short race.,9295,Reyes-Hale,Rejected,272.849.7326,Stokes-Robinson,Critical Disease Specific Plans,852fe3da-45f1-4a9d-8a3f-e4a68c983258,Family,2024-03-28,39733,471,2023-09-23,2022-11-27,GB70GDAS73926745562999,f52ef5fd-7dc9-464d-8e78-18d54e621354,Christopher Gonzalez,"8878 Powell Plains Apt. 562 East Cheryl, OH 22941",+1-848-360-4987,tcarroll@example.com,Yes,2024-03-10,6452,Yes,Senior Citizen Health Insurance Plans
fc0231c2-1f8e-4a47-b9a6-b26f33c5eab4,CPT-70019,Quarterly,52ea6e11-faab-4a97-9af1-289cce7c029c,4932,Patricia Aguilar,Patterson-Cantu,Whose hospital memory dinner control environmental carry.,Better instead one opportunity.,Evidence suggest east because.,19152,"Perez, Carter and Robinson",Rejected,+1-564-780-7079x204,Davidson-Deleon,Maternity Benefits,5b2ba256-3a6c-4717-9777-831f765bae6f,Family,2024-02-11,10792,772,2024-02-09,2023-04-28,GB68TEHP76851861976635,a87456d2-1ca9-41f9-85cf-c50feda530d4,Michelle Allen,"026 Blake Mountain Thomasside, CO 05255",001-297-587-6237x1712,alarson@example.net,Yes,2022-03-04,4942,Yes,Senior Citizen Health Insurance Plans
1554a517-9d32-445a-9354-188ef53dd4c8,CPT-24279,Annually,34e2ab44-880b-4f8a-b764-9c089cf31336,13862,Derrick Buck,Mills Group,Various pressure support sort.,Least such want through impact American brother.,Current ok method test ground.,55433,Morrison and Sons,Rejected,509-769-9729x36948,Donaldson Ltd,Comprehensive Health Plan,8bd07080-ad86-4ab4-92f4-2d7c87bb626b,Family,2025-07-11,41982,214,2025-03-02,2024-06-14,GB62DRTY07281381177996,0aba74bd-101b-4f6c-959c-2f8ea19588e8,Tony Peterson,"1839 Monroe Loaf Suite 092 Lauraport, LA 78983",+1-335-560-6098x31664,mcneilandre@example.org,Yes,2021-12-24,9401,Yes,Disease-Specific Health Insurance Plans
73e7f939-18bd-47b5-b8cb-9dae95c506d6,CPT-62532,Annually,a7ab2412-f626-4260-a025-afb95df129df,37075,Christine Jones,"Rodriguez, Bradley and Haynes",Hour hope through once teacher.,View strong management article future long.,Down half lead build off.,77683,Barnes Group,Rejected,(224)749-7844,Miles-Ward,Critical Disease Specific Plans,5bfbcac0-73bb-404b-adba-8d3bdf8e864a,Family,2025-01-30,69177,790,2024-07-23,2024-05-11,GB91SVPU49574842884130,d7b9a8c2-3183-4498-842d-bad9af076d75,Edward Greene,"4524 Colon Motorway Apt. 523 South Benjaminfort, MT 76131",001-485-241-8243x7935,allenkenneth@example.org,Yes,2025-04-12,1765,Yes,Disease-Specific Health Insurance Plans
8174db8c-42d0-4a31-a175-67c8276ba868,CPT-74645,Annually,88f95cd9-8254-49a9-bb6f-cab8d4292e64,15807,Brittany Bernard,"Ortiz, Moore and Davis",Live home wish grow subject lawyer indicate.,Nature successful experience report.,Thank food drop general eight operation.,49199,Wilson-Green,Rejected,001-905-341-1160x753,Brown Inc,Critical Disease Specific Plans,2fbd5b58-db09-4797-981f-6888163356e5,Family,2025-01-03,80058,203,2024-10-25,2024-04-21,GB96GRTC20356115204235,584aa542-04fe-4177-94b3-4019e3eb64f0,Christian Pearson,"5982 Crosby Glens Taylorshire, PR 19623",001-693-754-4643x3369,joseph21@example.com,Yes,2023-11-03,5006,Yes,Senior Citizen Health Insurance Plans
2360eab0-6086-405d-8173-f6f4f322f05d,CPT-95747,Annually,4dcf5ac9-42cb-44d7-b1cd-42cee116c814,26659,Teresa White,"Phillips, Garcia and Haley",Strategy seem artist leave never decision.,Group meeting nor than.,Then minute artist with that mention including yet.,38852,"Henson, Parks and Hoover",Rejected,+1-791-703-0391x63097,Williams-Hall,Eye and Vision Care,05eae478-6e16-40cc-8f43-de0bd95ba2d0,Family,2025-08-30,51254,766,2024-12-04,2024-03-27,GB97OJZK98940215662869,f5c37405-6183-4534-81bc-4fd832e437fa,Mark Jordan,"27454 Ellis Prairie South Annabury, NC 27745",001-841-324-1837x616,rasmussenbrandon@example.org,Yes,2024-05-08,2243,Yes,Disease-Specific Health Insurance Plans
256b299b-bd73-48e2-bc65-92a0d510b4c8,CPT-21199,Monthly,808ca0d8-fb86-484a-8a46-31afccac1fea,7081,Christopher Valencia,Matthews LLC,Society live spend clearly mind day draw bar.,Or ok system build newspaper.,Time face attention old.,80879,"Mercer, Smith and Sparks",Rejected,001-772-470-7868x92170,Fox LLC,Comprehensive Health Plan,89a29641-4d71-49c1-a947-4591f1c52006,Corporate,2023-11-29,7099,252,2023-09-10,2023-07-15,GB65LJVF23778015788154,9e23be86-edfe-47b8-8164-d64e93723450,Tony Walker,"304 Caleb Shoals Apt. 970 West Cameronburgh, GU 47803",001-247-926-6802x454,bushamber@example.com,Yes,2020-02-18,2749,Yes,Disease-Specific Health Insurance Plans
b8d49dc7-95ea-4290-8f08-77515190f36a,CPT-76708,Quarterly,483ab470-6db5-4c35-830f-3157f8153360,2979,Brett Sloan,"Garcia, Rodriguez and Drake",Lawyer than on sure accept seek.,Number discover result contain loss.,Argue weight radio very class magazine season thank.,70305,Garrett and Sons,Rejected,4962677094,Sullivan-Thompson,Critical Disease Specific Plans,fc76715b-af43-4ec5-8a59-7ec16889c7cb,Corporate,2020-05-29,11723,279,2020-04-16,2019-10-24,GB36UKYG13905390641731,0b53fe2a-813b-4228-a6b4-a06d7c3e550e,Heidi Williams,"5417 Henderson Crescent West Nicholasport, AK 79945",001-733-714-8318x85498,bettyellis@example.org,Yes,2021-10-13,7974,Yes,Disease-Specific Health Insurance Plans
1d1bb6ea-9e80-462b-bef5-28a55a7254f0,CPT-85806,Annually,ec19e7da-ac8c-4992-9274-44f063552706,5888,Jason Mcbride,"Odonnell, Dougherty and Dominguez",Full include executive state traditional policy little.,Prevent better few listen state short.,Could around interview all bit have author number.,25642,"Salinas, Patterson and Cruz",Rejected,653-796-0088,Gonzalez Inc,Maternity Benefits,1371e3be-a82e-496a-a227-2962d2e652e5,Family,2022-04-30,8110,498,2021-12-07,2021-01-10,GB62XSFD87108432164577,ad24ef04-7d80-4d60-8720-5f107af31f01,Wanda Schultz,"0663 Ross Skyway Apt. 656 Georgeport, VI 84265",237-545-9587x57808,ilevy@example.org,Yes,2022-07-06,9377,Yes,Disease-Specific Health Insurance Plans
51b07ec4-0163-46b6-bfe5-c705574f79e6,CPT-81130,Annually,069577cf-8f1d-45d8-a239-d1261cdc81f9,36652,Jared Parsons,"Cruz, Knight and Thomas",Meet piece save power.,Stage seem poor song story always say.,Popular power century fly believe one.,8778,Nguyen-Davis,Rejected,001-322-946-3899x3359,Lambert PLC,Critical Disease Specific Plans,fd382fd2-6c24-42e6-b23e-831ea96afe26,Family,2023-08-02,76341,820,2023-02-08,2022-04-21,GB11SEJX62407147311338,e0267563-c5ca-4e63-a8c2-1c0fd467626f,Andrew Davis,"030 Ashley Courts Suite 464 South Aaronside, UT 05927",728.593.6521x9769,garciachad@example.com,Yes,2020-10-25,1974,Yes,Disease-Specific Health Insurance Plans
bd2a99b6-72bd-4a55-93f9-6fd6d4a83c2e,CPT-91760,Annually,c9adb947-8be1-42f5-b74f-39091a2bd0ba,41970,Erik Smith,Mays Inc,Money beat meet would left research somebody surface.,Structure practice buy marriage with.,Smile her better part our information.,64565,Payne PLC,Rejected,3874801114,"Villa, Kennedy and Johnson",Maternity Benefits,dd2ee94f-7f98-4253-abc3-78defd75880e,Family,2024-09-17,98288,223,2024-08-30,2024-07-20,GB03GCBL92761817503105,696a952d-ebdc-45d4-8251-a15867636ecf,Stephen Elliott,"71332 Ana Vista Apt. 898 Port Matthewmouth, AS 41436",392-536-7989,daniel11@example.org,Yes,2021-07-14,5153,Yes,Senior Citizen Health Insurance Plans
8d26ad6c-7393-433f-a92d-3376ab697661,CPT-19034,Annually,35e23ffa-4577-4f05-8f08-307a00a33566,45158,Andrea Padilla,"Davis, Johnson and Andersen",Check also without card.,Behavior check brother together enjoy.,Need people change which course.,44348,Gray-Wright,Rejected,863-897-5520x567,Durham Ltd,Comprehensive Health Plan,2af4f40d-c2de-4db6-9d60-f8a7233fbbbc,Corporate,2022-07-20,48903,709,2022-06-24,2021-11-26,GB82RPFF70318874534689,e5c1765e-3ebd-4e67-acb4-860715d60116,Matthew Shaffer,"02953 Barbara Tunnel Apt. 672 Gibsonchester, CT 67688",001-520-716-6959x37200,dylanrodgers@example.com,Yes,2024-05-19,8095,Yes,Senior Citizen Health Insurance Plans
74a55ddf-b19f-4de6-bef0-9849c1faa5f0,CPT-29833,Quarterly,c8f28112-033d-42cb-9a1d-058a542c7f48,55070,Chad Williams,Murphy PLC,Heavy thank none reveal option positive.,Hard challenge single body lay item on control.,Visit expert believe technology interest thank foot.,58983,Johnson-Kent,Rejected,899-220-0499,"White, Harvey and Contreras",Eye and Vision Care,6df38786-fefe-4b9d-aae1-01672f8b47a7,Family,2021-02-12,83000,486,2020-07-03,2020-02-06,GB78JXEL68231550744160,f74a6aa9-745e-4e2e-8e52-4e08514bdbeb,Jill Mills,"105 Walker Stream Suite 934 Lake Rhondaborough, OR 91124",(536)309-8609x23536,riley45@example.com,Yes,2020-07-29,3088,Yes,Disease-Specific Health Insurance Plans
a42dcfe3-ee68-489e-b16b-0f5f7c2d905a,CPT-45226,Monthly,269b3234-1aa6-4bda-88e4-1edc3602d2e5,73906,Paul Knapp MD,"Harrison, Spence and Keith",Avoid great short experience keep.,Theory eye whole young spring.,Group drop campaign offer meeting same kind.,95505,Smith LLC,Rejected,+1-507-435-5326,Lopez-Flores,Critical Disease Specific Plans,1f369d30-81be-4ace-a65e-e4b722fd061c,Individual,2022-11-25,85807,455,2022-11-19,2022-06-12,GB47EVWI34040215863587,39cae5c5-e445-4bc6-9421-b82957398257,Valerie Ewing,"9749 Miller Street Apt. 408 North Jacquelinefort, OK 45238",+1-643-803-1653x23889,nathanclark@example.com,Yes,2024-04-14,5812,Yes,Disease-Specific Health Insurance Plans
5f7b900a-9de0-4553-88bb-12ffa8349bce,CPT-31610,Quarterly,46fdc85b-d396-4c73-949f-871de5a20afb,76796,Karen Strong,White-Escobar,Reach a something indeed maintain.,Agreement surface run on modern.,They use talk miss probably candidate should baby.,1427,Collier Group,Rejected,430.441.5316,Rice-Jackson,Comprehensive Health Plan,d5761586-cb7b-4dfa-bd3c-007e173ceff8,Family,2021-10-06,82176,637,2021-07-23,2020-09-20,GB05YBXT82481606249023,98a7b740-a65c-4063-99c3-eaa75e269d1e,Andrew Contreras,"752 Bradshaw Field Apt. 439 Patrickmouth, DC 34722",985-460-1436x56510,john38@example.org,Yes,2022-05-13,1708,Yes,Disease-Specific Health Insurance Plans
659a1a78-148d-4b11-8939-e19460bb6159,CPT-49890,Quarterly,e00979b5-8909-4f32-abff-8d3a6fae3bae,77882,Jennifer James,Brennan LLC,Race bed against action friend process production.,Mrs feel store white focus idea spring cut.,Along trouble attorney eight.,82258,Morris-Simon,Rejected,001-679-625-7383,Everett-Cook,Eye and Vision Care,21cc971b-72ad-45dd-b829-46b6f200223c,Corporate,2021-11-14,95261,832,2021-04-11,2020-11-03,GB04TUYX54568315888605,bb548fe1-e93a-46b6-8f43-d1a20734fcaf,Patrick Small,"9416 Tiffany Pass Apt. 901 South Lisa, DC 31229",(638)903-7990,htrevino@example.net,Yes,2021-06-03,3807,Yes,Disease-Specific Health Insurance Plans
2e2c9b51-57d2-4b88-a71e-f57c1afd5695,CPT-13808,Quarterly,551d7f98-7e4c-431a-b9be-591c0f1c9d63,82106,James Alexander,Moore Ltd,Usually surface her down.,My determine mouth change.,Our stuff though middle possible design floor according.,34533,Cook-Green,Rejected,+1-429-579-6250x7580,Cunningham Ltd,Maternity Benefits,2c3f5112-6852-4865-85cb-342774e35c16,Individual,2020-05-26,98963,396,2020-05-14,2020-01-07,GB02DTSC07245963395817,edfdaccd-47d4-47d4-b151-d0292239c892,Bethany Acosta,"PSC 2344, Box 6930 APO AE 28784",(333)526-8560,michaeljohnson@example.com,Yes,2024-02-14,8846,Yes,Senior Citizen Health Insurance Plans
3fdad08e-94f9-4c72-8822-c6cedc7f1902,CPT-24524,Monthly,2d9b5818-3144-4eb8-afb0-34a50a3c8bc9,44679,Jay Harris,Gross Ltd,Loss learn avoid bring win also once.,Pretty adult but beat reach discuss sound.,Southern research country recent because east.,65882,Schmidt and Sons,Rejected,466.870.0575x61682,George-Mcdonald,Comprehensive Health Plan,edceb2d8-bc85-4c08-a233-bbb835f05c9a,Corporate,2024-11-02,70651,200,2024-10-22,2024-04-25,GB43DNUO42939156898218,e434e0f3-0f90-4f0e-bf17-fef76c8b4a75,Michael Gonzalez,"96241 Tammy Union Suite 260 Jessicaport, AZ 65363",001-527-869-6690x2141,anthony37@example.com,Yes,2021-10-17,9089,Yes,Disease-Specific Health Insurance Plans
71af1654-c4d6-427b-9bf6-1ebe637b7f42,CPT-48792,Annually,2a88406e-a389-4fa9-bf38-5846d7c7a431,6460,Erica Collins,"Sanders, Spears and Gray",Guy land start hard.,Federal brother else spend.,Song crime fire.,84210,"Elliott, Hopkins and Gomez",Rejected,(460)670-3326x15786,Johnson-Woods,Eye and Vision Care,ae1c33a7-fa20-4f21-8e3f-2fe5617556f8,Individual,2021-07-05,11020,366,2021-05-22,2020-12-31,GB46STXA95411487741078,70a5ee73-9d75-4a60-8249-fad65582c0e1,James Ritter,"334 Gomez Spring Suite 344 South Haileybury, CA 78937",+1-255-308-3522x423,ngarcia@example.com,Yes,2025-04-11,6565,Yes,Disease-Specific Health Insurance Plans
c2c6a504-fff2-4afe-ac07-a63458b4800c,CPT-76039,Quarterly,3e7b0b21-2bd5-42ad-a9f2-88504a529f29,69078,Austin Carey,Wilson Inc,Available hear son past.,Protect church box work reason condition consumer.,Assume character election only.,41579,"Huang, Mullen and Washington",Rejected,+1-921-664-1863x9560,"Ortiz, Rodriguez and Stark",Eye and Vision Care,4d2bb3eb-24bc-479e-92a5-532041f0daff,Individual,2024-08-20,84619,532,2024-06-02,2023-12-06,GB56JCTG64554655542605,81cca4b9-abdf-4703-bc92-77a60cef609c,Michael Walker,"PSC 0236, Box 6470 APO AP 74812",374-635-9039x55814,barneszachary@example.org,Yes,2025-02-07,7862,Yes,Senior Citizen Health Insurance Plans
46a041e9-22c1-4fa7-9d06-b6be547e6f91,CPT-65262,Annually,c1b944af-adb4-4d6d-91e0-6dffbbe962da,6251,Carol Sanchez,Bridges-Turner,Seat election figure small now.,Billion again dinner.,Around car understand behind believe member.,22595,"Gentry, Figueroa and Dunn",Rejected,(601)826-7577x9191,Sanchez-Woodward,Comprehensive Health Plan,e26af9b2-51b7-4d4b-adf4-c21343120207,Family,2022-10-25,35917,919,2022-06-26,2021-11-10,GB86TIXW87772814828326,e5199edf-ed90-42a9-b4fc-9b3b663dbf7d,Ralph Stevens,"82242 Brenda Vista Apt. 858 Garzabury, NV 17501",(807)912-7615x730,joseph03@example.org,Yes,2023-03-26,1438,Yes,Disease-Specific Health Insurance Plans
8eb787e6-7d56-4d33-a834-cd1ee4e51b39,CPT-42565,Monthly,c0b94071-5717-4f80-991b-0089182d3e99,77954,Cody Miller DVM,Thomas and Sons,Rest radio party receive somebody.,Green food administration article defense or source.,Since gas hot who major attack set.,81478,Walsh Inc,Rejected,349.816.1084x379,"Leblanc, Hayes and Lee",Maternity Benefits,0a048d8a-d56e-4faa-8cb2-b0765708f9c6,Individual,2021-02-14,98445,203,2020-10-29,2020-03-28,GB03JAAA19875166245774,26065f2e-bf11-4a10-bc2e-f081655838a4,Taylor Fisher,"911 Chambers Inlet East Jenniferhaven, PR 04016",681-608-5488x7293,gsalazar@example.com,Yes,2021-08-24,6490,Yes,Senior Citizen Health Insurance Plans
f5670645-d871-4206-b942-2a8fc927c102,CPT-41435,Annually,d7b93b6a-19bc-4c87-84e1-481eeed9b784,8100,Kristy Hill,Parker-Hays,Watch civil kind who glass race live.,Our piece personal.,Force energy computer see.,75763,White Inc,Rejected,(996)916-1571x8390,Stone-Bass,Maternity Benefits,02b13280-0a33-4ad5-9f19-1f2b5ffd2022,Corporate,2022-04-11,14958,563,2022-03-21,2021-10-06,GB54RUPK71892056199405,6d7d5f46-9a26-416f-826d-c316133b4f4a,Jennifer Green,"255 Williams Causeway Lake Barbarafurt, OK 03774",+1-932-747-3955,garciapeter@example.com,Yes,2024-11-28,6216,Yes,Senior Citizen Health Insurance Plans
5cb4ff97-236c-4198-8e91-f8b77e49b9c3,CPT-77187,Annually,2721344b-896c-4b07-ac8c-0d6752ca1f90,78335,Kimberly Dominguez,Lopez Ltd,Later for most also her spend.,Be air kid herself rate use wife receive.,Low international public political.,25543,Mcdonald-Sims,Rejected,8587315162,Smith-Howard,Eye and Vision Care,d17f4e75-5039-4daa-abe4-6fe56fa32a6a,Family,2022-01-11,80878,481,2021-12-11,2021-03-07,GB45XTCT37566372709751,8caaeaab-9f43-4952-ae9e-e478e8edafb0,Stephanie Shaffer,"098 Ramirez Track Suite 557 South Tammytown, OR 82016",+1-845-658-7541x517,ztrujillo@example.com,Yes,2022-04-27,5623,Yes,Senior Citizen Health Insurance Plans
fd4cef93-b0fe-4dad-b66d-4522c93463a7,CPT-96099,Annually,80290d39-294e-466d-af96-73feb1782ccf,89516,Gregory Carrillo,"Stephens, Adams and Pace",Medical very hold during director live pattern.,Factor spring thank down section boy simple.,Try street catch mean.,90916,"Young, Rivera and Jenkins",Rejected,900.565.4896,White-Johnston,Comprehensive Health Plan,a10d2119-9179-4c11-a93f-c4ed41794fbb,Corporate,2022-12-14,90474,318,2022-09-12,2022-06-04,GB59YRAU29580784223078,d9ad913d-41c0-4728-a520-c49c0632c07c,Amanda Rodriguez,"6671 Neal Keys Apt. 492 Michaelmouth, AS 28093",283.527.1211,brookewilliams@example.com,Yes,2020-02-19,9077,Yes,Senior Citizen Health Insurance Plans
16cd4414-ba38-4535-9c40-f585b86019b7,CPT-90005,Quarterly,f0e4b597-aa75-497d-8592-788ce00b9ff1,5392,Victoria Braun,"Brewer, Mcintosh and Payne",Build effect she believe.,Language page mean help throughout.,Position today capital item.,20493,Harper Group,Rejected,+1-695-292-1059x60309,Jackson-Patterson,Maternity Benefits,19ca9938-679c-4d78-a197-5407b3610fc9,Family,2021-04-12,94761,163,2020-11-03,2020-08-18,GB77SZKD29014038042539,e8bb83ff-3317-4402-9f5c-1df9e2614b51,Amy Lyons,"5202 Craig Circle Melindashire, CT 96287",(762)657-7759,brandon38@example.net,Yes,2022-06-28,4130,Yes,Disease-Specific Health Insurance Plans
81cf61da-50cc-43fd-b355-2433aa69db70,CPT-13428,Monthly,a7183f8d-abd7-4ca6-a241-90cfcee8f1d5,22151,Jose Johnson,Moore-Lewis,Because respond however show knowledge case message low.,Mouth view option place college despite.,Charge we product form close view.,71430,Mcdonald-Hamilton,Rejected,+1-412-650-8526x33559,Knight-Valdez,Eye and Vision Care,3acab8b5-6bc5-419b-91f1-4c0bf6f0c4d1,Corporate,2021-02-24,61926,357,2020-11-02,2019-12-11,GB48DHMH81169823054381,bc9ecb83-d6ca-411f-8744-35ece36623b7,Wendy Hobbs,"23330 Baker Lakes Catherineberg, GA 03129",+1-261-329-4440,thomasrivera@example.org,Yes,2020-03-10,4314,Yes,Disease-Specific Health Insurance Plans
f996a1ab-c808-4035-9f7d-06ff73c1f8a9,CPT-50194,Monthly,d69c3a38-e3ff-4a32-90c0-51f6146291e7,37993,Henry Watson,"Mccoy, Houston and Long",Entire writer form hear.,Fly step life decade check range.,Low today sense Mr.,39492,Ramirez Group,Rejected,+1-252-234-2104x278,"Powell, Gardner and Smith",Eye and Vision Care,f8498017-7bcc-41cc-8f05-30710290e06c,Corporate,2023-06-25,84565,242,2023-02-24,2022-10-07,GB02JEFA27596693862820,1e4837f4-d4e7-49f8-af46-4ad7964f36c2,Maria Lowe,Unit 0307 Box 6490 DPO AE 79683,001-986-677-1622x67895,markmorales@example.net,Yes,2023-02-04,8155,Yes,Disease-Specific Health Insurance Plans
da177d0b-935f-47bf-b487-9952a9daee49,CPT-50310,Annually,3c4fb7ec-883c-482f-bd4b-42894f3c9664,7891,Natasha Rodriguez,Harris-Reilly,Agree serve begin.,Store health ready bill.,Former same break positive at.,25768,Vaughn and Sons,Rejected,001-543-982-4878,Stafford-Cruz,Eye and Vision Care,f494cdbf-1eba-4b9a-843a-4f7b907e8709,Family,2021-03-14,21672,806,2021-03-01,2021-01-30,GB34LVXN85896144526532,77d66dc0-2087-4914-9690-a448022980d4,Peter Sharp,"77365 Alex Wall Sheliaport, VT 21924",(254)858-4473,matthewross@example.com,Yes,2023-07-18,7508,Yes,Senior Citizen Health Insurance Plans
45b421c0-7ab7-4209-bbde-4ad65bb411cf,CPT-80432,Quarterly,1fc9862d-90bd-453f-9dca-fe9a7d668dcb,5940,Eric Johnson,Martin Ltd,She end process task dream rate control remain.,Prepare want instead treatment heavy.,Music matter section strategy such development per.,79761,"Hamilton, Patterson and Ewing",Rejected,(205)219-5061x6385,Townsend-Lambert,Critical Disease Specific Plans,182d6bfa-a591-46ef-8a12-b0de96f9ec7a,Family,2022-03-13,7718,342,2022-01-26,2021-10-21,GB98XVPD42118365938008,86cb23c1-e3d1-4e6d-810e-a01f7a32a358,Pamela Padilla,"9023 Combs Crest Apt. 785 Lindsaymouth, ME 58066",(958)716-7153,shawmatthew@example.org,Yes,2022-03-09,5333,Yes,Disease-Specific Health Insurance Plans
f93662ca-38a5-41b0-bba5-9f20e822c5e4,CPT-20503,Quarterly,72b18d0e-3ef3-4afe-959d-535689e6d188,10552,Jesse Sandoval,"Bautista, Hall and Santiago",Weight response professional produce fire.,The drop bank international executive prepare take.,Trial environment sound.,64349,"Suarez, Rice and Hernandez",Rejected,001-297-964-6431x404,"Clark, Johnson and Ingram",Eye and Vision Care,4da2be7e-3e04-499a-945a-ff4973afdf20,Individual,2020-05-07,42615,223,2020-01-25,2019-12-19,GB60YQUZ99062193904329,168013ff-9f6d-4469-8490-13b5ca34749d,Jessica Parker,"PSC 0947, Box 0754 APO AA 98796",765-589-5948,barnettcatherine@example.net,Yes,2020-04-01,1612,Yes,Senior Citizen Health Insurance Plans
3bc97f8f-5739-4b29-a381-d4e2ecd8ff1a,CPT-42550,Monthly,7902e07a-246e-476c-b650-e70218fff1d1,92197,Tiffany Pena,"Roberson, Evans and Khan",Sure today condition society daughter at research.,Whom all model different number.,Remain center institution subject national.,73140,Jones-Stein,Rejected,+1-311-514-7690x350,Hoffman Ltd,Eye and Vision Care,740d8aba-b923-4767-b886-8abaf46a1e00,Family,2024-02-27,93292,160,2023-11-23,2023-04-15,GB11PVST21976538418712,6b809def-ecea-412a-9496-2733d74d8de0,Pamela Bowman,"0862 Pamela Pines Apt. 119 Emilyport, UT 60810",(737)214-2901x74658,stephaniecain@example.com,Yes,2025-01-19,8045,Yes,Senior Citizen Health Insurance Plans
54758d51-a186-416b-ab3c-afa3abe58b09,CPT-66763,Annually,f8959cf9-2471-4a58-b7b1-b24f58e0b11a,1002,Tammy Mata,"Cook, Cummings and Webb",Say last director from.,Listen order tax after.,Serious piece seat adult beyond.,75436,Scott-Rodriguez,Rejected,927.741.4388x984,Stout-Gregory,Maternity Benefits,1371e821-6bae-4c84-88be-cff3a6041912,Individual,2025-10-21,34791,742,2025-01-09,2024-04-25,GB73LXIK95284290352793,3be64545-057b-4b59-ab3a-9206ef3c1691,Joseph Stephenson,USS Hurley FPO AA 54783,(715)983-3284x541,silvadavid@example.com,Yes,2020-09-14,6802,Yes,Senior Citizen Health Insurance Plans
bca526b7-7752-48eb-a410-a8af8df4e438,CPT-57629,Monthly,e67eb17f-4532-4fda-bbbe-d764dd1941fe,29536,Mary Lopez,Gill Inc,Show magazine community defense.,Wait let animal then finally possible.,Choice would entire seat pass establish man.,54690,Rowe LLC,Rejected,4275177794,Allen Ltd,Critical Disease Specific Plans,ebe25adb-17ee-4454-a5e8-1ea305472748,Individual,2026-01-08,90729,542,2025-04-05,2024-12-22,GB75KXOX48401118905745,19c488ee-f3fe-4028-96e5-0ea69f946662,Donald Perry,USNS Brewer FPO AP 29745,3884504934,harringtonbilly@example.com,Yes,2022-03-27,5015,Yes,Disease-Specific Health Insurance Plans
4373533b-49eb-4c4d-b243-10a38af15a7d,CPT-73537,Quarterly,bbf0ed30-6c37-42a6-b957-7dd9b5c50179,12668,Jeff Burton,"Mason, Hicks and Sanders",Want heavy listen professor character image sport.,American ground daughter member.,Indicate modern stuff.,98520,"Morales, Watson and Cooley",Rejected,+1-637-485-5021x33246,"Saunders, Thompson and Richardson",Comprehensive Health Plan,897c2224-5985-481f-bec0-9a0423b959b7,Family,2020-09-12,17485,225,2020-03-26,2019-12-24,GB08OLAF25393891879915,1be212a5-7a36-4031-8577-5e59cf06adf7,Andrew Norman,"930 Robert Isle West Jamiechester, NJ 42808",+1-558-988-8935,valerie94@example.com,Yes,2021-10-06,8066,Yes,Disease-Specific Health Insurance Plans
e3cf544a-c6e5-4792-8468-47a663c11005,CPT-49257,Annually,bcfbb987-2c33-48d0-8ded-d7855d66cde7,41325,Rachel Waller,"Lopez, Ramsey and Hall",Nothing south political after.,Indeed range her.,Idea sit read order together figure central.,75932,"Gillespie, Smith and Hobbs",Rejected,+1-452-883-2131x4493,"Wilson, Matthews and Ramos",Maternity Benefits,40d8f208-09c0-4e0f-ab59-9382b8480da8,Family,2023-10-23,69741,920,2023-02-13,2022-10-29,GB02JREM83440229193726,60797b50-1f8a-4b1d-8c83-9cd6774c213c,Rebecca Taylor,"74989 Burton Corners South Jasonstad, ID 76542",837-839-0395x00839,gmatthews@example.net,Yes,2024-11-18,5124,Yes,Disease-Specific Health Insurance Plans
057ceddb-23d9-4804-bce5-f48f412b82f1,CPT-39543,Annually,4e87d8d2-6c58-4d98-bb86-da4fb9282f57,39789,Brad Hodges,Roberts LLC,Trouble public adult Mrs.,Most may base service change share.,Practice book member seven relate none.,8866,Riley Ltd,Rejected,332-652-5744,Cox-Taylor,Eye and Vision Care,89e0c43f-4f2a-45dd-9cc9-5201f734e841,Corporate,2022-03-12,47200,127,2021-12-24,2021-09-15,GB18JYVI61230364949482,544f645a-38e9-4e92-9ec0-08a570b13c7d,Anthony Rodriguez,"613 Veronica Loaf Glennshire, MN 42929",(882)534-5161,scott28@example.net,Yes,2021-03-30,6660,Yes,Senior Citizen Health Insurance Plans
a0930309-d02b-4762-bd67-bc0f10280974,CPT-63928,Annually,460de2ae-1138-4273-b05f-afc19b4875b8,28434,Tanya Christensen,Ross-Odonnell,Quickly history recent cut rule blood.,Method nearly town number friend charge itself.,Work partner information him.,84401,Reid-Mahoney,Rejected,819-827-1820x373,Green-Brewer,Critical Disease Specific Plans,cdd13c03-0b45-4be9-b3d7-b2d98cc0363f,Individual,2020-12-14,45553,239,2020-12-01,2020-10-12,GB20UGCK26348545891497,306ce079-d5e4-4e6e-9b2e-094df0d20dbc,Derrick Day,"226 Cynthia Locks Apt. 493 Brownshire, MA 55963",857-605-2654x70197,owensronald@example.org,Yes,2023-06-02,6035,Yes,Senior Citizen Health Insurance Plans
0a0c978d-69b1-4b48-b9e9-ab56e6f21eef,CPT-46800,Monthly,97b2b455-7655-4199-a968-5ff5792c643c,47928,Christopher Johnson,Lopez Ltd,Participant security prevent arrive.,Public foot consumer break make central town.,Tv senior court rock art sense.,67661,Turner and Sons,Rejected,471-276-1459,Gibson-Johnston,Maternity Benefits,78a27de8-5fb5-4bd1-83b0-f5df3b396930,Family,2021-06-14,74224,263,2020-12-07,2020-10-08,GB83AYJB64312390131256,215354ec-772b-4271-aa9e-c9ba161a643d,Samantha Leonard,"805 Daniels Light Port Richardtown, DC 64600",(877)245-4775x9553,fordapril@example.org,Yes,2024-10-05,3337,Yes,Disease-Specific Health Insurance Plans
50249c8e-1a9b-4578-8229-4ef31bc69bb9,CPT-22394,Quarterly,be30bb21-ea63-4067-a9b5-bfc2453d4b7d,36383,Mark Arias,"Frazier, Zimmerman and Thornton",Skill line system idea chance central market.,Whether none car everyone soon feel public.,Support challenge system two.,6256,Norton Ltd,Rejected,+1-574-648-4295x887,Romero-Smith,Eye and Vision Care,cdb1f112-08ee-4f87-99b3-4089353cb2af,Corporate,2022-04-11,54099,557,2021-11-28,2021-05-22,GB69BISG11972983989508,908c2e1b-0d0a-4e76-99a9-e08f5db332cd,Nicholas Harper,"0418 Julia Haven Suite 815 Rochamouth, CA 30832",+1-534-751-5439x120,ronaldhenderson@example.net,Yes,2021-05-07,7875,Yes,Disease-Specific Health Insurance Plans
eb60012e-2be2-44e6-9ae1-52caa1c82d08,CPT-61687,Annually,d987e76e-166c-4cc3-896c-3424b6a49d3a,8966,Gregory Pratt,Lester-Campbell,Writer produce dog blood.,Example various little position.,Too season phone treatment have also about.,88169,Vargas-Murray,Approved,(204)362-4857x801,"Davis, Bowers and Melendez",Maternity Benefits,21ec791b-7b4b-42c9-a566-76f9cba83208,Family,2021-09-30,12996,996,2021-08-08,2021-11-12,GB66GQKD18164972324658,7ef758b8-1bb2-4408-b864-0fc1f818f3fe,Barry Collins,"487 Margaret Estates Apt. 505 Torresshire, DE 85752",6662867248,rebecca14@example.net,Yes,2021-06-10,7077,Yes,Disease-Specific Health Insurance Plans
24bdfaf4-c0fd-4773-910f-89a63a7a0ed9,CPT-97338,Monthly,2a168cf3-60c7-4019-a524-376a3e4fe24a,19276,Brandon Shaw,"Gibson, Morgan and Hill",Beautiful assume article.,Mother forget religious left.,Same heavy force serve hard.,82326,Fuentes-Kennedy,Approved,001-541-825-6175x358,"Sheppard, Blackwell and Harper",Comprehensive Health Plan,8492aca9-5e49-49eb-85ad-38a66acecd97,Individual,2023-09-04,32563,453,2023-09-02,2024-02-05,GB88BXQO65859211687186,701f8cdc-5f74-40ca-970c-f4d5c0a08486,Charles Neal,"81101 Holt Cliffs Port Carolynfurt, KS 63474",(235)889-6923,gutierreztina@example.com,Yes,2023-07-29,1790,Yes,Senior Citizen Health Insurance Plans
b0e0ed2b-7aee-48d9-a1a1-5f50bee7353a,CPT-44545,Quarterly,50ba77ed-3bd9-46f4-8f25-478a86e305e5,42637,Caitlin Hart,"Monroe, Mcclain and Anderson",Better cost hospital item.,Material act nor traditional.,Perform return seem weight local care dinner.,52752,Jordan-Ferrell,Approved,+1-433-495-9941x291,Price-Berg,Maternity Benefits,ab2dc94e-68d0-4cbb-ac71-2e4784e3e378,Family,2025-01-10,48423,745,2024-10-22,2025-04-13,GB57VKXF32061191539684,fd692063-0eda-4055-b1af-0218a27628d4,Richard Campbell,"195 Christopher Camp Port Brentside, MH 74919",(317)419-9105x77028,connor62@example.com,Yes,2020-07-12,2403,Yes,Senior Citizen Health Insurance Plans
876c28ea-d4ad-4a38-b315-afb547797c43,CPT-17164,Monthly,84c3a0fe-21dd-4c72-a95f-7b538d02fe55,39154,Daniel Singleton,Davis-Alexander,Strong clearly business push event until worry baby.,Goal participant western suddenly dog.,Impact senior administration.,12089,Miller-Brown,Approved,001-200-562-9024x88294,"Warner, Chaney and Walker",Critical Disease Specific Plans,063e46e5-1081-4d80-86b7-c3b08cd76f78,Family,2021-05-28,54566,467,2021-05-15,2022-01-03,GB60QDDO16268762835364,4691636b-41e9-45c7-bf2a-b19791f0deba,Cindy Cantrell,"5042 Carla River Laurahaven, VT 30412",680.643.4586x618,stevenclark@example.net,Yes,2022-02-11,6020,Yes,Senior Citizen Health Insurance Plans
88c01409-c494-406c-885c-90675dbafaa4,CPT-26668,Quarterly,c457d797-f701-4185-9be7-da411ab12af1,55477,Brian Boyd,Cook-Anderson,Respond finally ready land clear.,Size second exist effect.,Population television third most.,95174,Powers Group,Approved,001-585-543-2632x41999,Anderson-Montgomery,Critical Disease Specific Plans,215dc5d2-9dc2-4405-8e68-745eb27ed453,Corporate,2025-02-04,70135,395,2025-01-08,2025-03-08,GB26SOZM47363912242472,90cf6664-695e-44a4-99a2-d06d77f1ded5,Jesus Carson,"797 Smith Spurs South Stephanieside, NE 83958",(321)376-0429,leah33@example.org,Yes,2024-10-20,8929,Yes,Disease-Specific Health Insurance Plans
3adb80a7-752d-4b16-bb2a-4de37a700e05,CPT-79809,Quarterly,e1a22499-a8b8-4b80-a2fe-d29f7716883d,13122,Carolyn Evans,Butler PLC,Itself appear little list.,Enter whom shoulder.,Difference level stand staff city seven upon traditional.,61663,Martin Inc,Approved,6948061323,White and Sons,Eye and Vision Care,f0facd8e-9101-4a96-928e-e550df2f89c3,Corporate,2020-05-18,63546,415,2020-02-13,2020-07-15,GB94YVLO52479732844373,63c1ab6d-2eb0-4598-bcd7-44a7b1739b9a,Jacqueline Bryant,USNV Gibbs FPO AE 23452,265-969-0665x9356,gibbssamantha@example.com,Yes,2021-09-16,8177,Yes,Senior Citizen Health Insurance Plans
2a350691-28ed-4d3b-90b9-c06086b6128a,CPT-25294,Annually,ab3c9bd0-eba7-4c73-b342-85aa643277ed,67096,Bonnie Morales,Douglas-Good,Recently important standard base.,Necessary drug some least book effort national.,Tough trouble image into week who.,51918,Bates-Clark,Approved,001-960-812-5370x972,Fox Inc,Maternity Benefits,9713ad3b-a091-49f8-b622-781e06d78ab0,Corporate,2021-10-23,68495,219,2021-10-22,2021-12-20,GB93JNMU42720186377760,57a883ee-04a5-412a-8d17-66c5b6459980,Matthew Williams,"745 Ramos Stream Browntown, MH 30883",661-759-4066x98756,naustin@example.net,Yes,2022-09-08,8948,Yes,Senior Citizen Health Insurance Plans
8521c385-6b9c-4167-8ad7-4c76edee170d,CPT-48278,Quarterly,a6853102-fe78-4ab2-bd53-19b15c4cd100,14755,Kimberly Thompson,Schultz-Fry,Thought rise population easy carry.,Describe major final popular.,Thank relate place south.,31618,Garza PLC,Approved,245.397.4627,"Cooper, Miller and Ross",Eye and Vision Care,1de83f6b-f2a7-4c82-9096-02d9e4877b15,Corporate,2021-11-09,74065,308,2021-09-16,2022-05-01,GB06KAIA32301520668649,d4ba89e1-2080-4b70-9910-4b1f2a6858bc,Ralph Barnes,"16306 David Pike Suite 850 Robertmouth, NV 55606",+1-307-859-5778,hogananthony@example.org,Yes,2022-05-02,6752,Yes,Senior Citizen Health Insurance Plans
0bd50715-ecc0-45a1-809c-f6b0f57e63ab,CPT-31755,Quarterly,75c839a4-269c-4ca0-b223-2db888918401,20318,Stephanie Monroe,Burton-Padilla,Report I voice unit cup.,Believe law nor focus ball trouble.,Close example main.,99092,Golden LLC,Approved,(782)402-7591,"Williams, Holden and Kramer",Maternity Benefits,1035ef28-935a-4e40-95f5-d2ae1728b3b0,Corporate,2023-04-25,36409,676,2022-06-27,2023-05-18,GB49XNAO27141880323933,1f397f41-c4af-4161-8704-89880b8f296f,Carolyn Rodriguez,"654 Callahan Common Michaelside, KY 66285",985-956-6245,lpotter@example.com,Yes,2023-03-02,2848,Yes,Disease-Specific Health Insurance Plans
f216c939-0d92-4fe9-b07a-3446ae4f590f,CPT-49690,Quarterly,a702d003-b60f-466f-a426-7cc1a75d2e40,41878,Lisa Romero,Gordon-Martinez,Health international soon.,Case health share.,International beyond better listen understand style such.,26461,Fritz Group,Approved,001-772-583-5902,Thornton-Pearson,Critical Disease Specific Plans,6fe09bb9-e46a-41e6-95a8-3962aa00d649,Corporate,2022-08-16,89089,480,2022-04-24,2022-09-07,GB62CHQY45552422752125,c39428da-d4dc-483a-b339-08b92d42c822,Jason Hensley,"26486 Trujillo Roads Suite 462 Richardsonfurt, NY 91000",+1-211-320-5658,fconner@example.net,Yes,2020-10-31,1925,Yes,Senior Citizen Health Insurance Plans
68db7e3b-5216-44b9-bb40-4fc69872bb72,CPT-48346,Annually,5cacefbd-b123-42d1-9290-c7c1f1de6514,2542,James Jones,Taylor-Cruz,Plan enter fund prevent other.,Edge more loss kid general though listen which.,Social different keep along great.,67885,Livingston-Coffey,Approved,327.297.7742x618,"Scott, Juarez and Higgins",Critical Disease Specific Plans,2dba1cce-7f0c-4856-b913-60231093371f,Corporate,2025-03-24,22409,508,2024-10-19,2025-06-27,GB96WAOI52883361461458,5c4940f7-d442-49b6-8d13-ae8fdea84303,John Preston,"721 West Square Apt. 880 Stevemouth, VI 45677",(928)215-3649x9707,triciajohnson@example.net,Yes,2022-10-19,3854,Yes,Senior Citizen Health Insurance Plans
0037ff6d-a7e6-4a5b-b9b2-7cbb8dba9b73,CPT-81939,Quarterly,85305276-5666-4259-8427-c57fd9fdbb85,8581,Caleb Cummings,Rocha-White,Center character forget year.,He weight school than lose chance.,Start consider series large approach collection.,52959,Jones-Elliott,Approved,931-672-6498x4935,"Rivera, Taylor and Huffman",Eye and Vision Care,b84c03cc-f6d3-4d82-8152-96ee5339bab3,Corporate,2020-12-18,24850,244,2020-10-21,2021-05-29,GB36ZFMT38745899822239,92ed88c6-1fe0-4ac7-9a94-8ed68b42b912,Rachel Williams,"0528 Phyllis Vista Moralesport, RI 25570",796-771-1936x0440,swhite@example.org,Yes,2020-05-06,6700,Yes,Disease-Specific Health Insurance Plans
d4cd12d1-02d1-4147-91a8-d3a8953a39cd,CPT-99680,Monthly,289e7c71-fb07-4349-9059-86b224bb6045,56172,Caitlyn Castillo,Rodriguez PLC,Thousand provide simply in community like.,Who physical of blue bad fine thousand.,Support office body through.,81351,Vincent PLC,Approved,001-680-999-8423x33548,Shah-Rivera,Critical Disease Specific Plans,a2e21a56-8572-4e5b-9189-1249aee7c15d,Family,2021-05-03,57117,917,2020-11-07,2021-05-09,GB02GYMQ26397943430333,defd4dce-ff93-4276-b41d-6e80380ca80f,Joseph Williams,Unit 3251 Box 3717 DPO AA 59941,271-288-8808x24890,geoffreytate@example.com,Yes,2023-06-15,1459,Yes,Senior Citizen Health Insurance Plans
086cf676-5874-4ad3-81d0-6a7a2ee4af0a,CPT-77588,Monthly,b10ef0c2-1a40-404f-9dd3-b2ac1fc3ff91,36266,Katherine Henry,Boyle Ltd,Knowledge history sign friend mention husband child fact.,Could budget fall cause hear rule argue.,Again difficult art.,36707,Mcfarland PLC,Approved,+1-746-333-2457x849,Curry Ltd,Eye and Vision Care,0c655a52-1469-48e1-87d7-b260d760d509,Individual,2021-12-01,57975,181,2021-10-29,2022-02-26,GB69NPSM55846511678636,39d9d814-7647-4925-a5db-b9f9b6498fa8,Jennifer Fuentes,"681 Margaret Grove Apt. 666 North Linda, FL 83309",001-853-228-8510,matthew46@example.org,Yes,2021-08-04,9922,Yes,Disease-Specific Health Insurance Plans
3fc1fdc4-0511-485d-8a70-dd66c193b4ce,CPT-31607,Quarterly,a9348549-9461-4647-9e83-4437ad7e34b6,51066,Dustin Jones,Nunez LLC,Official buy capital knowledge bit.,Near behind year specific not former quality say.,Democratic whether have hard.,62348,Allen-Ayala,Approved,(823)604-5964x9299,Martinez-Herman,Maternity Benefits,8e7b7d38-c8bd-4d3a-aaf9-e305bbcc8b2f,Individual,2021-06-28,63022,435,2021-05-24,2021-09-08,GB41YPEB74035484771646,47f224a8-8869-41e7-9924-3a88cf327aea,Kristina Young,"087 Rodriguez Neck Patrickton, MT 44334",(958)576-1114,kristenstein@example.com,Yes,2021-01-19,5733,Yes,Senior Citizen Health Insurance Plans
9805660e-9ec8-4caf-be89-0181aa6e0dc1,CPT-46328,Quarterly,427abf75-2a1c-47f4-b211-558db9709288,2780,Tracy Mercado,Mcdowell and Sons,Red some owner current perhaps.,Check change city actually various.,Likely president join trade security TV put.,38246,Smith-Hays,Approved,+1-680-530-0714x82933,"Rios, Miller and Oconnell",Comprehensive Health Plan,080ba6b7-89bf-4738-8005-0010f7f08cea,Corporate,2025-03-18,23354,883,2024-12-21,2025-09-13,GB86FLMS87149389433213,ef8f52be-ed0d-43bc-a7b7-b828f7cce523,Brittany Vasquez,"92576 Kimberly Mills Apt. 964 Lake Richard, RI 72707",(756)983-4477x31514,frenchkimberly@example.com,Yes,2022-02-17,6640,Yes,Disease-Specific Health Insurance Plans
2446d975-3f26-4d98-8d5d-e160fc1cac1f,CPT-62386,Quarterly,3137f803-5ec7-41ba-9041-8aba0153cef3,3091,Samantha Boyd,Gilbert Ltd,Artist grow thus war sense doctor together total.,Day south might event market decade.,Large reduce east tree strategy over executive.,63061,Wise-Mcdonald,Approved,819-388-7354,Rodriguez-Harris,Maternity Benefits,d97f38a3-906a-4352-9d6a-25097d5bd10d,Family,2021-10-24,26495,253,2021-08-11,2022-04-06,GB36TWSI14638159322393,b76abf6e-6307-4a46-80c2-2dda634214c1,Derek Ramos,"58216 Harris Turnpike Suite 991 New Robert, VA 83751",+1-673-834-3955x177,kennethbarnett@example.org,Yes,2024-08-25,1192,Yes,Disease-Specific Health Insurance Plans
5a39ab83-e06c-49e1-ba09-c8a07df251b0,CPT-53711,Quarterly,8450fa90-7d34-4900-bef3-45009e2d9f6f,52460,George Harris,Forbes-Collier,Account write strong shake real analysis.,Citizen she wide guess what community listen.,Among interview whom officer rather summer.,94407,Dunlap Ltd,Approved,247.207.2661,Mcgrath Inc,Critical Disease Specific Plans,cc763232-40a4-4bce-91e9-989f66b86b0a,Corporate,2022-05-07,83111,810,2022-02-23,2022-06-23,GB32FCIF93861346429745,453da485-023f-43fb-822b-488b9ceec019,Meghan Best,"7023 Dodson Islands Kruegertown, NY 04881",+1-876-431-3570x69243,robertjones@example.com,Yes,2024-12-16,1295,Yes,Senior Citizen Health Insurance Plans
6d7e9056-577e-4afd-b983-d83dda641821,CPT-60008,Monthly,6b26c013-8d82-48d9-9d3a-ccbd991fe796,42895,Brianna Huang,Hess Group,Sort team policy stay opportunity center factor edge.,Onto message so attention court.,Any either many respond democratic your.,29674,"Bradley, Payne and Jimenez",Approved,+1-823-429-2676,Campbell Inc,Critical Disease Specific Plans,307e801d-bfb8-41cc-927f-132abfe72c0c,Family,2020-11-16,47933,584,2020-10-13,2021-04-13,GB43YZRF71691869297258,c8737940-1a0b-4d47-901f-22c7a0ccccc7,Jason Mckinney,"86225 Keith Trail Suite 613 North Kim, AK 59923",001-607-736-3983x83128,kquinn@example.com,Yes,2024-10-10,6732,Yes,Disease-Specific Health Insurance Plans
a3fdad25-d102-4641-b003-e3eed64d4fcf,CPT-62285,Annually,49cf06e2-29ac-417d-9d98-2500ff072d18,16471,Maria Hernandez,Doyle-Perez,Store firm skin north small nearly.,Character bit wish have.,Act red customer south.,84944,Miller-Thompson,Approved,298-540-1165x85754,Todd-Baldwin,Maternity Benefits,d75e52d1-b2b6-4315-8e2e-bfbf35641fd4,Individual,2023-07-21,29162,462,2023-03-21,2024-01-01,GB83JZLW88836927337579,f1cc0fb2-a7c4-44bd-9572-84fcf7d5c3b3,Nicole Collier,"4972 Thomas Hill Hannahstad, PR 35484",456.749.7080,nwright@example.com,Yes,2020-09-01,7561,Yes,Disease-Specific Health Insurance Plans
8290d071-a944-48c9-aeca-6698ae71a961,CPT-29494,Monthly,6ee70d7b-2b4b-44e8-9d8c-2c16e6e4b9fd,58034,Taylor Lee,"Travis, Morgan and Hubbard",Past either half.,Which marriage six strategy.,Still involve participant response kid us.,64328,Smith PLC,Approved,569.578.7929,Hill-Valencia,Critical Disease Specific Plans,e6c218dd-eb12-4bb9-933b-361df6acf0f3,Family,2021-06-11,95115,535,2020-12-31,2021-08-27,GB55BRUS84861131946046,4b6c4c9a-9d44-44bc-949c-be23924cd263,Edward Martin,"7788 Lucas Island East Corybury, RI 87711",+1-433-395-4229,znavarro@example.net,Yes,2020-05-14,7335,Yes,Disease-Specific Health Insurance Plans
514d63d4-1cc5-4c7d-a54b-eea7509be367,CPT-49483,Annually,0d4be812-eaf9-4c19-8cce-cfc9b03d4c3c,34129,Mrs. Jacqueline Cole,Jackson-Reed,Bank street class middle.,Generation you something.,Make former peace write seek.,42313,"Pineda, Bowen and Nguyen",Approved,752.885.1482x0133,Sanchez LLC,Comprehensive Health Plan,71a15f63-302a-4e43-b413-facd6700bccd,Corporate,2020-08-24,56366,862,2020-06-04,2020-12-31,GB54KJYZ02820025840754,ed004e0c-714c-4162-b097-e7d359e88dd0,Hunter Mccullough,"8097 Roberson Heights Suite 182 East Brycestad, MD 99244",001-272-652-6961x90003,melissajohnson@example.org,Yes,2022-11-12,7408,Yes,Senior Citizen Health Insurance Plans
1527021e-8a8a-4bd1-a8f1-c417a745fcfc,CPT-49180,Quarterly,6a59bc42-d104-4f0c-a7dd-4f7802b1028a,41931,Jasmine King,Snyder LLC,Whom benefit large set employee field.,List well audience ahead remember stock.,Hope body authority water ability whose.,93930,Velez Ltd,Approved,944-705-9978,"Gallagher, Allen and Flores",Critical Disease Specific Plans,dce76831-a52f-443a-a9c6-741f6e312226,Family,2024-09-14,83846,344,2024-09-01,2025-02-16,GB62INPY63931540634430,4cc80a72-45a6-471d-9c99-a52dead1e3fd,Robert Baker,"639 Page Shore Suite 125 Michaelton, KY 42817",001-777-423-8360x725,levineconnie@example.com,Yes,2025-01-20,9539,Yes,Senior Citizen Health Insurance Plans
1d129a64-6a3c-4052-b73a-80c480951c51,CPT-58018,Monthly,261c37ab-ada7-41af-87be-0ddd5fd4d2d8,50138,Krystal Caldwell,Gates-Carter,Every American few any like similar.,Be despite position shake natural region.,Send wish by soldier interview billion full.,90136,White and Sons,Approved,001-673-433-7295,"Rodriguez, Smith and Rivera",Eye and Vision Care,a072c0ab-a94d-41d0-b551-e8297abd2be2,Corporate,2022-11-13,51293,369,2022-09-21,2022-11-20,GB77KJNT66082531961217,de7e1146-201f-4c0c-9b20-a0b165154072,Kelly Griffin,"26134 Morrison Mountain Apt. 912 North Lisaburgh, IA 25636",333-321-8582,kaitlynlewis@example.net,Yes,2021-03-25,4442,Yes,Senior Citizen Health Insurance Plans
3cb63237-783f-44d0-8834-bd08d533b254,CPT-41954,Monthly,a47553b1-03e4-40f0-9f5f-1a00fc98ad96,24373,Stacy Price,Richardson-Gonzalez,Center fill ball young any prevent our.,Yeah film give middle hospital environment successful wide.,Amount him research church tough week voice.,52139,Patterson Group,Approved,526.869.4973,Smith Ltd,Eye and Vision Care,85ad1338-a913-408c-9cbc-d050178a6fcf,Family,2021-04-04,48729,453,2021-03-21,2021-07-27,GB25DZBS40346860866035,202e38ad-8934-49fe-a2b1-1aa0074dadfc,Jennifer Gonzalez,"04327 Hunt Grove Davidfurt, DE 91988",772-392-8054x31014,perezlance@example.com,Yes,2021-01-06,7952,Yes,Senior Citizen Health Insurance Plans
47cc259a-389f-478c-981a-f2c1b725c095,CPT-60534,Monthly,2de3c16e-5013-4e4c-a32e-500e060541ce,3749,Jennifer Perkins,Miles-Wilson,Trip allow indicate want strong gas.,Quality reality visit enter land.,This away school member where reach.,89981,"Pena, Butler and Foster",Approved,4832283764,Meza and Sons,Comprehensive Health Plan,c7c0e9ce-7d67-44a2-9a07-44eb1c239023,Corporate,2020-07-03,11205,213,2020-07-02,2020-10-07,GB90IFOE69748027347655,17921428-baf7-404f-877f-6ff314eb797e,Dustin Acosta,"05545 Baxter Green Suite 886 Williamburgh, WA 62684",001-980-686-5485x72902,rebeccastephens@example.org,Yes,2022-06-08,9891,Yes,Disease-Specific Health Insurance Plans
e5295b20-e4e2-48a6-9f0a-3cbf58c3b134,CPT-18611,Quarterly,56ebc2af-9007-4381-a5ef-e46c5fe54031,58073,Ashley Williamson MD,Patel Ltd,Suddenly kind drive and same pull.,Quickly Mr reflect center great your.,Piece case movie.,61481,Anderson Inc,Approved,691-263-3510x49116,Brooks LLC,Eye and Vision Care,a8f2bd48-7af0-4597-af91-a4306c6e8cbf,Individual,2022-01-22,69078,387,2021-10-27,2022-04-19,GB85TAUI94509673415583,e405fc00-84f1-4c57-9668-1ab583768c61,Benjamin Johnson,"99255 Michael Meadow East Julie, OH 60476",001-297-923-9336,brandon62@example.org,Yes,2023-06-30,7493,Yes,Senior Citizen Health Insurance Plans
5c648942-8071-4466-954d-8d1e01c4d509,CPT-19504,Monthly,7f5b5697-0d9c-45d4-8de3-1d6f31c7877f,40956,Mark Gross PhD,Brown-Stewart,Type car game avoid determine from.,Friend class left conference rather or determine.,Us scientist line trouble spring under.,41762,"Reyes, Wilson and Mitchell",Approved,698.338.6828,Stewart-Chapman,Critical Disease Specific Plans,05b79028-7019-4ff7-a0ea-a3526441796c,Corporate,2023-06-02,62219,516,2023-02-07,2023-06-07,GB51QDWL29803428662016,7c3f31c7-02f4-4bfa-a2dc-97bd703f9421,Michael Rose,"20979 Valerie Wall Apt. 766 New Johnchester, NC 80928",886-271-2143x9983,alvarezrhonda@example.org,Yes,2021-03-09,7149,Yes,Senior Citizen Health Insurance Plans
5e5c2955-07d8-4b38-b832-3210f4f3acde,CPT-93166,Annually,18ad6726-dc18-4836-860c-992cc8655ff8,1715,Kelly Rogers,Cruz and Sons,Whole understand film support fill purpose easy.,Response nation job little pay.,Know company week action sign order.,4573,Mcdaniel-Ruiz,Approved,001-517-849-3446x311,Mitchell-Wilson,Maternity Benefits,e7600a65-e940-4a1c-a7cd-527ab7b4311f,Corporate,2021-12-01,10557,299,2021-06-30,2022-01-18,GB41CVWB97668258813232,00e67ee2-5015-4a1f-9955-54a37e462f2b,Joseph Allen,"1846 Olsen Ports Suite 583 Dannyland, PW 49809",+1-814-577-4538x23257,kbarnes@example.org,Yes,2022-06-14,3578,Yes,Disease-Specific Health Insurance Plans
f53b9486-f5fd-476c-a507-d0e0d5ff89fa,CPT-74892,Annually,ec37aa7f-cd7f-4fa7-ba17-34a6205400a4,77366,Nicolas Welch Jr.,Glover-Higgins,Generation none participant.,Moment size of physical important medical meet.,Project lead would cold front very fire.,89078,White-Marshall,Approved,001-711-685-3637x27702,Johnson-Moss,Comprehensive Health Plan,4fb0d034-2d72-4fe8-afff-4ab322855ade,Individual,2020-11-17,84183,687,2020-05-16,2020-11-28,GB67VBYM17639854124866,57626ce8-9aaf-4cb4-a10d-6d5629736f77,Wayne Braun,"95279 Moore Overpass West Christopher, TN 95843",(704)988-9626,david62@example.com,Yes,2021-04-26,8828,Yes,Senior Citizen Health Insurance Plans
a781bdf9-2869-4082-8bf4-136ade612fa5,CPT-72154,Annually,4f5704b2-04af-4f7b-95db-cf34137f4791,12571,Veronica Johnson,Lopez PLC,Leg entire determine road note there film.,Light start technology break allow production industry.,Choice leave trouble change.,22738,Wolfe Inc,Approved,(239)616-8329,Williams and Sons,Maternity Benefits,90e7cbc9-5a91-4a6e-9d75-96e22359e658,Family,2025-07-15,81384,585,2025-01-12,2025-12-28,GB59ANPN91029000704525,19580095-40d5-492e-bb95-6103cc0086f9,Monica Davis,"6958 Andrea Wall Port Elizabeth, NC 49475",+1-212-219-8521x1676,andersonnathan@example.net,Yes,2022-07-04,3003,Yes,Senior Citizen Health Insurance Plans
3af013a3-2504-4a21-b402-9a6e51e58a10,CPT-97945,Quarterly,2a83d7eb-3858-4eb6-87bb-85e690d24720,36540,Erika Perez MD,Livingston-Ponce,Radio line wish mission push.,Support director thousand goal should go.,Opportunity care light thus ever throw.,32489,Mendez Ltd,Approved,001-726-337-4141,"Brown, Wilson and Mitchell",Comprehensive Health Plan,e3888221-ee44-4aba-beb1-91721519c9c4,Individual,2022-12-13,55873,950,2022-11-06,2023-01-07,GB17PAJR21513477073806,f578a5d1-eb95-454b-bbf2-2d3ad8998e20,Jacob Hernandez,"89994 Mary Green Suite 200 Lake Bethany, VT 57198",388-322-9417,ztodd@example.com,Yes,2020-02-22,5888,Yes,Disease-Specific Health Insurance Plans
a6810716-aa07-412e-9e6a-c1f95b352cd1,CPT-34655,Quarterly,d78ca598-b599-4d1c-a09f-550970d342a1,8555,Dominique Fisher,Kidd LLC,Whose land office focus foot mean about.,Remain day audience front when than when.,Car stock look national physical condition itself.,96326,Williams Ltd,Approved,+1-309-820-1874x901,Eaton LLC,Maternity Benefits,547127df-ce65-48ca-9ff0-a0b0ac9b32bf,Individual,2022-02-20,39221,686,2022-01-02,2022-11-12,GB32FSPK15963797567779,a0c235ae-217d-4f2b-9771-4f71d617c999,Jeffrey Carey,"270 Torres Forks Kathybury, TX 84041",(687)960-7801,bzuniga@example.com,Yes,2022-07-08,1634,Yes,Senior Citizen Health Insurance Plans
0b551dfc-0158-4d81-a8c7-7acd69ce4c01,CPT-74698,Quarterly,ce58d614-a841-4d6b-97da-6682c50fc38f,7655,Derek Green,Rose and Sons,Heart politics set for matter voice consider.,Within billion expert figure almost serious.,School position town board poor debate seem.,5395,"Maldonado, Porter and Holt",Approved,249-884-1100,Martin PLC,Critical Disease Specific Plans,15e32c70-c578-4b50-a833-673a0d7d57e1,Individual,2023-07-03,17690,204,2023-04-03,2023-11-30,GB37JWRC87731735377751,77fc8a2c-8fc0-45d1-91a3-85af97d6bea1,Rhonda Hancock,"444 Lori Turnpike Lawrenceton, NV 22422",(841)329-6667x903,serranocassandra@example.com,Yes,2025-01-14,8916,Yes,Senior Citizen Health Insurance Plans
7cc48d46-ef2b-4116-9647-4a189e678eed,CPT-89253,Annually,d5a0afc1-84b1-4eff-9912-e2a8c2f28bd7,23169,Melissa Lowe,Bridges-Brown,Space evening management project couple.,Now by per cause.,South wait history action mother.,56585,Clark Ltd,Approved,362-803-3638x48688,Nelson-Sullivan,Comprehensive Health Plan,bfbbebd6-247f-4bcb-895e-64dbfdbbdaf4,Corporate,2025-04-30,48904,701,2025-02-08,2025-09-15,GB98AVEP43579822468186,bb433f5e-9f69-48ec-88a9-4398da0f894b,Russell Ramirez,"4966 Morton Stravenue Suite 267 Isaactown, DC 31250",(288)668-7586,theresapayne@example.com,Yes,2022-04-13,9089,Yes,Senior Citizen Health Insurance Plans
9f25f784-8e06-43cf-bd04-96a3e61c830e,CPT-72573,Monthly,89f38314-43ab-4433-8198-583039554f95,7448,Candace Long,"Martinez, Chapman and Clark",Range indicate know son keep.,Parent space create point investment.,Include must stop drive.,34480,"Sims, Francis and Fisher",Approved,(948)612-5156x258,"May, Sparks and Thompson",Critical Disease Specific Plans,a48fcd8f-55dd-4b06-bd9a-0359c356dfe4,Family,2020-04-22,15945,530,2020-04-08,2020-05-12,GB90JFVA82747790427993,72cf5d66-294d-45b2-bd27-62e921293509,Danny Carr,"738 Perry Shoal Apt. 514 Cameronton, NJ 46659",(427)364-1795x29941,robert40@example.org,Yes,2022-02-12,1398,Yes,Senior Citizen Health Insurance Plans
756c726b-11b5-4a6f-b63b-e3903d4a6d43,CPT-17157,Annually,54de1feb-f6cd-4845-882f-8319ea9fbea5,3701,James Holland,Vargas Ltd,Former act protect.,Board way grow he news production.,Clear hospital anyone happy smile agree.,36184,"Clark, Love and Long",Approved,+1-376-989-5998x11472,Hill Inc,Comprehensive Health Plan,f63cf37d-bf8c-4a8f-b9e0-96df29f8ab96,Family,2025-05-08,14946,430,2025-02-15,2025-07-05,GB90XULW28304437248004,6e3d649b-b35d-481b-b138-164cbd0925d5,Bill Roman,"554 Vega Throughway Apt. 886 North Derekbury, MI 69370",001-427-221-6698x2176,josephsmith@example.org,Yes,2022-05-11,5367,Yes,Senior Citizen Health Insurance Plans
2303a22c-7efc-4f9c-9d31-021ca1edbf42,CPT-41549,Annually,c5f4d91d-1b42-4892-9172-490b98010d2b,14184,Steven Morris,Johnson-Martinez,Nothing down room couple same institution space.,Daughter side service capital ask cause.,Institution almost option baby admit.,8107,"Huffman, Hawkins and Gibson",Approved,4637912389,Vasquez LLC,Comprehensive Health Plan,c98eb431-a1a8-467f-b73f-f0e9babd956d,Family,2020-07-03,49858,714,2020-03-19,2021-03-02,GB84XWWZ48857662896239,a1069884-05c6-47d6-8245-6e5c27ca5a17,Christopher Schultz,"151 Hampton Wells Suite 834 Port Michaelstad, GA 19397",001-432-782-8990x859,michael25@example.org,Yes,2024-04-04,2873,Yes,Senior Citizen Health Insurance Plans
4c5e858f-aa9b-40e7-8e1f-f468a8ee4abf,CPT-92972,Annually,a93e28c5-3254-472d-afcb-81f289d5a9b1,33939,Dr. Michael Hall,Vaughan Inc,Might arm south enjoy good.,Why some if ready.,They fear get scientist out must.,47313,Ruiz and Sons,Approved,346-749-8941x690,Goodwin-Garcia,Eye and Vision Care,5f4eedd8-18f3-4e6d-89ef-9c34593206fe,Individual,2020-08-07,78355,342,2020-06-03,2021-05-30,GB69HJRI99569912082827,e7197c46-3886-4ff2-8c1d-4dbeb34f15c3,Justin Alvarez,"87062 Hammond Overpass Suite 724 North Andreafurt, MS 48678",+1-618-805-5195,danny33@example.org,Yes,2021-03-26,8617,Yes,Disease-Specific Health Insurance Plans
be66b7ad-a9a7-490d-aab7-55ae57d22af6,CPT-47094,Annually,22f2d3c4-56fe-4838-a491-31ed2f8e0e55,10092,Jennifer Blevins,Wiley-Brown,Child station else physical east still three.,Buy measure certainly seek very happy hot build.,Control heavy traditional season.,31982,Love Inc,Approved,+1-749-501-0324x640,White-Ibarra,Comprehensive Health Plan,78f15d85-9e11-4b5c-aed2-5e3e73e04a6e,Corporate,2024-12-14,35821,611,2024-09-01,2025-08-17,GB41MDSF45203579031199,a3eb12ac-9b14-4588-9443-69c5092e7981,Matthew White,USCGC Sanchez FPO AA 28936,404.420.5382x7020,jonathan37@example.org,Yes,2022-03-25,7037,Yes,Disease-Specific Health Insurance Plans
75ad004e-29b5-40ae-965a-d484ffb8d4f2,CPT-29213,Annually,c34755cb-5633-4593-9778-8a130083f029,26193,Benjamin Hernandez,Odom-Castillo,Police order call her production compare several special.,Late hospital hand form color add personal.,Officer three my student fear determine.,43641,Hardy PLC,Approved,(594)450-0295x229,Jones Ltd,Critical Disease Specific Plans,47333328-c503-4d81-8503-46fe910c84a2,Family,2021-09-16,38218,501,2021-04-10,2022-01-31,GB55HUMU82307297452778,7c134942-1763-4d24-867d-af4548468cd7,Alice Walter,"19395 John Brook Apt. 111 West Jessica, TX 09199",911.218.3827x956,emily72@example.org,Yes,2024-10-22,5171,Yes,Disease-Specific Health Insurance Plans
44ab39e0-b460-41c0-852d-ff35f574b7d0,CPT-14557,Monthly,d5cff7b0-4bf1-4572-95d9-d81232d6a0cc,21187,Ashley Parker,Smith Group,Never someone to.,International plant wear rather down daughter crime.,Bank yet claim operation daughter cut address.,28905,Deleon LLC,Approved,360-713-1803x22747,Decker PLC,Eye and Vision Care,0039559c-aa37-4e5c-bcd9-ceb240d434da,Family,2020-01-04,45213,636,2020-01-01,2020-05-05,GB88KHOX60091790500352,18a90150-9f51-4983-b938-8ca74083445d,Marcia Mack,"69000 Marissa Port East Morgan, TX 08278",280-902-8521,edward94@example.com,Yes,2023-12-31,1802,Yes,Senior Citizen Health Insurance Plans
ce90b0ea-73b9-4148-b1b5-1a6cbb33b600,CPT-58397,Monthly,d92331bc-a12a-4f9f-9f0b-998dfef77837,4457,Matthew Gonzalez,Gordon LLC,Factor lead course industry important message two.,Join into minute there authority.,Value kitchen executive phone new over fine firm.,20746,Dennis and Sons,Approved,877-713-0893,"Greene, Horne and Anderson",Comprehensive Health Plan,ea27f7f1-fd35-46a1-8fe7-cbf474f83ef7,Corporate,2025-03-14,30237,759,2024-11-05,2025-10-22,GB36WGSF82734087438541,7eca3b21-849e-4fd0-8ff1-4ae07269557d,Robert Griffin,"910 Jackson Islands East Jenniferton, WY 91075",555-648-8276,xbrock@example.net,Yes,2020-02-18,8076,Yes,Senior Citizen Health Insurance Plans
9e464f69-9965-4768-b5d9-9ac6ad7d1828,CPT-49457,Quarterly,99f2242a-9342-4e3b-8f10-369a950c14d2,47605,Laura Hickman,"Owen, Phelps and Gutierrez",Point me quality.,Wait performance usually large by example no matter.,Begin role exactly important.,34458,Swanson Ltd,Approved,7138962342,Green Inc,Eye and Vision Care,53ee54d1-ffcd-470b-9cdd-ed4fb8b12e5e,Corporate,2024-10-03,94576,232,2024-02-11,2025-01-20,GB54RQUC36026235134668,b5c0eeed-062a-4970-ae61-65ed72faeaec,Justin Kennedy,"7729 Clark Throughway Suite 924 New Frank, PA 23213",(902)540-3117x7143,rchan@example.net,Yes,2020-11-24,8265,Yes,Senior Citizen Health Insurance Plans
b963197f-7cae-4ce1-bd91-67bd00fbc31b,CPT-14642,Monthly,aa6043fa-72f6-4858-b90d-62defbb1d053,22365,Teresa Allen MD,Gibson Ltd,Indicate after house.,Reach happen loss through throughout.,Beyond company market all knowledge by.,76347,Duke-Olson,Approved,390-963-7149x009,Rodriguez LLC,Critical Disease Specific Plans,1977869d-3710-4b2b-b0a6-46e621359510,Family,2025-04-03,66372,682,2024-08-13,2025-06-14,GB17KPLX50793816978233,9b9a8397-82f2-4a9a-a207-feeec2e3da88,Jennifer Smith,"313 Michael Plains Suite 419 West Vernon, NV 38336",(668)589-5108x74577,kristensanchez@example.com,Yes,2024-02-05,7607,Yes,Senior Citizen Health Insurance Plans
d30005b1-e2e3-4e32-95ca-0a5115324ed1,CPT-15250,Annually,a84cdc9f-7c10-486e-b2e4-7a0c4b2e7b9d,61157,Dylan Jones,Ramirez LLC,Sound try move beautiful sometimes open man.,Check wonder recognize grow state fast without back.,Perform a low language.,30534,Ramos-Bryan,Approved,583.658.2864x6875,Miller Inc,Maternity Benefits,d6ff8347-a794-4681-a550-cdae5785ec85,Family,2024-03-01,65628,726,2023-09-23,2024-08-09,GB94NJQE78521116076899,fdf84e8a-f74e-45dd-b723-f13962893edf,Colleen Hunter,"9558 Sanchez Villages Apt. 019 Matthewmouth, CA 42775",001-599-649-0875x40547,reidkatherine@example.com,Yes,2020-01-04,2465,Yes,Senior Citizen Health Insurance Plans
2fbd250c-6f45-4c5e-b48c-cc16dfb22ffd,CPT-79761,Annually,b7023b5f-a19e-4b54-b9d6-7bcfa4923d0b,62592,Alexander Williams,Walker and Sons,Follow rule better trade.,Cultural quality space else.,Cold agree company drop.,19637,"Hale, Martin and Wilkerson",Approved,(888)771-5395x04864,"Fisher, Alexander and Reynolds",Critical Disease Specific Plans,eebaa906-77b8-4524-9cbc-cff8f1e63be7,Individual,2023-04-25,75268,960,2023-02-25,2023-05-09,GB80QRWV61048766771274,cbf477c6-2ca6-4f04-ac33-c2cf53e9cc3a,Ryan Kent,"55296 Colleen Walks Ronaldview, VA 71608",633-441-8661x83237,norr@example.net,Yes,2021-01-01,8980,Yes,Senior Citizen Health Insurance Plans
724cc425-ef9f-48fb-a569-cc367573b821,CPT-84824,Quarterly,dffee375-42e5-4f7c-b2ca-2ec6a03c9260,52450,Stephanie Mann,"Li, Mann and Anderson",Billion apply pass its charge author exist.,Growth catch model bill build right son.,Training marriage Congress open media seek.,38522,Herrera-Oneill,Approved,(630)560-8441,Blanchard-Love,Maternity Benefits,ffc719a9-004d-46cc-a8c1-4c6e0a93ebca,Family,2024-07-21,69461,658,2024-01-11,2024-12-11,GB36MIMQ59931585210271,c5c38a87-1cb4-47d9-83c8-4ff8a493e32c,Rhonda Chavez,"21373 Paula Island Marychester, MP 23276",245.434.9507,falexander@example.net,Yes,2020-04-14,5685,Yes,Senior Citizen Health Insurance Plans
fa76d548-59a6-4ed8-a245-03b046ae9af8,CPT-58242,Annually,bccfb5c7-fe88-424e-9a35-ac02fa202c37,24215,Kevin Dominguez,Murphy PLC,Reason president picture able less.,Detail piece put indicate order.,Themselves them determine whether.,62179,"Browning, Medina and Hanna",Approved,7845763550,Reid-Clark,Maternity Benefits,34659b9d-08ac-43d8-b99d-b491d3f0051a,Family,2020-11-17,45413,107,2020-11-06,2021-01-03,GB75ILXD00511668602502,ba6d9bb0-ca70-4380-a650-853a9d18b5be,Deborah Yang,"7597 Scott Shore Suite 437 New Dustin, WI 70916",719-399-5589x1338,cbrown@example.com,Yes,2022-02-05,6289,Yes,Senior Citizen Health Insurance Plans
9e8f7d92-f943-4f22-a0aa-69b410eef9f0,CPT-43749,Quarterly,26f55b8d-ab58-46fd-aa15-dd70a34182fa,23190,Holly Johnson,Gonzalez Inc,Born action stock chair stock whom.,Seek statement study happen daughter your school.,Scene teach Congress difficult would.,40025,Parker-Taylor,Approved,001-234-633-6318x23063,Zuniga Group,Critical Disease Specific Plans,f029bef7-33f3-4deb-ad1d-cc2f53a295a8,Individual,2025-02-07,29546,809,2024-08-03,2025-05-22,GB66KTAL20580971960269,f930f421-b4c5-4ea2-9083-d6fca52dfbbd,Philip Parker,"8681 Tanner Burg Suite 954 Pamelastad, WV 23571",234.920.8440,amanda17@example.net,Yes,2023-11-29,5663,Yes,Senior Citizen Health Insurance Plans
