Provider ID,Procedure codes/CPT Code,Billing frequency,Patient ID,Total amount,Doctor,Hospital,Diagnosis Report,Discharge Summary,Prescriptions and Bills,Hospital Bills,Insurance Company Name,Fraud history approval/rejection status,Contact Details,Network Partners,Benefits,Policy Number,Policy type,Renewal Date,Claim limits,Premium amount,Start Date,End Date,Bank Account,Policy Number (Claim),Policy Holder Name,Address,Phone Number,Email,Covered,Hospitalized Date,Treatment expenses,Claim Documents Submitted,Policy Name
96afec6d-5ee7-4a43-86eb-1a092518158b,CPT-41590,Monthly,6d0e4ecb-4e17-4cf2-9d22-bf9197a4fd3d,16199,Dr. Devin Sharp,Pierce Inc,Treatment: Assessed pre-surgery and provided comprehensive eye care instructions.','Admission Start Date:15-09-2020; Admission End: 09-03-2023; Treatment: Treatment: Assessed pre-surgery and provided comprehensive eye care instructions.'',Hear continue there natural get spring policy.,92799,"Cooper, Tucker and Wolf",Rejected,479-995-5379,Miller-Rodriguez,Includes Yearly Medical Check-Ups,ea0c8ba0-c9a3-4bbf-92a4-ffdb7d4779b6,Individual,05-10-2022,24272,252,04-05-2020,01-04-2023,GB43XHGT58158191748201,ea0c8ba0-c9a3-4bbf-92a4-ffdb7d4779b6,Jessica Crawford,"338 Riley Drives Apt. 151 North Adamton, UT 22583",486.806.5676,douglasdawson@gmail.com,No,15-09-2020,4083,Yes,Comprehensive Health Plan
8e8088c2-a9a9-4bad-825b-3dbb08e98a2c,CPT-45081,Annually,7f61f33e-8e1d-4b47-b45f-527e1476411b,62049,Dr. Brittany Clark,Velasquez-Russell,Treatment: Performed cataract removal and implanted intraocular lens.',Parent modern nor. Often answer top world.,Reach candidate agreement continue lead.,7317,Fitzpatrick-Harmon,Rejected,903.501.2626x3452,Thomas and Sons,Includes Yearly Medical Check-Ups,8541ac7e-b054-45a6-aabf-9f0e5f07c0c0,Family,30-10-2024,17931,327,07-07-2024,13-06-2025,GB51QLSC85496589922952,8541ac7e-b054-45a6-aabf-9f0e5f07c0c0,Jeremy Alexander,"878 Michael Corner Suite 220 Dustinchester, WV 97378",001-167-110-7716x060,jromero@hotmail.com,Yes,06-05-2022,8146,No,Comprehensive Health Plan
d6986e5b-21b6-4035-a32f-9dbfb2f7271e,CPT-32171,Quarterly,9b9800da-328d-4af9-b179-d5f7bcdcee5c,67664,Dr. David Garcia,"Johnson, Carpenter and Bryant",Treatment: Provided counseling for mental health support.',Job book full several ask until.,Throw question this case player.,76808,Suarez Group,Rejected,+1-149-983-3469x725,Scott-Porter,Cardiovascular Health,e303b8ac-fd53-4c60-a6dc-f4d8d214d102,Individual,01-03-2025,62510,985,17-04-2023,12-04-2025,GB11ZHCV85329454566504,e303b8ac-fd53-4c60-a6dc-f4d8d214d102,Jennifer Davis,"842 Smith Forges Apt. 290 Port Stephenfurt, HI 44446",5208759755,gwatts@warren.org,Yes,12-09-2023,1577,No,Senior Citizen Health Insurance Plans
12eef947-383e-45c2-9086-c273ad9ed9ab,CPT-87680,Annually,5c044d1d-3bcb-4cbb-afe5-8428b996f93a,3184,Dr. Gerald Lawrence,Luna and Sons,Treatment: Provided intravenous fluids and electrolyte therapy for severe dehydration.',So build common ever sound.,Financial at necessary focus.,13298,King and Sons,Approved,001-162-181-2632x9148,Ross LLC,Protection from Growing Medical Expenses,b8d77dec-af32-46df-8ed2-eff1690b4232,Individual,29-06-2024,7287,471,09-05-2024,11-04-2025,GB05LSJZ90871463953227,b8d77dec-af32-46df-8ed2-eff1690b4232,Courtney Rios,"989 Malone Isle Bowmanberg, CA 45947",924-511-1389x878,morganbenjamin@ramirez.com,No,27-04-2020,914,Yes,Senior Citizen Health Insurance Plans
f541aa3d-861e-4f58-89d8-3a20a3d33a98,CPT-10372,Monthly,cd7a4a4a-2147-402b-88fd-8066d2105674,12340,Dr. Dean Roberts,"Watson, Grant and York",Treatment: Conducted routine check-up and prescribed vitamins.',Body quite purpose avoid others hold.,Or want school beat network participant create.,74641,Cunningham Group,Rejected,-5149,"Mason, Byrd and Ramirez",Maternity Benefits,acf71840-e376-4191-b84e-85113b5fc179,Corporate,04-09-2023,82965,54,11-09-2021,10-01-2024,GB78SEFX78424850386536,acf71840-e376-4191-b84e-85113b5fc179,Joseph Duran,"215 David Mission Munozburgh, MI 72436",329.119.7203x33671,ccopeland@carlson.net,Yes,04-01-2025,5038,Yes,Comprehensive Health Plan
f4ebc8e7-075e-493f-983c-51412217ef5b,CPT-59929,Monthly,03e0a4ae-aee1-45ff-bb21-0a4cb6bdbd83,62624,Dr. Zachary Clark,"Wallace, Gonzales and Patterson",Treatment: Conducted surgical intervention for lung cancer patients.',Forget scientist view mention structure. Reality deep way listen young.,Standard seek discover method without federal.,16200,"Mason, Hart and Pena",Approved,(100)560-8801,"Hamilton, Williams and Bell",Includes Yearly Medical Check-Ups,768a6796-242d-4bfa-812e-64e1c7483604,Corporate,26-09-2022,49704,613,17-08-2020,04-04-2023,GB79EHLG11823735489622,768a6796-242d-4bfa-812e-64e1c7483604,Johnny Hess,"293 Brett Locks Suite 742 North Jeremy, FL 72797",445-581-5324x519,huntereric@yahoo.com,No,08-07-2024,295,No,Senior Citizen Health Insurance Plans
60193da5-085c-4642-b987-c67b58041223,CPT-31648,Annually,aa4b01dc-5f00-4de6-a600-10ba891361f0,56322,Dr. Ashley Wilkins,"Carr, Mccoy and Larson",Treatment: Provided care for acute kidney injury requiring urgent dialysis.','Admission Start Date:02-06-2023; Admission End: 20-11-2024; Treatment: Treatment: Provided care for acute kidney injury requiring urgent dialysis.'',Note growth exactly speak raise four building.,94295,Lynch-Lawson,Rejected,031.347.5767x16458,Myers-Murphy,Critical Disease Specific Plans,9c7fb798-5a7b-4578-853f-71231fef1734,Family,26-11-2024,68878,693,25-01-2022,22-07-2025,GB90MEVX52265229391585,9c7fb798-5a7b-4578-853f-71231fef1734,Brian Phillips,"64225 Deborah Plains Apt. 718 Martinfort, WI 66595",345-182-9368,jasmineholt@blair.com,Yes,02-06-2023,9177,No,Disease-Specific Health Insurance Plans
351bdd6b-450f-4915-959a-a1cad54ce170,CPT-16711,Monthly,49b87a93-2c4c-4f36-8d37-e46bebf0719b,5051,Dr. Kylie Baldwin,Olson-Good,Treatment: Assisted with delivery and provided neonatal care.',About short shake bit inside in.,Three executive prove guy finally hand.,40308,"Green, Pittman and Webster",Approved,001-412-229-0130x76376,Melton Group,Critical Disease Specific Plans,e6ff579c-8fe4-4606-a3d3-0d9318765f22,Individual,18-09-2024,72575,931,29-07-2020,08-07-2025,GB25AQGS07246975004226,e6ff579c-8fe4-4606-a3d3-0d9318765f22,Brian Wilkerson,"770 Hunter Path Lynchfort, GA 58782",790363581,perrykenneth@richardson-gonzalez.info,No,09-08-2024,9902,Yes,Disease-Specific Health Insurance Plans
ea4595fd-25ea-4b5b-8f2d-358f533e17e4,CPT-24724,Monthly,054ed2f6-dcaf-49ac-8118-b9a54df5bd45,95948,Dr. Anna Lawrence,Carroll-Fowler,Treatment: Performed cataract removal and implanted intraocular lens.',Will before stage reality city term itself special. Less nothing those next.,Until here form need church many.,83457,Garcia-Brewer,Rejected,553.321.4058,White Group,Critical Disease Specific Plans,b3651dbf-9de3-43d4-afc0-fa6c89126baa,Family,08-11-2023,54527,738,14-04-2023,12-07-2024,GB37DHIT09079917572413,b3651dbf-9de3-43d4-afc0-fa6c89126baa,Colleen Jones,"379 Martinez Cape Suite 579 Patrickchester, WI 02474",(012)640-4341,castillopatricia@hotmail.com,No,27-12-2023,4896,Yes,Disease-Specific Health Insurance Plans
d27e8930-4b5a-42c2-b1ef-0a52c8271652,CPT-18924,Annually,f0d591f8-4f4c-4b0d-9ad1-54df8e5a0257,38673,Dr. Laura Hooper,Meyers and Sons,Treatment: Administered pain relief for post-operative recovery.',Service control customer born.,Small effect water child.,30826,Reed and Sons,Approved,3308886829,Wilson PLC,Dental Treatment Coverage,3ef03026-9f48-4031-8848-f55b33c39c75,Family,05-02-2025,91150,987,20-02-2020,17-12-2025,GB56FVRU70085971347688,3ef03026-9f48-4031-8848-f55b33c39c75,Elizabeth Lamb,"9568 Patterson Throughway Marcusville, VA 05638",2622139826,russellelizabeth@garcia.com,Yes,05-08-2024,1411,Yes,Senior Citizen Health Insurance Plans
98cf14cb-1fa6-4b17-baec-df1d82e25db3,CPT-97753,Annually,c1897ad2-6c03-41a1-86ed-6a05a5c4e306,35273,Dr. Robert Robertson Jr.,"Williams, Gallagher and Stewart",Treatment: Administered antipyretics and managed symptoms of dengue hemorrhagic fever.','Admission Start Date:09-08-2024; Admission End: None; Treatment: Treatment: Administered antipyretics and managed symptoms of dengue hemorrhagic fever.'',Approach current picture key say how meet.,79627,Lutz-Fleming,Approved,043-430-3752x206,"Stone, Rodgers and West",Includes Yearly Medical Check-Ups,4cb081b0-c87a-4ec8-8f23-3ee6eb15e4f0,Individual,27-04-2022,20144,727,13-10-2021,30-03-2023,GB88FRUD15587406829367,4cb081b0-c87a-4ec8-8f23-3ee6eb15e4f0,Rebekah Ashley,"052 Krystal Springs Lake Carolfort, NC 62195",(633)619-3160x562,yperkins@harris-colon.biz,No,09-08-2024,7631,Yes,Comprehensive Health Plan
4ab5816c-2b5a-4762-8e34-58a2f83a93ef,CPT-42026,Quarterly,d551e4b3-3f05-446d-9315-6f7cea8c96f1,97859,Dr. Ronald Smith,Lawson Group,Treatment: Administered post-operative care for valve replacement surgery.','Admission Start Date:16-01-2020; Admission End: 19-06-2025; Treatment: Treatment: Administered post-operative care for valve replacement surgery.'',Son party front small base theory.,80887,Phillips LLC,Rejected,001-566-008-3606x666,Mercer-Blake,Cardiovascular Health,ca1da786-d5ea-43f4-bd56-c1ed945729bb,Family,14-12-2024,16482,112,20-06-2024,27-11-2025,GB14OSMS75387320248635,ca1da786-d5ea-43f4-bd56-c1ed945729bb,Mr. Timothy Peters DVM,"996 Chapman Forest Suite 684 New Ryanbury, FL 09600",001-197-230-2137x290,connie77@stanley.com,No,16-01-2020,9051,No,Senior Citizen Health Insurance Plans
82e2eb07-cd88-489a-8c7c-2321697bfb0f,CPT-10644,Monthly,7c803096-503b-4d7a-b76c-5ccefdc2a079,4301,Dr. Madeline Stevens,Briggs Inc,Treatment: Managed complications of chronic kidney disease through hospitalization and dialysis sessions.','Admission Start Date:17-07-2020; Admission End: 07-11-2024; Treatment: Treatment: Managed complications of chronic kidney disease through hospitalization and dialysis sessions.'',Usually lose step around place.,44324,"Willis, May and Thomas",Rejected,863.530.7459x2044,Stewart and Sons,Eye and Vision Care,92db54ac-71e9-48b0-93d4-d278bb7405b9,Family,24-12-2024,41173,877,17-03-2024,28-03-2025,GB28LKPS37660981741006,92db54ac-71e9-48b0-93d4-d278bb7405b9,Daniel Jackson,"5891 Michelle Tunnel Heatherchester, MN 30981",623-574-1765,qbradshaw@gmail.com,Yes,17-07-2020,1511,No,Comprehensive Health Plan
a006a8ce-d2c8-4cf5-91db-0d28d073afc8,CPT-59697,Monthly,90368d4d-cb59-4900-aa18-719bdb9888cf,58256,Dr. Michael Pearson,Mendoza-Bell,Treatment: Conducted surgical intervention for lung cancer patients.',Give car reflect laugh figure blue. Experience fact bill wear decide design wait either.,Eye federal much population those later.,78479,"Burton, Lynn and Lopez",Rejected,+1-328-626-4925x57426,Williams-Clark,Hospitalisation Benefits,6c03326d-6781-4d0c-b41e-eee01ea54289,Individual,14-12-2024,59199,35,07-07-2024,07-08-2025,GB65ZPGE83345260550673,6c03326d-6781-4d0c-b41e-eee01ea54289,Jenna Lynch,"984 Long Coves Smithfurt, DE 73199",(363)895-2566x15642,ythompson@smith.com,No,03-05-2024,7619,Yes,Senior Citizen Health Insurance Plans
663a9622-35fa-469f-b2d4-2287af166c22,CPT-59089,Annually,1bc14251-f303-4542-aeea-ae98fe946ad0,87364,Dr. Laura Williams,Graham-Woods,Treatment: Managed acute pulmonary embolism through anticoagulation therapy under close supervision.',Let budget support our know two enter. Beyond shoulder high election fish machine art.,Matter pass identify activity ever off.,14774,"Long, Brown and Moreno",Approved,+1-862-662-9148x237,"Wiggins, Cox and Nicholson",Critical Disease Specific Plans,a3e345a0-54dc-4da8-bcb6-7be4fc22943f,Family,22-07-2023,98129,453,01-06-2021,22-11-2023,GB31ATGF01744956895759,a3e345a0-54dc-4da8-bcb6-7be4fc22943f,Andrea Brown,"43941 Russell Fork Apt. 734 East Lauriestad, IL 07460",429-305-7461,thomasbowman@sanchez.com,No,13-08-2021,8491,No,Disease-Specific Health Insurance Plans
7b137e92-4a91-494b-aafe-8bf8a841cad2,CPT-38880,Annually,f0d429a1-3315-4755-9e55-2a2c360fabf9,75834,Dr. Brianna Gordon,"Hernandez, Schmitt and Bradley",Treatment: Provided physiotherapy for mobility improvement.',Major need economy. Stuff before art ok particular.,Under eight help window.,82352,"Mccormick, Wilson and Hall",Rejected,001-633-472-1229,Combs-Jordan,Maternity Benefits,4be2cb51-e1d9-45c5-afe6-592313140ded,Corporate,18-01-2025,26043,106,16-06-2023,31-05-2025,GB41ZZBB49503544480950,4be2cb51-e1d9-45c5-afe6-592313140ded,Sarah Holt,"86813 Martinez Stream Apt. 541 New Michael, WA 96973",+1-658-149-3500x61617,edwardmoore@gmail.com,No,23-08-2024,8877,No,Comprehensive Health Plan
25191291-f33b-4f37-804e-8a372ca67db4,CPT-51599,Annually,02a33f4a-2f59-4213-a586-a592427aa5ee,21580,Dr. Christopher Howe,Brown-Stout,Treatment: Conducted routine check-up and prescribed vitamins.',Theory audience concern hair.,Well trouble moment film.,42674,"Williams, Huffman and Smith",Approved,(239)975-5967x6179,Keith Inc,Mental Health Care,4c36ce1d-cf44-4c19-8f24-4a4c0d0acd32,Individual,27-12-2023,24268,923,24-03-2020,06-04-2024,GB12BCKZ36619080341355,4c36ce1d-cf44-4c19-8f24-4a4c0d0acd32,Jeffrey Hernandez,"4940 Daniel Heights Apt. 286 Mikeshire, NV 09267",+1-488-900-3398x6304,aoconnor@yahoo.com,No,09-01-2025,363,Yes,Comprehensive Health Plan
7e440db2-26fd-47c3-b95e-635b92d9d596,CPT-52008,Monthly,095adc80-4c67-43d7-9d6d-b670028cb1a5,79911,Dr. Courtney Maxwell,Murray-Hall,Treatment: Conducted hospital-based monitoring for critical dengue shock syndrome cases.','Admission Start Date:02-11-2020; Admission End: 20-09-2022; Treatment: Treatment: Conducted hospital-based monitoring for critical dengue shock syndrome cases.'',Sport middle woman than discussion idea.,55247,"Oliver, Bush and Smith",Approved,018-100-9593,"Moody, Bean and Johnson",Hospitalisation Benefits,a72e5465-b857-4961-be9b-660ba2571530,Corporate,07-08-2022,42476,290,24-07-2021,18-01-2023,GB88OOSV24179680589246,a72e5465-b857-4961-be9b-660ba2571530,Robert Williams,"2200 Bruce Trace Petersside, TN 78813",(167)438-6287x94033,ydavidson@hudson.biz,Yes,02-11-2020,6198,Yes,Comprehensive Health Plan
6112fa8d-371d-4147-9872-e977b5552989,CPT-69742,Annually,c42614ce-16f0-47b1-adf4-6e0839cf8088,73686,Dr. Stephen Jackson,"Rojas, Henderson and Lutz",Treatment: Managed complications of chronic kidney disease through hospitalization and dialysis sessions.','Admission Start Date:17-09-2022; Admission End: 13-09-2024; Treatment: Treatment: Managed complications of chronic kidney disease through hospitalization and dialysis sessions.'',Debate enter require page.,2134,Morris-Davila,Rejected,(052)284-3556,Zavala-Pennington,Critical Disease Specific Plans,302ae540-aecc-48e0-87ba-f6637296ac8f,Individual,11-02-2025,35115,467,06-05-2024,15-11-2025,GB58JUAA58534346872371,302ae540-aecc-48e0-87ba-f6637296ac8f,Vincent Dillon,"59810 Melissa Mall Suite 364 Youngview, CA 33309",(814)969-9283,dorseyapril@shaffer.com,Yes,17-09-2022,3771,Yes,Disease-Specific Health Insurance Plans
a6437a07-8892-4911-8291-a5ecb7c0d3b3,CPT-22738,Monthly,1932a57e-f1d1-4e96-9f36-abda6e824ae6,68292,Dr. Doris Alvarado,"Carson, Pollard and Williams",Treatment: Managed complications of chronic kidney disease through hospitalization and dialysis sessions.','Admission Start Date:15-12-2022; Admission End: None; Treatment: Treatment: Managed complications of chronic kidney disease through hospitalization and dialysis sessions.'',Less plant thing often management concern.,22030,"Riggs, Holland and Conway",Approved,205-223-0543x46908,Owens Ltd,Maternity Benefits,12baab3c-066f-46b2-bab1-25111a5cb5f6,Family,23-04-2022,93803,503,27-10-2021,26-09-2022,GB13RRKM04818968786554,12baab3c-066f-46b2-bab1-25111a5cb5f6,Brett French,"93304 Lori Prairie Apt. 809 Perezhaven, MD 35134",812.694.9051x8464,patrick47@hotmail.com,No,15-12-2022,5964,No,Comprehensive Health Plan
4ec526e4-2500-4a62-aca8-42fd34937f15,CPT-12147,Quarterly,4008eeec-6adb-45dd-9781-9ede3b9313f4,79707,Dr. Lisa James,"Bailey, Thompson and Johnson",Treatment: Conducted hospital-based monitoring for critical dengue shock syndrome cases.','Admission Start Date:24-12-2022; Admission End: 09-04-2025; Treatment: Treatment: Conducted hospital-based monitoring for critical dengue shock syndrome cases.'',Exist hard popular he animal institution step.,62921,"Dixon, Gregory and Martinez",Rejected,(577)432-3373x12523,Butler-Rollins,Hospitalisation Benefits,09edd06e-2920-4644-a8be-0e3945c4cdca,Individual,07-03-2025,75558,178,20-02-2025,24-06-2025,GB81OQXQ64828707998623,09edd06e-2920-4644-a8be-0e3945c4cdca,Ryan Nelson,"3399 Justin Lane Port Geraldmouth, GA 97424",393.341.5069x46869,xconley@potts-hines.com,No,24-12-2022,949,No,Comprehensive Health Plan
95eca1e2-9b69-4902-b95f-4049edcafeb8,CPT-26701,Monthly,79a262d5-3df1-49ef-9129-e9a96c147901,72742,Dr. Alexander Medina,Sampson Inc,Treatment: Conducted routine check-up and prescribed vitamins.',Different I American glass part around include.,Free various yourself wide.,75953,"Ingram, Aguilar and Price",Approved,-9699,Howard LLC,Skin and Dermatology Care,85a1c458-ab2d-45a1-aa53-e2013c27179a,Individual,24-06-2023,3861,954,05-08-2022,05-05-2024,GB09ZGTP86860081181500,85a1c458-ab2d-45a1-aa53-e2013c27179a,Joseph Decker,"88822 Dominic Common Christineville, TX 72619",651.032.9882x12102,brookslorraine@yahoo.com,Yes,19-09-2023,1533,No,Comprehensive Health Plan
a7f3b2ec-02f1-40be-8500-a11cceb08088,CPT-59986,Monthly,b5316a47-9b18-4655-b555-54d0817124e7,49516,Dr. Deanna Kelly,Miller Group,Treatment: Performed minor surgery for injury repair.','Admission Start Date:20-01-2022; Admission End: 12-09-2024; Treatment: Treatment: Performed minor surgery for injury repair.'',Inside member parent bill table.,5919,"Martin, Martinez and Davis",Rejected,127.796.7980,Maddox-Roman,Mental Health Care,1190a854-fbbf-4f53-af40-74290ed94b29,Corporate,01-02-2025,21861,766,10-05-2024,21-03-2025,GB16GKSV62845485398961,1190a854-fbbf-4f53-af40-74290ed94b29,Monica Campbell,"89600 Henderson Point Lake Shawn, GA 99879",-4998,brownsandra@yahoo.com,Yes,20-01-2022,9958,No,Comprehensive Health Plan
08526263-972e-4787-ae3e-d9af5d850150,CPT-27365,Annually,0e83e44c-7694-49bc-b28e-c63891efbecd,92794,Dr. Brandon Grant,Gibson LLC,Treatment: Conducted routine check-up and prescribed vitamins.',Film enter teach number record. Break art mission seem voice.,Federal artist statement government.,25522,"Calderon, Murray and Thompson",Rejected,452.946.0211x4207,Franklin LLC,Critical Disease Specific Plans,b3b34a9a-8863-46f5-8e22-43a0ff6c9687,Corporate,26-02-2024,20716,409,26-02-2020,29-01-2025,GB64PFZW16463686838715,b3b34a9a-8863-46f5-8e22-43a0ff6c9687,Derrick Price,"61769 Alexis Rapid Suite 099 Flemingville, MN 58942",948.858.0488x32697,stephanielewis@lewis.com,No,12-06-2024,1054,Yes,Disease-Specific Health Insurance Plans
d274217e-35d1-49f7-9670-682d6fea30a7,CPT-82694,Monthly,840edcf7-9216-4863-b4f8-2316ad30f104,19248,Dr. Erin Mcbride,Newman LLC,Treatment: Hospitalized for treatment of severe asthma exacerbation with corticosteroids.',Song right contain upon international list. Resource yes former notice.,Bag condition kid away.,268,"Anthony, Schneider and Olson",Approved,001-611-037-6015x29097,"Parker, Perez and Harrell",Low-Cost Premium for Young People,246ebb50-38f4-40ef-a0c6-772a2dbbb550,Family,29-10-2024,91996,5,24-08-2022,26-06-2025,GB23OYGM78669073491261,246ebb50-38f4-40ef-a0c6-772a2dbbb550,Jessica Howard,"44399 Graham Key Suite 344 Mcintoshberg, NC 72380",594.631.4731,bburgess@hotmail.com,No,04-03-2024,7924,Yes,Comprehensive Health Plan
07fd9717-e198-4cdd-8d74-f253348a27ed,CPT-37679,Annually,508acd35-b897-41cc-a76f-ccf4ce624629,86474,Dr. Travis Simpson,"Ramirez, Oliver and Palmer",Treatment: Administered peritoneal dialysis and provided post-treatment counseling.','Admission Start Date:25-11-2020; Admission End: 17-08-2021; Treatment: Treatment: Administered peritoneal dialysis and provided post-treatment counseling.'',Oil set chair exist choose simple project.,6249,Watson Group,Rejected,510-841-8840,"Sanders, Clayton and Hardy",Critical Disease Specific Plans,d41c4822-2a1d-4886-9dd4-801795e2eaf8,Family,12-07-2021,96636,587,20-03-2020,29-08-2021,GB93XDKN44572370920511,d41c4822-2a1d-4886-9dd4-801795e2eaf8,Jennifer Thomas,"137 Brenda Stream Suite 271 Brandonville, CA 12437",001-988-293-1589,hahnbrianna@gmail.com,No,25-11-2020,6470,Yes,Disease-Specific Health Insurance Plans
83175666-a688-4225-a06b-7e23b96e6407,CPT-24740,Monthly,e0777aa4-860b-457a-8cfa-07174402ea71,38923,Dr. Thomas Stone,Ryan LLC,Treatment: Conducted hospital-based monitoring for critical dengue shock syndrome cases.','Admission Start Date:09-05-2021; Admission End: 07-01-2023; Treatment: Treatment: Conducted hospital-based monitoring for critical dengue shock syndrome cases.'',Event serious production late call for.,13327,Thompson-Roberts,Approved,(964)146-5432x539,"Rubio, Hall and Gibson",Cardiovascular Health,faa853fd-0e0f-4224-b33e-4da3b8d535de,Corporate,24-09-2022,1192,690,06-01-2021,11-01-2023,GB11VPOT67029294554385,faa853fd-0e0f-4224-b33e-4da3b8d535de,Justin Chan,"1877 Thomas Glens Suite 170 Gomezmouth, NV 74290",587.342.9557x210,adamsjanet@gmail.com,No,09-05-2021,4690,Yes,Senior Citizen Health Insurance Plans
01cea577-966e-4c01-a7e6-5a766fad4f27,CPT-55167,Annually,d8c7409f-5df5-44df-a1f8-db4455356a84,40420,Dr. Chase Brown,Moore PLC,Treatment: Conducted postpartum evaluation and counseling on lactation.',Information interview doctor ground.,Community energy mind condition weight leave.,82438,"Lucas, Rice and Martin",Rejected,370.347.9484x032,"Fisher, Jones and Hicks",Critical Disease Specific Plans,072c4d57-4369-4b00-9a5c-a73a2c43b9a4,Individual,22-09-2024,41130,716,21-06-2024,18-11-2024,GB20YNMW83369485531877,072c4d57-4369-4b00-9a5c-a73a2c43b9a4,Emily Smith,"000 Nelson Island West Maureen, PA 74939",843.300.5049x9834,nicole11@gmail.com,No,02-12-2022,5679,No,Disease-Specific Health Insurance Plans
377ac2bb-f3fd-4c48-af74-e67ebd3e76f5,CPT-39148,Monthly,051da41b-192f-4abd-8d59-ea73349c8861,71013,Dr. Tony Quinn,"Bridges, Castro and Wood",Treatment: Assessed pre-surgery and provided comprehensive eye care instructions.','Admission Start Date:10-07-2023; Admission End: 28-02-2024; Treatment: Treatment: Assessed pre-surgery and provided comprehensive eye care instructions.'',To body conference popular.,43356,"Smith, Hatfield and Barber",Rejected,464-908-7922x008,Taylor Ltd,Critical Disease Specific Plans,845786da-25ef-446f-9be2-123b6c0dbc3e,Family,17-06-2023,1974,272,06-01-2023,15-05-2024,GB82IMXP67217342572091,845786da-25ef-446f-9be2-123b6c0dbc3e,Scott Harper,"987 Sherry Plaza South Michelleborough, VT 25869",471.608.9932x7380,thomas06@gmail.com,Yes,10-07-2023,2769,No,Disease-Specific Health Insurance Plans
3022767f-ca07-41bb-a7a7-561dd4baf522,CPT-17184,Annually,19a2afb3-dea0-4682-b3c0-3d1e5bd66de9,92660,Dr. Thomas Carter,"Clark, Mann and Wall",Treatment: Conducted routine check-up and prescribed vitamins.',Chance yourself community relate side relationship forget.,There blood mother prove her.,97981,"Shea, Lewis and Leonard",Rejected,(476)057-5504x1013,"Mitchell, Salinas and Francis",Dental Treatment Coverage,c90ce872-fba6-4827-b4f1-dc079c1c8adf,Individual,26-04-2022,88406,337,01-08-2021,09-02-2023,GB57JHGG94468061272805,c90ce872-fba6-4827-b4f1-dc079c1c8adf,Stacey Green,"50986 Powell Brooks New Danielhaven, FL 75356",076-972-4426,abigailpayne@yahoo.com,No,05-06-2022,4251,Yes,Senior Citizen Health Insurance Plans
0319d8b5-78e0-41a6-8b65-799b939a7224,CPT-60934,Annually,13442022-0364-47b8-9610-209deff0dbba,53600,Dr. David Thomas,Martinez and Sons,Treatment: Assessed pre-surgery and provided comprehensive eye care instructions.','Admission Start Date:04-03-2020; Admission End: 27-07-2023; Treatment: Treatment: Assessed pre-surgery and provided comprehensive eye care instructions.'',Will conference difficult since.,19115,Hoffman-Gomez,Rejected,024-744-5349x431,Morris and Sons,Protection from Growing Medical Expenses,c013d9fb-cd64-4c3b-af5e-a769bcfed36d,Corporate,20-02-2025,87141,17,09-11-2024,08-03-2025,GB45WSPV30259803976260,c013d9fb-cd64-4c3b-af5e-a769bcfed36d,Nicholas Wilson,"02884 Stephanie Cove Apt. 048 Port Michael, OR 21593",(485)629-4533x62100,bakertammie@brown-booker.com,Yes,04-03-2020,2010,Yes,Senior Citizen Health Insurance Plans
e4368ca3-ca0e-4ebe-913a-2234483ce768,CPT-46331,Monthly,91a2dfa0-3b4c-48db-896c-172fe2634241,7624,Dr. Sandra Curtis,"Moody, Mendez and Baird",Treatment: Administered peritoneal dialysis and provided post-treatment counseling.','Admission Start Date:19-08-2023; Admission End: 17-08-2024; Treatment: Treatment: Administered peritoneal dialysis and provided post-treatment counseling.'',Future night each rock.,8149,Nielsen-Jones,Approved,340-389-5358x9505,"Kelley, Lee and Graham",Critical Disease Specific Plans,547cb4da-f694-4c46-8574-3da2f7806971,Individual,10-06-2024,24712,819,03-03-2024,30-09-2024,GB14FFYR64546786765529,547cb4da-f694-4c46-8574-3da2f7806971,Jacqueline Sullivan,"010 Edwards Knolls North Brittneyfort, NH 02176",+1-061-866-7037x29094,medinabarry@gmail.com,Yes,19-08-2023,3744,Yes,Disease-Specific Health Insurance Plans
2025898b-fc67-417a-acb3-ea01505944aa,CPT-60221,Annually,7413e5f6-c8e4-4e4c-84d6-b35957f60725,45495,Dr. Tammy House,Browning-Adams,Treatment: Conducted routine check-up and prescribed vitamins.',Surface rate carry hand. Sort staff eat east own billion.,Bad example doctor offer appear country picture.,55786,George-Castillo,Rejected,365.078.0420x40291,Davis-Stewart,Critical Disease Specific Plans,cf8b3938-06ee-4375-bbec-b419dfea9582,Corporate,18-01-2022,7725,319,22-01-2020,06-09-2022,GB32SWDZ66793582014895,cf8b3938-06ee-4375-bbec-b419dfea9582,Dr. George Carpenter,"53023 Melissa Mission Danielside, CO 28754",475394630,stephanie72@hotmail.com,Yes,15-09-2021,2066,Yes,Disease-Specific Health Insurance Plans
f94feba0-1e97-482d-b3d5-36d16e90d48e,CPT-59071,Monthly,efd087fb-92f2-472e-b838-c8a5a336d6bc,15226,Dr. Sierra Ray,"Smith, Evans and Rodriguez",Treatment: Conducted hospital-based monitoring for critical dengue shock syndrome cases.','Admission Start Date:03-11-2020; Admission End: 23-03-2023; Treatment: Treatment: Conducted hospital-based monitoring for critical dengue shock syndrome cases.'',Action visit loss name lead.,94520,Smith-Giles,Approved,427.237.8131,Blanchard-Gregory,Critical Disease Specific Plans,d1282ca3-98b0-4051-b943-f14480a63e09,Individual,04-04-2023,48132,785,01-07-2021,19-06-2023,GB18XDFI42674362544185,d1282ca3-98b0-4051-b943-f14480a63e09,Philip Mitchell,"21820 Nichols Spring Apt. 840 North Richard, DC 02411",154.947.6915,gyoung@mullen.com,Yes,03-11-2020,2881,Yes,Disease-Specific Health Insurance Plans
5147f492-5ebd-4908-8ff8-caf65be93426,CPT-22861,Annually,2c3e717d-aee8-4096-a4ce-1d2ee23875a0,8605,Dr. Brian Diaz,"Miller, Shepherd and Johnson",Treatment: Conducted postpartum evaluation and counseling on lactation.',Know buy star social night. Price option popular traditional consumer.,Trouble poor social. Paper simply case end give.,54362,"Carlson, Skinner and Ross",Rejected,(373)892-3064x9667,Ray-Buck,Respiratory Health,7a3d0795-3e57-49df-9f54-d7f9d50c7a6b,Corporate,22-07-2023,9204,410,01-05-2021,03-07-2024,GB69ZGJW65835237575960,7a3d0795-3e57-49df-9f54-d7f9d50c7a6b,Jennifer Johnson,"609 Sanchez Fields West Karen, HI 31811",(890)148-3023x500,lauratorres@proctor-thompson.org,No,28-01-2020,1273,No,Senior Citizen Health Insurance Plans
aded3d7d-3ed1-46c3-8252-cfe09c08632e,CPT-78566,Quarterly,2cc3947d-2a35-4db2-8610-9dcf5dc332cc,90474,Dr. Keith Black,Holmes Inc,Treatment: Conducted surgical intervention for lung cancer patients.',History him happy office enjoy. Room front not know nor.,Above north indeed deep easy.,70192,"Mitchell, Scott and Rodriguez",Rejected,+1-366-718-4660x42472,Sullivan-Jimenez,Diabetes-Specific Benefits,4147d5f1-3947-4ea3-bfcb-7fd830aba391,Family,02-12-2024,85553,637,30-10-2024,18-11-2025,GB33FQWS68727361924406,4147d5f1-3947-4ea3-bfcb-7fd830aba391,Denise Holmes,"146 Alexander Cliffs Apt. 335 Sarastad, RI 23312",618-745-4664x310,ptravis@buck.com,Yes,16-12-2023,7546,Yes,Senior Citizen Health Insurance Plans
c81d66c5-1503-4753-9ed5-967044fba5a6,CPT-25843,Annually,11750af9-b3e3-4877-98e2-36d19dbd69bb,88136,Dr. Scott Pena,Howard Ltd,Treatment: Provided physiotherapy for mobility improvement.',Western Democrat next ground. Science baby something.,Team best itself artist less.,63860,"Burton, Jones and Patel",Approved,+1-754-179-1117x61209,"Nelson, Lowe and Jackson",Covers Ambulance Fees,f9142259-9d15-4318-b4bf-4abd6efd73b7,Family,29-02-2024,38392,283,18-04-2020,06-01-2025,GB31GXWN54906766584874,f9142259-9d15-4318-b4bf-4abd6efd73b7,Ashlee Villarreal,"312 Cruz Mountain Apt. 308 Holand, TN 80641",(647)344-5526,greenejacob@perez.com,Yes,20-08-2022,4429,No,Senior Citizen Health Insurance Plans
5c75d486-c52c-4326-9e15-a8bb53ecc3cf,CPT-76919,Annually,b6200938-071a-43fb-8536-e14ccdedf7fb,29820,Dr. Tina Hill,"Medina, Morrison and Ballard",Treatment: Provided cardiac rehabilitation and prescribed medications for recovery.',Age arm front wonder teach kid second want.,Citizen skin college easy vote entire court.,93630,"Campbell, Chavez and Le",Rejected,+1-071-107-2921x0329,White Inc,Hospitalisation Benefits,7a1d01aa-a362-47ab-bcdf-c6417ea9fcf1,Corporate,27-09-2024,68369,69,06-12-2021,05-02-2025,GB92UVGB32433065573527,7a1d01aa-a362-47ab-bcdf-c6417ea9fcf1,Tony Jones,"122 Daniel Key Suite 539 Rodriguezshire, AZ 48603",907-698-7596x30469,smithdaniel@haynes.com,Yes,28-11-2020,5914,No,Senior Citizen Health Insurance Plans
76db5cd8-db70-4a18-be6e-9973390ca310,CPT-91787,Monthly,87150e43-24f9-4c47-bff9-98a94676dd6b,78806,Dr. Alice Wallace,Nash Group,Treatment: Assisted with delivery and provided neonatal care.',Charge spend building leader.,Relationship here wear ok.,31846,"Meyer, White and Valentine",Rejected,(994)061-7430,Wilson Group,Includes Yearly Medical Check-Ups,419b9194-bc6c-4c9c-8f27-0aa89c5109dc,Corporate,30-12-2023,48673,71,14-12-2023,24-02-2024,GB56HQLM62102847037382,419b9194-bc6c-4c9c-8f27-0aa89c5109dc,Danielle Decker,"380 Baker Mission Apt. 906 Kevintown, IN 24470",186.575.9544x399,dianaowens@hotmail.com,No,13-06-2020,2090,No,Comprehensive Health Plan
381e610a-c10f-4330-8e67-ce9347944599,CPT-53361,Annually,2360cc94-731a-4273-9e3b-99909d702991,28826,Dr. Karen Russell,"Andersen, Curtis and Friedman",Treatment: Performed coronary artery bypass surgery successfully.','Admission Start Date:12-09-2024; Admission End: None; Treatment: Treatment: Performed coronary artery bypass surgery successfully.'',Pick bad agency response win mouth nation.,20392,Jackson-West,Approved,255-319-5048x290,Jackson-Newton,Hospitalisation Benefits,e4f7842d-a4ec-42c0-9de3-4e8fa6150514,Corporate,10-11-2021,67121,563,13-03-2021,07-12-2021,GB16PRVT64174490871133,e4f7842d-a4ec-42c0-9de3-4e8fa6150514,Paul Fox,"9650 Diane River South Alexander, WV 46906",836.668.5797x479,lindajoyce@gmail.com,Yes,12-09-2024,9228,Yes,Senior Citizen Health Insurance Plans
6f1475db-c8b7-4437-8aa0-387296381d3a,CPT-73851,Quarterly,62daaf31-5f45-423a-9bcc-de6e67bd5bfb,68012,Dr. Bernard Torres,Robertson-Bush,Treatment: Administered post-operative eye drops and advised on vision recovery.',Story page well will.,Whose smile air degree.,77959,Griffin-Thompson,Approved,456.135.7073x677,Arias-Nash,Includes Yearly Medical Check-Ups,854ae5cb-3c5c-4c69-b0ab-7a69ec9da1e7,Corporate,01-11-2023,32776,966,20-12-2021,23-12-2023,GB30SXFH65615071737463,854ae5cb-3c5c-4c69-b0ab-7a69ec9da1e7,Morgan Allen,"545 Mark Meadow Mariofort, CT 22041",040-482-2679,danielle25@hotmail.com,Yes,26-07-2023,8259,No,Comprehensive Health Plan
f0f5f3f1-9dc9-4263-b063-dfa45e15b884,CPT-62895,Annually,5543c59c-3176-4d3d-b097-547564f34387,91482,Dr. Jennifer Singleton,Olson-Miller,Treatment: Provided ventilator support for respiratory failure caused by severe pneumonia.','Admission Start Date:22-05-2022; Admission End: 04-03-2025; Treatment: Treatment: Provided ventilator support for respiratory failure caused by severe pneumonia.'',Example almost skin blue I speak my.,5664,Hamilton PLC,Rejected,624.294.5945x1855,Torres-Long,Low-Cost Premium for Young People,9c22b981-c05a-4ce7-b359-8bbca0475f16,Individual,10-12-2024,82426,476,05-05-2024,31-03-2025,GB16SCJW90184990413240,9c22b981-c05a-4ce7-b359-8bbca0475f16,Alexander Foster,"2817 Eric Rapid North Joseph, NJ 02994",(709)992-1117x81602,regina34@gmail.com,Yes,22-05-2022,9499,Yes,Comprehensive Health Plan
1e6ffcb1-b9bc-4880-9b2c-46bc7dd79f17,CPT-41465,Monthly,25a1fc7d-1c2a-42e6-8c1f-ac034c629129,73934,Dr. Mr. Terry Mata,Brewer LLC,Treatment: Conducted postpartum evaluation and counseling on lactation.',Student tell represent morning democratic ability agree.,Lawyer wear eight into wide model.,42890,Wood-Hayes,Rejected,031.382.5048x787,Carter Group,Protection from Growing Medical Expenses,cff45603-994d-4137-b9d8-89641b5b2fa2,Individual,20-02-2022,20307,532,30-08-2020,10-07-2022,GB30MZDU58153158583930,cff45603-994d-4137-b9d8-89641b5b2fa2,Scott Austin,"880 Hodges Hollow Suite 697 East Jeffland, RI 60812",8027531262,jose30@vaughan.com,Yes,24-05-2021,132,No,Senior Citizen Health Insurance Plans
966799b2-cf0a-48b8-874e-01597749e3c7,CPT-53632,Annually,ef72fe1d-6f14-4709-baad-15fd14e1c308,96550,Dr. Michael Anderson,"James, Walker and Knapp",Treatment: Performed cataract removal and implanted intraocular lens.',Through huge star.,Myself decade boy kid TV.,87387,Henderson-Baker,Rejected,(825)443-0444x2975,Steele Ltd,Low-Cost Premium for Young People,db6b872a-0b8d-444a-9139-b5ca07f8f265,Family,19-01-2025,48283,364,19-11-2024,23-07-2025,GB72TZWN91169069291356,db6b872a-0b8d-444a-9139-b5ca07f8f265,Pamela Howard,USS Gonzales FPO AA 92434,105.622.4979x236,lisa11@fitzgerald-alvarado.com,Yes,10-06-2021,671,Yes,Comprehensive Health Plan
26158e68-a48d-452b-866c-7b37d1d78caa,CPT-51776,Quarterly,868d8bac-107a-4a88-9484-fd0cd50c18b9,878,Dr. Miguel Vasquez,Olson PLC,Treatment: Conducted angioplasty and monitored for complications.',Item policy indicate building.,Word determine break impact fast hour culture.,73708,Ortiz-Martin,Rejected,136.400.7401,Lewis Group,Low-Cost Premium for Young People,38013230-b74c-4148-b45d-60978307538c,Family,11-11-2024,59334,449,26-06-2020,31-05-2025,GB55BTKM71634457034863,38013230-b74c-4148-b45d-60978307538c,Wesley Humphrey,"6783 Robin Radial Suite 334 Wardhaven, WV 42959",001-319-190-1879x5606,cummingstammy@henson-kaufman.com,No,28-04-2021,915,No,Comprehensive Health Plan
efbc5999-6afa-4ce8-af95-6265f728f628,CPT-16133,Monthly,afff48ed-9132-418c-9adc-d9d64c99bef0,77235,Dr. Paul Bass,Allen Group,Treatment: Provided counseling for mental health support.',Film onto face. Month hundred say.,Often forward office war light leader but.,4606,Patton PLC,Approved,-1380,Morrison-Gardner,Critical Disease Specific Plans,2035c35c-dd9f-494d-b21c-6ce3ede144dd,Family,03-08-2024,76553,852,21-06-2021,20-07-2025,GB31IDGA54702095561541,2035c35c-dd9f-494d-b21c-6ce3ede144dd,Joshua Freeman,"122 Sullivan Court Apt. 671 Lamtown, AL 84338",+1-838-302-7056x6927,mary38@hotmail.com,Yes,29-12-2021,1457,No,Disease-Specific Health Insurance Plans
6084348b-3d6b-4e91-a48d-ef305572319f,CPT-44040,Annually,bd0e0e9c-d6da-4ae4-882d-72ea400e69fa,38399,Dr. Valerie Stewart,"Solomon, Farley and Hale",Treatment: Provided physiotherapy for mobility improvement.',Four make check themselves if.,Not current own floor range.,91365,"Jimenez, Moreno and Medina",Approved,630-994-7631x15271,Hinton-Flores,Maternity Benefits,037a2f50-6efb-4499-85cb-78718e36743a,Family,04-02-2024,68823,217,06-05-2020,22-06-2024,GB88THHO43841732578402,037a2f50-6efb-4499-85cb-78718e36743a,Teresa King,"0008 Jeffrey Parks Apt. 787 Jermaineton, WV 40902",(653)646-0279x352,lutzjoshua@gmail.com,Yes,03-07-2020,3408,No,Comprehensive Health Plan
d7948f41-773b-4318-9dc6-4ab844bdd04b,CPT-83147,Monthly,a776bb15-aaad-47fe-93f6-19fa32ab5497,45525,Dr. Stephanie Rivera,Mathews LLC,Treatment: Administered post-operative care for valve replacement surgery.','Admission Start Date:14-08-2022; Admission End: 20-02-2025; Treatment: Treatment: Administered post-operative care for valve replacement surgery.'',See teacher floor.,87171,Ellis LLC,Approved,+1-170-173-3147x013,Ruiz Inc,Respiratory Health,532f33eb-b3f7-46ae-b107-77479dcf04d9,Individual,07-12-2024,67784,441,09-07-2022,14-09-2025,GB09EIVM63707414637897,532f33eb-b3f7-46ae-b107-77479dcf04d9,Joseph Irwin,"2068 Diane Stream Suite 998 Rodriguezshire, RI 52390",001-859-151-8755,kathleen89@smith.org,No,14-08-2022,3362,No,Senior Citizen Health Insurance Plans
2711c287-fb6f-4441-9129-0a0c585b9277,CPT-96813,Annually,065971d8-3255-411d-a055-86ccb3e534fe,63595,Dr. Lisa Pena,"Campbell, Johnson and Mooney",Treatment: Conducted routine check-up and prescribed vitamins.',Nothing require level work. Rock certainly door win mother production yet.,Never know free always hand growth.,81322,"Martinez, Sheppard and Watkins",Rejected,(539)638-1373,"Randolph, Mason and Roth",Diabetes-Specific Benefits,a700f77e-7ad3-485c-a72f-7f15851cb7ee,Corporate,10-07-2021,81432,162,06-06-2020,09-12-2021,GB92NAWU93253229982860,a700f77e-7ad3-485c-a72f-7f15851cb7ee,Albert Morris,"899 Gonzalez Green Apt. 449 Smithtown, OR 92226",(933)640-4021x06348,curtishardin@yahoo.com,Yes,14-11-2020,8608,No,Senior Citizen Health Insurance Plans
e47822fa-03ec-4b22-b9f5-5bf28c9616b5,CPT-32878,Annually,8b69335f-70c6-4ad2-a948-ec26d0085a48,45473,Dr. Robert Williams,Barton Ltd,Treatment: Performed coronary artery bypass surgery successfully.','Admission Start Date:08-03-2021; Admission End: 12-02-2023; Treatment: Treatment: Performed coronary artery bypass surgery successfully.'',Side deep seven present arm general court chair.,61656,Barry-Blair,Rejected,610.385.4492x1524,"Mueller, Larson and Wilkinson",Critical Disease Specific Plans,1a283488-4e03-4490-8037-10d25fb7a28d,Corporate,10-01-2024,79069,630,04-10-2023,21-06-2024,GB12WJQU34237632490342,1a283488-4e03-4490-8037-10d25fb7a28d,Jonathan Cooper,"5477 Timothy Rest Lake Lindsay, IL 49311",878.804.5206,timothyduffy@yahoo.com,No,08-03-2021,2148,Yes,Disease-Specific Health Insurance Plans
e02a9d65-7a67-41a6-9c2f-6755c86897b9,CPT-14881,Monthly,ba870726-d6d5-469a-ad2e-0ca4c6d61930,81029,Dr. Jodi Williams,"Hansen, Wagner and Miller",Treatment: Provided ventilator support for respiratory failure caused by severe pneumonia.','Admission Start Date:17-03-2020; Admission End: 16-10-2023; Treatment: Treatment: Provided ventilator support for respiratory failure caused by severe pneumonia.'',Relate determine single each.,29840,Hudson-Clark,Approved,001-598-896-2194x0639,Porter-Mendoza,Covers Ambulance Fees,520edfd2-50ce-4af6-b4d7-788821031aef,Individual,16-12-2023,9338,33,02-11-2021,14-08-2024,GB15LLZX04102731344427,520edfd2-50ce-4af6-b4d7-788821031aef,Harry Wheeler,"80262 Bennett Motorway Apt. 669 Mannmouth, NJ 55293",197.786.8967x138,katherine08@hotmail.com,Yes,17-03-2020,2394,Yes,Senior Citizen Health Insurance Plans
7fbfc8a4-ed8f-48c4-ac37-58cbe883cd0b,CPT-66729,Annually,f8fb4b23-3283-4dd6-afef-97bce64e13e2,78341,Dr. Dawn Vaughn,Hunter PLC,Treatment: Managed complications of chronic kidney disease through hospitalization and dialysis sessions.','Admission Start Date:01-08-2024; Admission End: None; Treatment: Treatment: Managed complications of chronic kidney disease through hospitalization and dialysis sessions.'',Firm everyone that. Such our cut condition guess.,12367,Carter Inc,Approved,(280)674-7733x986,Richards LLC,Protection from Growing Medical Expenses,f88613c3-6ef4-4b2a-998c-5946496a6ff9,Individual,23-12-2021,19632,819,02-07-2021,27-11-2022,GB59LOCN55419783429144,f88613c3-6ef4-4b2a-998c-5946496a6ff9,Carla Miller,"9427 Stephanie Haven New Amanda, VA 89349",659.615.7587x13496,davidbaker@gmail.com,Yes,01-08-2024,2141,Yes,Senior Citizen Health Insurance Plans
a175bf85-aa4a-432d-9a8f-1821f4e2d0fe,CPT-72414,Quarterly,fb7cac26-0284-423b-adf3-c862bf42f636,2995,Dr. Amanda Williams,"Perkins, Smith and Rodriguez",Treatment: Conducted angioplasty and monitored for complications.',Step model rise fire. Carry ground her music.,Center ten and carry card rich executive.,61189,Carter-Sanford,Approved,+1-919-445-0752x581,"Owen, Curtis and Davidson",Mental Health Care,a8c08b3b-d1a7-4ef7-be0e-d6828b2ac957,Individual,10-02-2023,77194,683,09-12-2021,19-07-2023,GB75QGYF28985989865751,a8c08b3b-d1a7-4ef7-be0e-d6828b2ac957,Katherine Taylor,"346 Margaret Via South Luis, FL 06095",+1-561-400-0162x7072,aleon@moore.com,Yes,19-02-2022,8620,Yes,Comprehensive Health Plan
13a31ddc-c48a-48db-9c6c-52e5e38a627d,CPT-32643,Monthly,26c8c550-c8c5-406c-83de-3955dd086eb6,65697,Dr. Nathan Lopez,Freeman Ltd,Treatment: Provided ventilator support for respiratory failure caused by severe pneumonia.','Admission Start Date:09-03-2022; Admission End: 12-05-2024; Treatment: Treatment: Provided ventilator support for respiratory failure caused by severe pneumonia.'',Former business style player produce manager TV.,24778,Tucker-Skinner,Rejected,077-091-1163,Schneider Inc,Critical Disease Specific Plans,e8d59767-e971-4097-9725-d3aa32a7b3b2,Individual,14-07-2024,45457,549,13-09-2021,13-12-2024,GB22EFQY32018609133515,e8d59767-e971-4097-9725-d3aa32a7b3b2,Adam Higgins,"81777 Christina Walk East Ian, MS 49676",448.145.6091,leblanclogan@morris-graves.com,Yes,09-03-2022,2534,Yes,Disease-Specific Health Insurance Plans
14f450bb-5f96-459b-9600-d7a12463589f,CPT-72242,Annually,8367d7d9-6309-4764-91d7-e6771f50a718,59500,Dr. Shawn Rowland,Nichols-Hunter,Treatment: Assessed pre-surgery and provided comprehensive eye care instructions.','Admission Start Date:28-08-2022; Admission End: 12-11-2023; Treatment: Treatment: Assessed pre-surgery and provided comprehensive eye care instructions.'',Director light by.,84716,Crawford Group,Approved,+1-096-155-6635x7150,"Rodriguez, Duke and Ayala",Covers Ambulance Fees,e949d665-5c5b-49ef-9e7d-8af69cbac59d,Family,29-04-2023,52192,933,09-11-2020,08-02-2024,GB91CXVS95789433148117,e949d665-5c5b-49ef-9e7d-8af69cbac59d,Douglas Smith,"54683 Hart Station Apt. 110 West Amyburgh, VA 23316",184-187-3725,vsherman@hotmail.com,Yes,28-08-2022,8985,No,Senior Citizen Health Insurance Plans
5b160f42-e09c-41e2-90f4-8934bcdef839,CPT-21944,Monthly,f76c46ef-7c71-44e8-9423-a0a89425bc5e,5414,Dr. Andrea Martinez,Robinson PLC,Treatment: Managed complications of chronic kidney disease through hospitalization and dialysis sessions.','Admission Start Date:30-04-2020; Admission End: 28-08-2023; Treatment: Treatment: Managed complications of chronic kidney disease through hospitalization and dialysis sessions.'',Fight game wind which.,38781,Robles Group,Rejected,(152)124-2046x7336,Smith-Robinson,Low-Cost Premium for Young People,9ab26f92-12e4-4078-a1ad-7cb960825ee0,Individual,19-01-2024,27214,40,24-08-2023,29-01-2024,GB39KUDE14528228174679,9ab26f92-12e4-4078-a1ad-7cb960825ee0,James Strong,"931 Brown Via Suite 185 West Paigeport, AL 54383",5723974858,carlos16@hotmail.com,Yes,30-04-2020,515,Yes,Comprehensive Health Plan
3e25c115-69a6-4b2b-ae68-ece07a5b28a8,CPT-32725,Monthly,36bf4e40-efcf-4d15-9398-11848bf3ce33,6343,Dr. Amanda Gibson,Grant and Sons,Treatment: Managed acute pulmonary embolism through anticoagulation therapy under close supervision.',Main should you edge appear central those reflect.,The fact answer agent feeling road.,42185,Moore Inc,Rejected,001-953-989-9730x7223,Edwards Group,Critical Disease Specific Plans,c741b5fd-73df-4cdf-911b-270784ec5951,Family,21-12-2024,57477,55,21-06-2024,20-05-2025,GB78YEPP25379229241755,c741b5fd-73df-4cdf-911b-270784ec5951,Kaitlin Smith,Unit 5660 Box 9983 DPO AE 57880,837.655.8874x0335,john18@yahoo.com,No,24-02-2022,3033,Yes,Disease-Specific Health Insurance Plans
6e4a86e8-8aff-4b81-b233-32e678890a5b,CPT-62205,Quarterly,04414c4e-e24a-48a2-8ff8-70616c372ce5,69750,Dr. Patricia Simon,"Hunter, Cabrera and Rivera",Treatment: Provided care for acute kidney injury requiring urgent dialysis.','Admission Start Date:18-01-2021; Admission End: 05-06-2022; Treatment: Treatment: Provided care for acute kidney injury requiring urgent dialysis.'',Voice arrive hair inside he face.,25145,Moore Ltd,Rejected,(598)767-4676,"Robinson, Martin and Vasquez",Maternity Benefits,89f51b85-ef9f-4a0e-9bd5-26b70b5e4695,Corporate,03-06-2022,99944,329,07-12-2021,18-09-2022,GB34UUJW63887433489888,89f51b85-ef9f-4a0e-9bd5-26b70b5e4695,Brenda Warren,"6375 Scott Avenue Suite 426 Port Derrick, IA 46769",001-737-910-1875x264,melissa50@austin.org,Yes,18-01-2021,8414,Yes,Comprehensive Health Plan
26d65cba-5bab-4622-bb58-be29c379166e,CPT-13727,Quarterly,473600e0-6e3f-4aa1-810c-f3547a11788c,53452,Dr. Patrick Forbes,Mcneil-Wilson,Treatment: Administered pain relief for post-operative recovery.',Sense pay remain book each.,Section as include green parent total.,17300,"Graham, Lee and Harvey",Rejected,574-734-1635,Carter-Cunningham,Cardiovascular Health,9fdf22a9-db36-4301-96aa-11d30c624c28,Family,25-02-2025,63798,311,03-02-2025,01-11-2025,GB72YIHL59743243295564,9fdf22a9-db36-4301-96aa-11d30c624c28,Alejandra Allen,"753 Thompson Ridges Port Selenaville, CA 83059",306.741.6357,mharris@gmail.com,No,12-04-2022,2625,Yes,Senior Citizen Health Insurance Plans
f3e7bc1f-2ff4-4f78-9705-1924c46291b8,CPT-10438,Annually,f12fa471-8c74-417a-9e2b-84b818b22c24,61434,Dr. Carl Bush,Robles-Parker,Treatment: Performed coronary artery bypass surgery successfully.','Admission Start Date:04-09-2023; Admission End: 09-03-2025; Treatment: Treatment: Performed coronary artery bypass surgery successfully.'',Beat role method. Travel method staff story.,94058,"Mills, Garza and Ward",Approved,2624221509,Garza Ltd,Critical Disease Specific Plans,1a0fef85-54d7-4c64-a0bc-8c2fefd8ae44,Family,26-02-2025,75221,232,29-10-2023,24-03-2025,GB89LZXW83160648888335,1a0fef85-54d7-4c64-a0bc-8c2fefd8ae44,Ruben Marshall,"110 Hayden Meadow Apt. 028 Meganberg, NM 58838",(484)527-0501x19044,christiandavid@hernandez-austin.com,No,04-09-2023,3858,No,Disease-Specific Health Insurance Plans
e6d808d7-cd22-44ae-8ad8-ae74b149b967,CPT-51170,Quarterly,4d488ed5-98b1-476c-945b-3321ee360dca,67107,Dr. Jeffrey Kerr,Barton-Simpson,Treatment: Administered antipyretics and managed symptoms of dengue hemorrhagic fever.','Admission Start Date:18-01-2023; Admission End: 07-10-2023; Treatment: Treatment: Administered antipyretics and managed symptoms of dengue hemorrhagic fever.'',Society ground data billion office behind.,94120,"Hartman, Clark and Manning",Approved,2797240245,Moore-Stephens,Skin and Dermatology Care,0073804d-bacc-4439-b456-1ee16e533aae,Individual,06-05-2023,1733,408,13-01-2021,29-11-2023,GB80UZDK43170819181278,0073804d-bacc-4439-b456-1ee16e533aae,Jason Newton,"PSC 1824, Box 1604 APO AP 79072",(506)579-9259x207,rruiz@yahoo.com,No,18-01-2023,6319,Yes,Comprehensive Health Plan
f8931a70-b688-44be-9866-7eff503b004a,CPT-64865,Quarterly,003be4fc-61ed-4367-b956-94ff50abefde,17827,Dr. Linda Castillo,Edwards-Washington,Treatment: Vi',Play run civil law hour hair.,Talk feeling performance charge plant.,42938,Calderon-Herrera,Approved,367.746.6596x2289,Johnston and Sons,Critical Disease Specific Plans,f3f59d75-c916-48ad-82e4-2e8834b21b99,Corporate,16-03-2024,63840,288,24-06-2023,15-04-2024,GB05PONB26817794897258,f3f59d75-c916-48ad-82e4-2e8834b21b99,John Rios,"424 Kathryn Islands Apt. 720 Gordonmouth, AL 23249",817.586.8895,sclayton@gmail.com,No,25-07-2021,2091,No,Disease-Specific Health Insurance Plans
cca70385-a76a-41ea-b1aa-25db0a92bded,CPT-24659,Quarterly,0ce76337-aa02-4be7-a683-dfc85e647048,46812,Dr. Mary Huynh,"Kelly, Yates and Stevens",Treatment: Administered post-operative care for valve replacement surgery.','Admission Start Date:21-06-2023; Admission End: 04-02-2025; Treatment: Treatment: Administered post-operative care for valve replacement surgery.'',Design southern more environment example.,12453,Anderson PLC,Approved,001-453-713-4115x719,Roberts-Hooper,Critical Disease Specific Plans,5f6741a6-03f3-4fdb-823b-da03fe8ab10a,Corporate,17-10-2024,62106,440,14-03-2021,08-06-2025,GB11GQCW84342782533927,5f6741a6-03f3-4fdb-823b-da03fe8ab10a,Sharon Holmes,"094 Elizabeth Burgs Suite 277 Brownberg, ID 35204",001-735-873-4342x612,nicholaspacheco@bowers.com,Yes,21-06-2023,76,No,Disease-Specific Health Insurance Plans
514e1eda-5d06-47af-9348-4273d4cc930e,CPT-94142,Monthly,d11f63cf-c36a-4cc0-a849-223c2a4314c3,86246,Dr. Heather Collins,Duncan PLC,Treatment: Provided prenatal care and routine ultrasound monitoring.',Agent large set ten rock avoid standard.,Authority star carry general.,35990,Wilson Group,Approved,001-029-369-4508x9007,Perkins-Schultz,Critical Disease Specific Plans,3551057c-d504-40bd-8cdd-cc2419f32260,Corporate,03-05-2022,21326,498,26-12-2021,23-08-2022,GB93SQOM46846994079624,3551057c-d504-40bd-8cdd-cc2419f32260,Luis Harper,"69232 Johnston Fields Apt. 502 Allisonfurt, MD 05727",319.027.7090x73259,elizabethcarter@romero-lowe.com,Yes,04-07-2022,7164,Yes,Disease-Specific Health Insurance Plans
a21315c4-a2ae-474a-8cbc-1b81c9bb4cdd,CPT-12699,Monthly,63e873d9-21c2-4bb2-9a81-20b9e6cb7f84,44714,Dr. Tara Kelly,Wright-Olsen,Treatment: Performed coronary artery bypass surgery successfully.','Admission Start Date:05-07-2021; Admission End: 19-08-2023; Treatment: Treatment: Performed coronary artery bypass surgery successfully.'',Alone oil address majority parent.,85430,"Campbell, Poole and Perry",Rejected,(925)239-6744x57018,Johnson and Sons,Respiratory Health,cedf98e2-e47a-40ba-8893-6c809235d418,Family,23-01-2025,93079,953,11-04-2024,08-09-2025,GB38BLNN16936386870255,cedf98e2-e47a-40ba-8893-6c809235d418,Katherine Wagner,"1390 Davis Oval South Larry, VA 60779",(557)893-6457x1840,hannahmorris@hotmail.com,No,05-07-2021,5217,Yes,Senior Citizen Health Insurance Plans
abc6af3a-0962-481d-9040-9d1fe7e0d19a,CPT-59057,Monthly,10efe9ff-f4a3-4051-ae05-f2f5b6ce9e29,39317,Dr. Michael Cruz,Huff-Ferguson,Treatment: Conducted routine check-up and prescribed vitamins.',Concern it poor best civil little speak six. Baby late never pattern especially.,Past arrive heavy weight.,64400,Lawrence-Wilson,Rejected,(056)714-4932x4008,Tyler Ltd,Eye and Vision Care,a2c8ab62-aaab-4203-9bd4-7ba3122b8251,Corporate,18-08-2022,56127,934,05-11-2021,08-08-2023,GB64OYKF26348873528732,a2c8ab62-aaab-4203-9bd4-7ba3122b8251,Daniel Spencer,"488 Mendez Manors Suite 663 Port Nicholasland, MD 44808",(331)449-0432x1501,courtney07@moore.biz,No,06-12-2024,4516,No,Comprehensive Health Plan
c4296fb1-086f-4446-88b7-86b7ddc4c021,CPT-84848,Monthly,e91ec944-0d57-460e-9bc6-afc79f87ae5e,15672,Dr. John Prince,Weaver Inc,Treatment: Performed hemodialysis for renal failure with continuous monitoring of vitals.','Admission Start Date:18-01-2024; Admission End: None; Treatment: Treatment: Performed hemodialysis for renal failure with continuous monitoring of vitals.'',Minute of author light range order practice.,46486,"Weaver, Webb and Patrick",Rejected,114.050.6545,Daniels-Reed,Skin and Dermatology Care,80a0dc1d-d646-4208-8da4-94c25717ad4b,Family,28-11-2021,64011,679,22-08-2020,11-01-2022,GB08MYRN65530520102263,80a0dc1d-d646-4208-8da4-94c25717ad4b,Eric Rodriguez,"95797 Chen Walk Apt. 361 West William, NV 68348",155-622-9882,megan02@gmail.com,Yes,18-01-2024,7185,No,Comprehensive Health Plan
0de5e957-4ed6-4b71-a560-73c3c0cca39c,CPT-28517,Monthly,51d7820d-7df1-4b46-a725-27c10da20021,97026,Dr. Brittany Spencer,"Rodriguez, Payne and Cruz",Treatment: Performed hemodialysis for renal failure with continuous monitoring of vitals.','Admission Start Date:11-09-2020; Admission End: 12-05-2024; Treatment: Treatment: Performed hemodialysis for renal failure with continuous monitoring of vitals.'',Despite seek song. Ten scientist weight start.,88732,"Martin, Green and Reynolds",Approved,001-792-201-2185,Mckenzie Group,Maternity Benefits,cb021aa9-81f9-40b8-bab9-24082898a85d,Family,26-06-2024,51666,280,13-04-2020,28-08-2024,GB66RPVU15572031408445,cb021aa9-81f9-40b8-bab9-24082898a85d,Robert Dickerson MD,"2313 Johnson Ways Oliverbury, CO 96873",+1-357-499-3547x5387,byrdsarah@montgomery.com,No,11-09-2020,274,No,Comprehensive Health Plan
5ba08a37-97f2-4ff4-954f-79bae6848072,CPT-44630,Quarterly,c7267390-fb19-4efb-8665-caa4f8f55f3f,99531,Dr. Jacqueline Sanchez,Ali-Turner,Treatment: Conducted routine check-up and prescribed vitamins.',When force build Congress task available practice break.,Court six key treatment.,34894,Matthews PLC,Approved,(371)995-4392x08027,"Hartman, Reid and Gallagher",Critical Disease Specific Plans,00ecc940-d70b-42df-b3fa-e619ceedf85a,Individual,16-06-2023,65939,636,30-04-2020,13-09-2023,GB23BKYQ96593485060932,00ecc940-d70b-42df-b3fa-e619ceedf85a,Nicole Hale,"17810 Teresa Roads Suite 355 Russellborough, NY 11324",+1-156-142-7149x4103,markfletcher@gmail.com,No,21-11-2023,5551,Yes,Disease-Specific Health Insurance Plans
6c3a0041-719e-4a57-a661-a7642e77a4d1,CPT-70565,Monthly,a5a83eab-2e63-48b4-83c9-7269f7d4c380,3576,Dr. Tiffany Vazquez,"Estrada, Mccann and Donaldson",Treatment: Managed acute pulmonary embolism through anticoagulation therapy under close supervision.',President market language recently tend. Society business rather join allow play information.,Maybe city either range.,64778,"Porter, Turner and Key",Rejected,912.019.3410x240,Prince-Espinoza,Critical Disease Specific Plans,277d5b48-2a71-4571-befe-4a299533725a,Family,10-02-2024,59402,89,26-05-2020,12-07-2024,GB35RGYO24606829665950,277d5b48-2a71-4571-befe-4a299533725a,Nancy Peterson,"1332 David Prairie Suite 691 New Kimberlytown, KS 79144",001-912-284-3827x033,jasonkelley@yahoo.com,Yes,30-05-2022,9033,Yes,Disease-Specific Health Insurance Plans
622a5a56-ebd6-48a9-9977-1f827b7f6dab,CPT-97426,Monthly,3bad73c4-704a-4f95-ad81-d08ed8a8bd24,3299,Dr. Gary Cox,"Suarez, Ortiz and Hunter",Treatment: Administered antibiotics for infection control.',Hard recently indicate relate what ever.,Away use sing your.,63459,"Thomas, Bell and Perry",Approved,001-748-447-7961x570,"Morales, Perez and Arellano",Includes Yearly Medical Check-Ups,ffe2eea5-567b-4271-9e9e-5c5da065bb1e,Individual,06-02-2025,58112,375,02-02-2025,16-01-2026,GB69UZVQ38451750225660,ffe2eea5-567b-4271-9e9e-5c5da065bb1e,Pamela White,"5400 Hill Port South Johnville, KY 88272",990-432-6806x228,lewisamber@page.net,No,11-08-2021,164,No,Senior Citizen Health Insurance Plans
ebafd30b-405a-4a64-8824-24fc98a7557c,CPT-93260,Monthly,3f63c725-d30f-4476-a22a-259401ce126e,10039,Dr. Kevin Perry,Galvan-Williams,Treatment: Assessed pre-surgery and provided comprehensive eye care instructions.','Admission Start Date:29-07-2023; Admission End: 20-09-2023; Treatment: Treatment: Assessed pre-surgery and provided comprehensive eye care instructions.'',Need other green college size.,63608,"Rangel, Gomez and Wade",Approved,595-278-5921x1701,Gray Inc,Critical Disease Specific Plans,9bc2c386-1962-4440-9ca1-44cacacbe113,Corporate,21-11-2022,41042,451,07-03-2021,13-10-2023,GB98PSDE70024690008840,9bc2c386-1962-4440-9ca1-44cacacbe113,Lucas Hill,"946 Elizabeth Squares Apt. 931 Lake Adriennehaven, MI 67025",347-535-3879x24147,vgarza@yahoo.com,No,29-07-2023,3373,No,Disease-Specific Health Insurance Plans
d4fc667b-2daa-40d4-9b51-a2c3463437d1,CPT-87489,Annually,76f37670-9be6-449d-891e-6f2da3233d2e,13646,Dr. Marc Harvey,Vang Ltd,Treatment: Vi',Risk measure strong like season expert. Apply pick by list large pass already.,None I accept hard interview learn time anything.,15253,Thornton-Ward,Approved,591.493.8895x2326,Gonzalez Ltd,Maternity Benefits,3419787f-eaf0-4d0f-ac5d-5dfa5198c949,Family,18-06-2021,10472,288,25-03-2020,05-06-2022,GB12VDWR43001680441627,3419787f-eaf0-4d0f-ac5d-5dfa5198c949,Ronnie Donaldson,"4874 Alison Common Apt. 240 Terribury, AK 69139",001-729-362-3554x28182,tmartinez@reed.com,No,26-01-2025,2456,No,Comprehensive Health Plan
530187ae-65d4-4172-969d-93e29686ced6,CPT-59677,Quarterly,65282ef8-eeff-4fe1-add9-cd36796cd88f,73691,Dr. Christopher Ramirez,Hicks and Sons,Treatment: Conducted postpartum evaluation and counseling on lactation.',Summer the peace begin.,My its become open.,7240,Bryan-Brooks,Rejected,(428)171-3924x45802,Evans-Jones,Critical Disease Specific Plans,29ade678-fca2-4222-a3c4-865f78e353ab,Corporate,29-01-2025,77547,484,27-11-2024,08-08-2025,GB74MJMI21977089149348,29ade678-fca2-4222-a3c4-865f78e353ab,Caitlin Mcdaniel,"3606 Deborah Burg Suite 086 Port Alexandertown, HI 20673",695.815.7945,angelawatson@hotmail.com,No,29-09-2021,3705,No,Disease-Specific Health Insurance Plans
2a033dbb-20a2-4f13-9142-c2f62add5aca,CPT-48971,Monthly,d9d0001f-8164-4728-8fad-a6d6242bbf63,26640,Dr. Steve Nolan,"Smith, Marks and Baldwin",Treatment: Managed complications of chronic kidney disease through hospitalization and dialysis sessions.','Admission Start Date:30-10-2023; Admission End: 15-10-2024; Treatment: Treatment: Managed complications of chronic kidney disease through hospitalization and dialysis sessions.'',Happy notice benefit visit like.,82170,Scott-Horton,Rejected,001-615-067-2095x300,"Jones, Rodriguez and Gibbs",Eye and Vision Care,88d2b2e2-d8b8-4b49-a5d1-a84022b8cb85,Individual,28-01-2025,19084,748,16-09-2024,20-01-2026,GB82ZGUR92673701743091,88d2b2e2-d8b8-4b49-a5d1-a84022b8cb85,April Smith,"4260 Mark Views Suite 540 Johnsonfurt, CA 51474",442-228-3317x99659,trujillojohnny@spence.info,No,30-10-2023,1928,Yes,Comprehensive Health Plan
3afe32ac-abb3-46cd-a422-6d3be91de1a7,CPT-78102,Monthly,8765e999-79f3-4c7a-a48b-c431850c656a,63002,Dr. David Lopez,Orr-Williams,Treatment: Provided physiotherapy for mobility improvement.',Miss design author around series. Agent dark even million less.,Subject young south cell us.,54619,Taylor Inc,Approved,492-613-1202x0806,Taylor-Johnson,Hospitalisation Benefits,c4a4672f-f230-419e-8fca-af93defad53b,Family,07-01-2023,11315,839,04-09-2022,10-04-2023,GB56CIDS27682727390373,c4a4672f-f230-419e-8fca-af93defad53b,Jon Johnson,"339 Michelle Cliffs Moseston, DC 79390",+1-526-856-0373x15131,oharper@gmail.com,Yes,27-03-2021,3362,No,Senior Citizen Health Insurance Plans
a135d434-bd71-4cf7-b100-b29ce99e8cb4,CPT-66351,Quarterly,df342a8e-96a9-4ca4-92df-0b47aab5f009,54401,Dr. James Mcguire,"Carter, Lopez and Larson",Treatment: Performed minor surgery for injury repair.','Admission Start Date:18-09-2020; Admission End: 21-06-2024; Treatment: Treatment: Performed minor surgery for injury repair.'',Computer international moment use wait learn.,59508,"Gomez, Fritz and Fuller",Rejected,(631)046-1787,Austin-Brown,Hospitalisation Benefits,a243e53d-ebe1-4260-9e9d-cf71050ae799,Corporate,09-11-2024,90313,486,05-09-2024,02-12-2024,GB36HXBS83475000950307,a243e53d-ebe1-4260-9e9d-cf71050ae799,Jamie Martinez,"93394 Garrison Centers Suite 232 Silvachester, LA 67190",-1445,reneetaylor@little.com,Yes,18-09-2020,9023,Yes,Comprehensive Health Plan
c9e18bb5-6272-4716-9600-a07b99a70e57,CPT-71767,Quarterly,2297edcb-36b8-4664-9676-7b18fdbd2593,97457,Dr. Derek Young,Watkins Group,Treatment: Provided care for acute kidney injury requiring urgent dialysis.','Admission Start Date:11-10-2022; Admission End: 18-01-2025; Treatment: Treatment: Provided care for acute kidney injury requiring urgent dialysis.'',Environment resource how traditional rule the.,82892,Knight and Sons,Approved,(497)250-3566,Weaver LLC,Mental Health Care,48bd7091-7928-4f31-905c-c5bf21da983a,Family,19-05-2024,95408,20,03-11-2023,03-02-2025,GB42HCFD36903927534562,48bd7091-7928-4f31-905c-c5bf21da983a,Matthew Woodard,"973 Fernandez Lane Navarroton, AK 59454",239-738-4586x6988,brianbrown@singh-porter.com,No,11-10-2022,4899,No,Comprehensive Health Plan
4e8c19c3-a71a-4bba-9658-02bfc6930f25,CPT-81096,Quarterly,a956d339-1434-4f5a-aeb2-324a17435dd1,51106,Dr. David Williams,"Orozco, Powers and Page",Treatment: Conducted angioplasty and monitored for complications.',Stage deep seat night film himself. Speak fact environmental where affect agency well.,Draw probably rule study each tonight.,73619,"Davis, Nelson and Gates",Rejected,-5460,Nelson PLC,Eye and Vision Care,fd4d5eda-5745-4b6d-aaef-ab433e0fa1c3,Individual,31-03-2024,62991,781,11-12-2023,30-07-2024,GB97QBMQ69218003336260,fd4d5eda-5745-4b6d-aaef-ab433e0fa1c3,David Fitzpatrick,"338 Christina Cliff Apt. 290 East Samantha, NM 54322",922.743.1982,pattersonmargaret@long.org,No,08-04-2020,1099,Yes,Comprehensive Health Plan
42830eb4-1df6-47ec-af76-d2b70eebe972,CPT-10678,Monthly,2d6f054a-d56f-4d62-bf58-8880d7006d9f,79622,Dr. Dale White,Savage-Lee,Treatment: Provided physiotherapy for mobility improvement.',Less product scene forward agree buy account. Sing true our always city expect.,Thank agreement score hair budget more president.,4925,Rose and Sons,Approved,+1-181-983-6910x5904,Johnson-Dodson,Skin and Dermatology Care,a2e11296-342f-46b9-a50b-892c8eeb47ba,Family,12-12-2024,44694,418,09-03-2021,12-12-2024,GB07YMFR70219812780468,a2e11296-342f-46b9-a50b-892c8eeb47ba,Tiffany Roberts,"924 Bethany Freeway Suite 231 South Dawn, SD 73654",304-626-9886,jeffreypope@cisneros-christensen.com,Yes,15-08-2022,2642,No,Comprehensive Health Plan
ef23cfb5-3183-4535-933b-728775fa2771,CPT-44749,Monthly,1f74016e-eb95-49f1-a630-5e54584f65f5,10093,Dr. Yesenia Sheppard,Williams-Phillips,Treatment: Conducted routine check-up and prescribed vitamins.',Little should up boy involve practice break. All establish seek thousand practice.,Television message Mr whom find.,21532,"Rush, Johnson and Hancock",Rejected,001-072-187-0448,Marshall Inc,Critical Disease Specific Plans,d9758aec-b363-4571-9b7b-a0efc14c9277,Corporate,01-01-2022,1874,457,20-01-2020,01-08-2022,GB61HBEZ08922758944079,d9758aec-b363-4571-9b7b-a0efc14c9277,Aaron Peterson,"9481 Angela Knolls Apt. 300 Maryfort, IN 84956",306.903.9698x286,theresaaustin@zavala-schmidt.org,Yes,16-10-2022,651,Yes,Disease-Specific Health Insurance Plans
fb7118ae-f789-483a-b15f-9da1c7e97c8c,CPT-36535,Annually,1a2c8464-5220-49cf-816b-3f53b36c17bb,37656,Dr. Sheila Nelson,Bryant and Sons,Treatment: Provided care for acute kidney injury requiring urgent dialysis.','Admission Start Date:02-05-2022; Admission End: 21-05-2022; Treatment: Treatment: Provided care for acute kidney injury requiring urgent dialysis.'',Value land threat outside north even wear.,75466,"Clark, Lynch and Everett",Approved,(404)977-8292x9259,Miller-Lowe,Includes Yearly Medical Check-Ups,cbf317ae-adff-4fad-b258-86bfdccc1c56,Individual,08-10-2021,59722,707,07-01-2020,22-07-2022,GB34TWOP45880023263141,cbf317ae-adff-4fad-b258-86bfdccc1c56,Kimberly Higgins,"192 Crystal Fords Lake Loriview, NY 12881",001-719-273-3453x0056,kimberly65@hotmail.com,Yes,02-05-2022,7328,Yes,Senior Citizen Health Insurance Plans
4c327202-b92d-456e-a18f-ad6d7aa8c901,CPT-41331,Monthly,3a29ca43-d6b4-459f-8055-f205931424ab,63492,Dr. Lisa Martinez,Calderon Group,Treatment: Assisted with delivery and provided neonatal care.',Life professional glass color middle answer.,Room us both anything only.,97177,Watson and Sons,Approved,388.399.5965,"Spencer, Green and Cole",Critical Disease Specific Plans,9f348e4c-df7f-45fe-95e9-f83d1a7a323b,Family,07-01-2023,45825,347,07-10-2022,24-12-2023,GB54NPMQ37578394449058,9f348e4c-df7f-45fe-95e9-f83d1a7a323b,Charles Lawrence,"894 Charles Ramp Brownburgh, UT 19898",(351)913-6716x19190,osborneevan@yahoo.com,Yes,30-03-2022,9499,No,Disease-Specific Health Insurance Plans
2dd7924a-72b1-496d-b209-69ce2a371cd3,CPT-36577,Annually,0d03f829-973c-4f51-8977-28878e637ae6,26777,Dr. Joshua Howard,Moore-Cooper,Treatment: Hospitalized for treatment of severe asthma exacerbation with corticosteroids.',Play Republican remember charge upon. Single enough production.,Vote nation health whose half billion conference.,62373,Hampton Ltd,Rejected,+1-509-280-9340x0978,Macias Inc,Critical Disease Specific Plans,101e9887-e8c8-4be0-a6bf-e5c32f9515e8,Family,16-04-2024,92988,353,03-03-2024,19-12-2024,GB14NSEW74739502300351,101e9887-e8c8-4be0-a6bf-e5c32f9515e8,Mallory Lewis,"7508 White Tunnel South Ashley, DE 87082",3751597654,zlee@farrell.biz,Yes,06-08-2022,628,Yes,Disease-Specific Health Insurance Plans
a0f1e434-fb38-416f-8508-98dcd0634331,CPT-26499,Monthly,439db3ff-80ab-4974-bba5-56ae41fa60a2,66829,Dr. Gabriella Peterson,Crawford-Taylor,Treatment: Provided ventilator support for respiratory failure caused by severe pneumonia.','Admission Start Date:20-02-2024; Admission End: 23-07-2024; Treatment: Treatment: Provided ventilator support for respiratory failure caused by severe pneumonia.'',Design imagine state wait perform movie.,15278,Merritt-Sherman,Approved,001-252-048-6244,Graham-Rodriguez,Critical Disease Specific Plans,62b7c186-6d3d-4baf-8d4c-3360f1aa7899,Family,29-05-2024,30064,565,11-05-2023,26-07-2024,GB87CDMS39133805721688,62b7c186-6d3d-4baf-8d4c-3360f1aa7899,Heather Smith,"557 Cheryl Plains Apt. 746 Jamestown, ND 83164",176.185.6400x68492,matthewjackson@yahoo.com,Yes,20-02-2024,1182,No,Disease-Specific Health Insurance Plans
03b41e3c-7b6e-458b-a16a-620079dbb23c,CPT-26810,Annually,781a8008-234b-4352-b1cd-2822428a4da7,84697,Dr. Janet May,"Singh, Norris and Moore",Treatment: Managed complications of chronic kidney disease through hospitalization and dialysis sessions.','Admission Start Date:18-09-2022; Admission End: None; Treatment: Treatment: Managed complications of chronic kidney disease through hospitalization and dialysis sessions.'',Property center you adult beyond strong service.,44423,Clark-Delacruz,Rejected,001-660-887-9813x95272,"Thomas, Watson and Green",Diabetes-Specific Benefits,bd43a4c3-0471-4672-8297-ba8c5bf81f4c,Corporate,28-07-2021,98286,286,28-05-2021,30-05-2022,GB37TEIA78381337670976,bd43a4c3-0471-4672-8297-ba8c5bf81f4c,Cheryl Hayden,"449 Stephanie Streets East Elizabeth, TN 42213",(432)938-2824,fergusonmatthew@yahoo.com,Yes,18-09-2022,3787,No,Senior Citizen Health Insurance Plans
6659f7f3-db83-4069-8b72-6655efae871d,CPT-86848,Quarterly,de6997b0-468a-4df9-8c6e-8a8b223e2a97,94510,Dr. Cynthia Abbott,Underwood Group,Treatment: Performed hemodialysis for renal failure with continuous monitoring of vitals.','Admission Start Date:22-07-2021; Admission End: 06-02-2024; Treatment: Treatment: Performed hemodialysis for renal failure with continuous monitoring of vitals.'',Where main property.,4600,Miles Inc,Approved,+1-818-566-4095x612,Sparks and Sons,Critical Disease Specific Plans,d997b3a5-80e0-4b23-b8a2-db862afecee8,Family,19-01-2024,21203,980,27-06-2023,03-06-2024,GB46KKRC90144768601007,d997b3a5-80e0-4b23-b8a2-db862afecee8,Sarah Phillips,"1963 Douglas Rue Suite 471 Marshallshire, FL 64162",(351)203-0351x01992,sandrapowell@gmail.com,No,22-07-2021,5765,No,Disease-Specific Health Insurance Plans
ae991059-4d9f-49b8-93d9-2dec2a281a8b,CPT-84253,Annually,292fe07d-626a-401d-acde-812029b0d319,35572,Dr. Cory Carlson,"Meza, Allen and Yates",Treatment: Provided intravenous fluids and electrolyte therapy for severe dehydration.',Hand space left item would also use year. My firm ago either.,Society science carry animal table.,87637,Estrada and Sons,Approved,503.964.7049x17405,Meyers Inc,Critical Disease Specific Plans,a4cc831b-b85b-4cc5-b957-82bc5fb3b470,Family,06-04-2023,24572,160,18-11-2021,18-05-2023,GB32PWMD82601942600617,a4cc831b-b85b-4cc5-b957-82bc5fb3b470,Laura Hall,Unit 0154 Box 9807 DPO AE 50592,001-838-763-7688,andrew20@vasquez.com,No,31-07-2021,8918,Yes,Disease-Specific Health Insurance Plans
1a483f96-71f0-4991-b17f-7090cc59e1c8,CPT-86244,Monthly,eb94146b-e4e7-4676-bd6e-ac76e5e69014,9046,Dr. Courtney Thomas,Sanchez-Mahoney,Treatment: Conducted hospital-based monitoring for critical dengue shock syndrome cases.','Admission Start Date:10-02-2022; Admission End: 23-02-2025; Treatment: Treatment: Conducted hospital-based monitoring for critical dengue shock syndrome cases.'',View inside face mention light form.,34568,"Murphy, Blackwell and Landry",Rejected,+1-985-320-5020x437,"Sellers, Miranda and Chan",Low-Cost Premium for Young People,68e2a69d-a159-4749-8926-62fcf3e37b7e,Corporate,22-05-2024,3099,441,21-11-2022,06-03-2025,GB80BYRJ30597661172531,68e2a69d-a159-4749-8926-62fcf3e37b7e,Angel Stewart,"9185 Bowen Knoll Apt. 126 West Candace, UT 69493",773-217-2538,jennifer22@yahoo.com,No,10-02-2022,2347,Yes,Comprehensive Health Plan
a9a747cf-8041-4652-b2d9-2a87b3ec7a33,CPT-65299,Quarterly,b6b633e3-8b7f-44c7-ad45-b168abacf2c7,52698,Dr. Kara Anderson,Jordan-Garrison,Treatment: Provided counseling for mental health support.',New role our enter.,Reveal employee operation ok impact wind animal.,57757,"Thompson, Jones and Hobbs",Approved,066.293.6754,Gomez-Donovan,Protection from Growing Medical Expenses,b1af4a7c-77cd-41b3-b3b0-d6d35560cf7e,Corporate,06-03-2025,28958,902,23-06-2023,14-05-2025,GB21MTRO74051039446979,b1af4a7c-77cd-41b3-b3b0-d6d35560cf7e,Emily Williams,"90588 Rebecca Valley South Ninamouth, SD 09744",364.539.3480,brittanymorse@yahoo.com,No,23-04-2021,2001,No,Senior Citizen Health Insurance Plans
609427af-35a6-45f1-9327-fcd49e13f9d5,CPT-49796,Annually,73256e86-ef4f-49ae-acf5-eebfe8aca146,13984,Dr. Jimmy Simmons,Payne-Anderson,Treatment: Administered bronchodilators and oxygen therapy for chronic obstructive pulmonary disease (COPD).',Board everyone example our available inside. Most network success word.,Social though necessary area ago south.,51435,Jimenez-Long,Rejected,(665)647-6264,"Sanders, Walker and Brady",Critical Disease Specific Plans,4f8a00e0-091e-4ba1-aff4-6493ab0247ac,Corporate,24-04-2024,60795,641,18-07-2023,11-02-2025,GB51JYND84288342668343,4f8a00e0-091e-4ba1-aff4-6493ab0247ac,Lisa Berry,"39722 Joshua Ville Melendeztown, HI 76955",204-523-0681x6476,markpearson@hotmail.com,No,09-09-2022,1247,Yes,Disease-Specific Health Insurance Plans
1f4a9193-beb7-4aca-a488-f40da345810b,CPT-11615,Annually,d18b92c4-bbbe-4dd8-9748-b301cf310a4c,4411,Dr. Daniel Jackson,Sharp Inc,Treatment: Administered supplements for maternal health and fetal development.',Type especially draw usually TV wall apply. About scene impact author thus appear.,Them best happy minute.,23985,"Barnes, Flores and Kelley",Approved,149-260-2962x29866,"Arnold, Dunn and Thornton",Critical Disease Specific Plans,852d5891-5854-4313-a8b6-fe2f2091258c,Family,15-03-2024,79799,342,20-08-2020,15-11-2024,GB97BSVH03689728220537,852d5891-5854-4313-a8b6-fe2f2091258c,Daniel Smith,"90659 Tanya Track Suite 522 New Claytonfort, VA 27912",725-129-9682x2493,rickykramer@murray.com,No,06-10-2021,7760,Yes,Disease-Specific Health Insurance Plans
e29b5d2b-679c-46e7-a9a7-acf2e8454139,CPT-95276,Annually,2604a8d8-93bc-4d62-a432-843de0c9df4a,76119,Dr. Daniel Henry,Montgomery-Cuevas,Treatment: Conducted hospital-based monitoring for critical dengue shock syndrome cases.','Admission Start Date:02-10-2020; Admission End: 01-08-2021; Treatment: Treatment: Conducted hospital-based monitoring for critical dengue shock syndrome cases.'',Learn card may exist. Close field many.,85369,Hall-Weaver,Rejected,236.067.2530,Hernandez-Powell,Critical Disease Specific Plans,7028c636-81f0-44a0-a1ea-e35573db43ca,Family,23-02-2022,57185,932,20-04-2021,04-03-2022,GB70QFAY42510532181250,7028c636-81f0-44a0-a1ea-e35573db43ca,Kimberly Morrison DDS,"484 Adam Drives West Andrew, AR 81150",1048674247,parnold@hotmail.com,Yes,02-10-2020,4768,Yes,Disease-Specific Health Insurance Plans
e2ac8aec-125f-410b-b727-3e277e73ffc9,CPT-97326,Annually,d03fc0f6-11a5-4c3f-8687-7a0fdafa3961,738,Dr. Tiffany Armstrong,Newton Inc,Treatment: Administered supplements for maternal health and fetal development.',Push experience sometimes apply high represent wish.,Way stand which city account.,96898,Walter-Mitchell,Approved,913.775.4687x5813,Dunn-Cobb,Critical Disease Specific Plans,131e52c2-ad5b-4083-ba40-59eea193869c,Corporate,03-03-2025,34926,17,27-12-2024,03-12-2025,GB05XHYO29942735428683,131e52c2-ad5b-4083-ba40-59eea193869c,Stephen Hill,"3851 Brock Lane Apt. 942 Whitestad, DE 60485",201.678.1741,anthonymorris@yahoo.com,Yes,24-01-2025,2650,Yes,Disease-Specific Health Insurance Plans
afa5453c-36bd-47ee-a892-6e454e52b44f,CPT-89805,Quarterly,67b8fa1d-8e31-4e21-b471-e120863cb03e,90596,Dr. Mr. Caleb Shaffer,"Castaneda, Lyons and Beard",Treatment: Performed hemodialysis for renal failure with continuous monitoring of vitals.','Admission Start Date:27-11-2020; Admission End: 18-04-2021; Treatment: Treatment: Performed hemodialysis for renal failure with continuous monitoring of vitals.'',Lead skill TV.,88108,"Roberts, Gordon and Fox",Rejected,617.319.8533,"Wood, Clayton and Andrews",Critical Disease Specific Plans,f50dd674-03be-410d-af07-0479ef788ebd,Corporate,22-04-2021,54277,968,10-03-2020,14-04-2022,GB24WGXS03066348066948,f50dd674-03be-410d-af07-0479ef788ebd,Daniel Jackson,"5846 Hoffman Lock East Richardton, NJ 06530",+1-726-020-8330x515,isaac90@lee.com,No,27-11-2020,8228,No,Disease-Specific Health Insurance Plans
e1cdf2c6-924e-4669-b1d0-7392cb671687,CPT-61292,Annually,454cd2d5-1f9a-484b-8e10-cc3bf28498d8,49758,Dr. Courtney Holloway,Potter-Green,Treatment: Conducted surgical intervention for lung cancer patients.',Total put put.,Threat debate who administration.,72458,Rose-Lee,Approved,(583)591-6495x491,"Conrad, Gill and Cox",Mental Health Care,1ce332c5-e713-4fc1-8a7d-5d1cbdd8896b,Family,10-02-2025,84218,841,03-11-2024,15-05-2025,GB68WMZF48741324347476,1ce332c5-e713-4fc1-8a7d-5d1cbdd8896b,Alicia York,"350 Brenda Cliff Tanyamouth, LA 16383",309.324.9372x1909,melissa47@luna-green.net,Yes,16-12-2024,8004,No,Comprehensive Health Plan
bd08562a-ba59-4fa8-9f41-2d4a13899f37,CPT-48748,Quarterly,78009134-9db4-41d0-892c-81b9fbf90534,44401,Dr. Susan Mays,Pennington-Harding,Treatment: Performed cataract removal and implanted intraocular lens.',Forward professor build try remember itself.,Catch finally similar many.,89432,Brewer and Sons,Rejected,860-313-1034,"Barry, Manning and Medina",Cardiovascular Health,8d8997a1-cde5-4dda-9866-c9094cb39e3c,Family,15-02-2025,75665,582,05-01-2025,07-09-2025,GB68LTCS87097409185527,8d8997a1-cde5-4dda-9866-c9094cb39e3c,Jeffery Brown,"067 Hernandez Bypass Apt. 021 South Michelestad, AK 26472",001-244-678-9810,yperez@fields-dalton.com,No,23-07-2024,4448,No,Senior Citizen Health Insurance Plans
17f069b3-25bc-4207-a6de-5678250c8073,CPT-19921,Monthly,c8e8b497-4010-4fb3-8b5e-e2cee9bf4ca7,91660,Dr. Robert Hood,Stuart-Johnson,Treatment: Administered bronchodilators and oxygen therapy for chronic obstructive pulmonary disease (COPD).',Hit tell local east tough environment.,Develop over play talk word.,3148,"Wyatt, Bell and Terry",Rejected,001-420-399-5250,"Cardenas, Houston and Robinson",Includes Yearly Medical Check-Ups,23e1a446-4ce1-46c1-be29-92022ad0aa1b,Corporate,03-08-2024,46785,828,22-06-2021,18-08-2024,GB22LMQX21900869489602,23e1a446-4ce1-46c1-be29-92022ad0aa1b,Mary Cannon,"692 Laura Shores Jamesburgh, NJ 14984",001-999-593-3777x9618,rachel27@yahoo.com,Yes,12-01-2024,3739,Yes,Comprehensive Health Plan
7f3911b8-f6b9-43b0-a083-dc5f503f0fb0,CPT-37856,Quarterly,192aa1b5-dec1-421f-837b-711fbd1085b0,55083,Dr. Julie Parker,Roy Inc,Treatment: Hospitalized for treatment of severe asthma exacerbation with corticosteroids.',Down study this people.,Everybody employee especially know say.,96432,Griffin-Simon,Rejected,8092284700,Henderson-Jones,Low-Cost Premium for Young People,29daf815-3d9f-4b81-86e3-9b13e084c40e,Family,04-07-2024,10681,428,28-01-2023,30-12-2024,GB83RNTR22219663389026,29daf815-3d9f-4b81-86e3-9b13e084c40e,Jesse Johnson,"6156 Michael Crescent Suite 750 Robertbury, CO 81661",175.139.1508x63226,brookemills@costa.com,No,14-07-2021,4336,Yes,Comprehensive Health Plan
1dbd0e04-7651-4721-b466-400f78bb7778,CPT-40154,Monthly,052c85e7-d7a7-474f-be48-192d33b0e504,13536,Dr. Mercedes Mcdonald,"Moore, Stanton and Cooper",Treatment: Administered supplements for maternal health and fetal development.',Sort anyone language spring arrive century.,Middle play offer company occur plan.,62620,Daniels-Beck,Rejected,001-840-391-5414x4351,Wade-Pearson,Critical Disease Specific Plans,2cd90426-a255-4ce0-b398-dbf308a55e3b,Corporate,13-04-2024,1515,602,20-11-2023,18-04-2024,GB96VXAH80296950715648,2cd90426-a255-4ce0-b398-dbf308a55e3b,Natasha Alvarez,"85758 Luis Curve Apt. 452 Garciaberg, AR 95840",9142685013,andrew52@randall-noble.com,No,04-01-2024,1819,Yes,Disease-Specific Health Insurance Plans
b8936bc8-7c32-42d6-82a9-7ee34c0bf26a,CPT-82890,Quarterly,5b04cfb9-218f-4ed6-80ff-d7715d99009c,76304,Dr. Sarah Wolfe,Hickman PLC,Treatment: Performed cataract removal and implanted intraocular lens.',Policy against word sport nice tax.,Avoid condition wall involve create miss despite.,78761,Dunlap LLC,Rejected,001-845-591-1468x972,"Malone, Wade and Martin",Protection from Growing Medical Expenses,5e8f42bd-b595-4066-9d8c-6af5b5b337b7,Family,16-10-2021,62872,409,13-09-2021,26-02-2022,GB04CCEZ60866897039220,5e8f42bd-b595-4066-9d8c-6af5b5b337b7,Johnny Hunt,"63341 Sosa Point Apt. 719 Tiffanyville, PA 03671",+1-246-669-4912x070,richardsonwilliam@patel.com,No,29-07-2022,2707,No,Senior Citizen Health Insurance Plans
6a6a0084-1564-4b6b-b612-acdb21b0f74b,CPT-36090,Annually,055947fb-9577-4d70-bcde-dc35c02c9722,45005,Dr. Tina Banks,"Thompson, Wallace and Clark",Treatment: Provided intravenous fluids and electrolyte therapy for severe dehydration.',Girl step spend theory. Us dinner of bed even.,End listen direction. Away ready power team ask.,20447,Ramsey Ltd,Rejected,426-980-7408,Ortiz Inc,Covers Ambulance Fees,de85ee21-0f2f-4593-9203-b2cc6793d20e,Corporate,14-05-2021,17642,440,06-04-2021,23-12-2021,GB52OTMH49799588671209,de85ee21-0f2f-4593-9203-b2cc6793d20e,Adam Davis,Unit 2830 Box 3180 DPO AE 03391,+1-352-717-4715x54087,gduncan@hall.com,Yes,01-09-2023,7352,No,Senior Citizen Health Insurance Plans
5c916747-22d8-4ac1-8f99-3c64994deb28,CPT-21153,Annually,e39dbe2d-1a11-46df-921f-066fa6685ac1,52856,Dr. Robert Pittman,Davis-Jones,Treatment: Provided counseling for mental health support.',Kind you thousand carry wrong surface. Left assume decide west morning.,Adult popular real change enter project off.,55635,"Rodgers, Jones and Mcintosh",Approved,876-128-7600,Mcneil Group,Mental Health Care,004d4b22-61a9-4d0c-9a3e-3550834c2c00,Individual,16-07-2021,11995,89,29-01-2020,28-02-2022,GB80MVRE17820968310687,004d4b22-61a9-4d0c-9a3e-3550834c2c00,Michael Howard,"085 Brittany Plains Suite 487 Lake Mikaylamouth, MT 56405",(912)979-7597,petersonsamuel@peck.com,No,06-09-2023,3595,Yes,Comprehensive Health Plan
471c5a6a-9d09-4cb8-92b5-d1e38e2a9acf,CPT-34620,Monthly,75b6a2d9-81ae-451a-8516-589eca0c46bd,53716,Dr. Daisy Murray,Taylor and Sons,Treatment: Administered post-operative care for valve replacement surgery.','Admission Start Date:27-05-2022; Admission End: 31-08-2022; Treatment: Treatment: Administered post-operative care for valve replacement surgery.'',Left trade television they food.,85001,Burnett Group,Approved,642.138.2792x2287,"Anthony, Ayala and Smith",Critical Disease Specific Plans,a3ae4361-e633-4687-954b-da76d530e255,Corporate,13-01-2022,44169,943,29-05-2020,26-09-2022,GB88UNSX99965588360690,a3ae4361-e633-4687-954b-da76d530e255,William Sanchez,"171 Jason Alley Apt. 730 Perryhaven, WA 30423",001-264-281-8170x68116,carol43@brown-salazar.info,No,27-05-2022,7140,Yes,Disease-Specific Health Insurance Plans
3ce661b2-6658-400c-9c41-69810baa0eab,CPT-28764,Annually,ba9a36f1-5b12-4391-ace2-3f04e4a12c2c,71947,Dr. Victoria Lane,Reynolds-Vance,Treatment: Performed coronary artery bypass surgery successfully.','Admission Start Date:06-05-2023; Admission End: 05-03-2025; Treatment: Treatment: Performed coronary artery bypass surgery successfully.'',Analysis concern hear hope member nation once.,29650,"Khan, Barnes and Richardson",Approved,001-110-016-4400x3149,Chandler LLC,Mental Health Care,46575f13-efde-47cb-866f-48a14242350b,Corporate,10-01-2025,66096,74,04-09-2024,24-07-2025,GB02HLGB52047214581789,46575f13-efde-47cb-866f-48a14242350b,Monica Nguyen,"2199 Jeremy Centers Apt. 818 Meganfort, VT 39706",628-896-8053x518,joshuaodonnell@hotmail.com,No,06-05-2023,9067,Yes,Comprehensive Health Plan
48629bb3-c8e2-4aa7-bfae-8195d6f58f40,CPT-34634,Annually,29f751aa-95ad-4753-99f2-4a461b6ef8e4,11736,Dr. Alicia Miller,"Stewart, Brown and Kelley",Treatment: Hospitalized for treatment of severe asthma exacerbation with corticosteroids.',Rise few program plant stand.,She too region fact word likely.,58706,Marsh PLC,Rejected,(058)613-8326,"Smith, Maxwell and Tran",Critical Disease Specific Plans,e4e1d76c-73bd-4e20-a2cf-a7a6e3f9f8b8,Corporate,31-08-2022,12382,662,20-06-2022,05-04-2023,GB57YLVQ26387376464744,e4e1d76c-73bd-4e20-a2cf-a7a6e3f9f8b8,John Johnson,"2241 Obrien Branch Thomasfort, GA 78983",019-388-6259,janetkline@hawkins-sims.biz,Yes,30-11-2023,1416,Yes,Disease-Specific Health Insurance Plans
bc345526-e720-4151-9d1e-f65158eda20c,CPT-48685,Monthly,cc2867b9-96e8-42fb-8897-1d4bc25afa5f,69018,Dr. Cindy Bradshaw,Johnson LLC,Treatment: Conducted surgical intervention for lung cancer patients.',Music heart woman order crime general later.,Together them way light. Be near small power.,57966,"Moore, Taylor and Mendez",Approved,(712)822-0963,Hughes-Jennings,Dental Treatment Coverage,f2d45857-2135-45c0-8839-004071ad9350,Family,09-03-2024,30110,706,13-07-2022,08-08-2024,GB57KYBX80873824478778,f2d45857-2135-45c0-8839-004071ad9350,Christopher Collins,"PSC 9399, Box 0651 APO AE 43148",001-280-244-3532,mark35@dyer-thomas.com,No,12-05-2023,3576,No,Senior Citizen Health Insurance Plans
5a85761c-3ede-4b38-a991-da8f0bf954fe,CPT-49199,Monthly,94535426-5214-4e7b-8be4-8c8ba906efbc,95716,Dr. Cheryl Miller,"Stafford, Cohen and Taylor",Treatment: Administered bronchodilators and oxygen therapy for chronic obstructive pulmonary disease (COPD).',Growth analysis professor soldier.,Hospital hour research interview explain story.,54669,"Brown, Thomas and Howell",Approved,001-735-809-3348x38452,Walker-Boyer,Eye and Vision Care,56bda995-158d-468c-8658-a40cfc335d79,Individual,26-08-2024,57452,622,20-04-2022,11-11-2024,GB26TLKQ69972394185706,56bda995-158d-468c-8658-a40cfc335d79,John Evans,Unit 8418 Box 8504 DPO AA 93467,7372646952,josephsmith@lee-davis.info,No,15-03-2024,8003,No,Comprehensive Health Plan
98525842-c676-4545-a751-6e1e5a8f51be,CPT-54005,Annually,1669f3b2-782c-44f8-ab0b-173dbfab8523,2599,Dr. Robert Saunders,Graham-Gibson,Treatment: Administered antipyretics and managed symptoms of dengue hemorrhagic fever.','Admission Start Date:02-12-2021; Admission End: None; Treatment: Treatment: Administered antipyretics and managed symptoms of dengue hemorrhagic fever.'',Already yet color.,59179,"Porter, Carey and Martinez",Approved,001-818-327-4218x9968,Wilson PLC,Dental Treatment Coverage,4597aa59-6ebe-4e19-952f-f8c09a93d1c1,Individual,09-02-2021,6612,258,16-05-2020,14-06-2021,GB50MPIU76173968649649,4597aa59-6ebe-4e19-952f-f8c09a93d1c1,Karen Tran,"7666 Nancy Springs Apt. 103 Harrisview, NC 69061",+1-592-734-8883x9460,earl47@yahoo.com,Yes,02-12-2021,3474,Yes,Senior Citizen Health Insurance Plans
8af1696f-59ad-4528-b453-45a131771809,CPT-63967,Monthly,f101b4f1-19ba-4b0c-937a-5c0f8676db59,39181,Dr. Mrs. Samantha Church,Perry-Henry,Treatment: Performed minor surgery for injury repair.','Admission Start Date:17-08-2024; Admission End: 04-01-2025; Treatment: Treatment: Performed minor surgery for injury repair.'',Up peace movie trouble item.,15402,Brown-Roberson,Rejected,+1-886-809-9836x590,"Robinson, Hayes and Fox",Mental Health Care,f63810bd-247e-4c6f-86c8-5a3886dce5a2,Individual,14-11-2024,19585,860,30-07-2023,25-02-2025,GB91ZQHS61054893709570,f63810bd-247e-4c6f-86c8-5a3886dce5a2,Melanie Vazquez MD,"041 Ortega Summit Lake Timothyton, OH 84785",946-017-1612x494,sanchezdavid@yahoo.com,No,17-08-2024,5815,No,Comprehensive Health Plan
8a135bd7-a373-47b9-b80c-65ae52a7fe62,CPT-30521,Monthly,ec94c17a-780e-4fd8-8078-1b8df12ef455,7978,Dr. Christopher Lewis,"Flowers, Stephens and Jackson",Treatment: Provided counseling for mental health support.',Election analysis message. Particularly many bad fear.,Customer official present throw truth show south.,17509,Rollins-Trevino,Rejected,570.536.6546,"Gonzalez, Meyer and Cox",Hospitalisation Benefits,68f774c9-fe58-4ec3-b3ee-03d80588d774,Corporate,10-01-2024,56824,368,14-09-2023,09-08-2024,GB93JKCB85115863720265,68f774c9-fe58-4ec3-b3ee-03d80588d774,Jeffrey Cabrera,"69360 David Prairie Apt. 210 Lake Dawn, AR 74110",055.045.5149x96266,barnesdebra@gaines.com,No,19-02-2022,8354,Yes,Comprehensive Health Plan
ff968c13-8130-4776-b35e-9bd5c6af8e3f,CPT-69005,Annually,7336cbe9-8900-49ed-9db7-dea50ddb929f,77657,Dr. Elizabeth Price,"Randall, Williams and Maldonado",Treatment: Managed acute pulmonary embolism through anticoagulation therapy under close supervision.',Price full short company claim many. Which under run full let left through student.,Civil right especially.,80893,Franklin and Sons,Rejected,(148)037-8996x012,Contreras-Avery,Covers Ambulance Fees,ed424a42-c78a-4ca9-83f7-12f378e73da8,Individual,26-01-2025,46447,809,14-09-2024,05-05-2025,GB54GPDE17476488026087,ed424a42-c78a-4ca9-83f7-12f378e73da8,Brian Bradley,"0728 Gonzalez Islands Gentrybury, ND 53357",050.543.4616x668,gonzalezpatrick@gmail.com,No,09-04-2023,4069,No,Senior Citizen Health Insurance Plans
fd7179f0-13b2-4903-8c9d-1650c4577358,CPT-22314,Monthly,a7085d1d-22e1-4f12-a24d-b76d101ec9e1,10205,Dr. Donald Taylor,Davis-Mcclain,Treatment: Provided intravenous fluids and electrolyte therapy for severe dehydration.',Make still last good professor share read. Town we bag trade glass list which.,Clearly little blood before agency.,59911,Grimes-Jacobson,Approved,280-680-3612x7133,Pearson-Martin,Mental Health Care,eaada73a-30b1-4174-84c9-a880b0012c4e,Individual,24-02-2025,96556,976,22-07-2022,06-03-2025,GB36MXDX98293398382130,eaada73a-30b1-4174-84c9-a880b0012c4e,Kevin Nelson,"0871 Manuel Circles Port Brianville, IL 17022",(007)741-1563x9064,suzanneolson@anderson.org,Yes,29-08-2023,3404,Yes,Comprehensive Health Plan
389cbf6a-ff98-43c3-9e2d-8d7a050e65cf,CPT-95898,Annually,e388a0e9-f5a0-4d2e-af9a-3b6c85acd197,96663,Dr. Sherry Cooper,Barnes-Cook,Treatment: Administered bronchodilators and oxygen therapy for chronic obstructive pulmonary disease (COPD).',Song campaign leader claim hot without. Magazine yet foreign never.,Change book again meet air teach six.,41675,"Martin, Valdez and Ingram",Rejected,+1-625-644-3342x041,Robinson Ltd,Mental Health Care,af8a1113-8203-4e36-b78d-629046459186,Corporate,03-05-2023,68559,829,10-07-2022,26-07-2023,GB75YFMI42116771748089,af8a1113-8203-4e36-b78d-629046459186,Thomas Fox,"6817 Richardson Rue Apt. 401 East Joseph, WA 12014",407.934.6840,destinysmith@ward-bryant.com,Yes,02-06-2024,501,Yes,Comprehensive Health Plan
b885f797-7565-4196-bb97-090ac4991a1f,CPT-55823,Quarterly,b329cb6b-fbea-4553-952f-0906d01267dd,57413,Dr. Angela Vaughn,Griffith-Becker,Treatment: Performed cataract removal and implanted intraocular lens.',Mean political similar smile clear.,Our east cup.,94716,"Gomez, Thornton and Wilson",Rejected,001-053-468-0718x825,Petty-Hill,Respiratory Health,51211943-2dc2-412c-8554-b88e7b2cc4aa,Family,26-12-2020,44346,697,09-12-2020,09-02-2021,GB23OTEW43976848075433,51211943-2dc2-412c-8554-b88e7b2cc4aa,Matthew Horton,"0133 Cassandra Rapid West Andrea, MO 36013",014-203-4660,margaretjohnson@gmail.com,No,23-11-2023,826,No,Senior Citizen Health Insurance Plans
bbb644d5-c69e-4320-b606-f9e4ed6d20e5,CPT-39709,Monthly,070ecd86-05fd-4c79-a928-bf322f951588,95930,Dr. Alex Ryan,"Stanley, Roberts and White",Treatment: Administered antibiotics for infection control.',Add home friend big.,Continue manage agent.,45673,"Garner, Roberts and Brown",Rejected,867.387.3154,Roberson Inc,Covers Ambulance Fees,cd49f685-03fd-4772-b80c-9fbee94fff91,Individual,03-11-2022,76209,335,15-02-2020,10-01-2023,GB52LQGV76873170255631,cd49f685-03fd-4772-b80c-9fbee94fff91,Tina Thornton,"5372 Kimberly Branch Suite 881 New Holly, SD 70834",1148020589,spencercassandra@anderson.com,No,28-03-2024,9907,Yes,Senior Citizen Health Insurance Plans
fac7e398-244f-4cac-976f-1753213284cc,CPT-18934,Monthly,6c9ee191-4cd1-417f-96f1-37fc447d7db7,6080,Dr. Amy Manning,"Morgan, Mitchell and Ramsey",Treatment: Assisted with delivery and provided neonatal care.',Break rule Congress front approach. Since style friend can against over.,Second game per glass effort measure could.,34694,Ruiz and Sons,Rejected,4976551165,Lowe-Johnson,Diabetes-Specific Benefits,42412a8e-5c27-4efa-936a-fe8d97c7ee8a,Corporate,22-08-2023,14884,930,11-05-2020,12-04-2024,GB56LTSF63810629929742,42412a8e-5c27-4efa-936a-fe8d97c7ee8a,Amanda Maddox,"91035 Elizabeth Forges Andersonshire, MA 34045",289-898-7555x45930,johnnyspence@arnold.biz,No,13-05-2020,5802,Yes,Senior Citizen Health Insurance Plans
ebf74228-bfcb-448f-95fd-8cd50d4731f8,CPT-15941,Quarterly,3ae9cccf-2818-4394-99f6-777dce865191,9164,Dr. Jodi Jones,Meyer and Sons,Treatment: Assessed pre-surgery and provided comprehensive eye care instructions.','Admission Start Date:27-01-2022; Admission End: 13-07-2023; Treatment: Treatment: Assessed pre-surgery and provided comprehensive eye care instructions.'',Movement you executive. Main sure growth such at.,97352,Fuller-Hale,Approved,001-148-128-6679x05839,"Carlson, Davis and Aguilar",Low-Cost Premium for Young People,ec2b8bc8-1543-499e-97a4-5af806834635,Individual,07-03-2023,6623,569,13-07-2022,31-10-2023,GB81VDKW63763860398717,ec2b8bc8-1543-499e-97a4-5af806834635,Luke Perez,"360 Erica Corners Suite 618 Sanchezmouth, AR 69037",729-456-5139x47775,shannonporter@hendrix.net,No,27-01-2022,6086,No,Comprehensive Health Plan
28ccbfce-eede-444a-9186-10322668ea58,CPT-74584,Annually,01b739e2-5062-4438-ad9b-419e40d0e6d5,17556,Dr. Jillian Garcia,Smith-Carlson,Treatment: Administered pain relief for post-operative recovery.',Amount scene site budget lawyer. Another note one around nature technology wife reflect.,Fire your season current something market.,80260,Zamora-Maynard,Approved,362-259-1381x801,Lin Group,Critical Disease Specific Plans,ffbbabd5-d0de-4dda-9b96-6b920095f260,Family,02-11-2024,36806,658,16-03-2022,01-11-2025,GB45FZXX05490490949217,ffbbabd5-d0de-4dda-9b96-6b920095f260,Edward Cook,"42404 Douglas Ranch Suite 881 Goodmanmouth, NH 89400",290.568.5285x458,gperez@decker.com,No,06-05-2022,5758,Yes,Disease-Specific Health Insurance Plans
f30029f6-5e14-499f-874e-442aa36a802f,CPT-57813,Monthly,78188698-e30f-4c8a-af60-59a793bd1d14,27573,Dr. David Henry,"Alvarez, King and Roberts",Treatment: Provided intravenous fluids and electrolyte therapy for severe dehydration.',Family walk source each. Summer figure environmental since international.,Share thank service election.,78660,Flores and Sons,Rejected,361.732.3138,Padilla-Mccormick,Critical Disease Specific Plans,89a13594-015c-428f-8fab-0eaef3aeef1b,Corporate,06-11-2024,27160,124,23-11-2023,11-12-2024,GB69PKLO49872887210784,89a13594-015c-428f-8fab-0eaef3aeef1b,Alejandro Trujillo,"161 Morales Islands Tiffanyville, MS 78412",(795)970-6492x2669,holly44@gmail.com,Yes,02-10-2024,6791,No,Disease-Specific Health Insurance Plans
1e6cb2ab-b7f9-4991-914f-3855617ac78f,CPT-22047,Quarterly,4a015667-7af0-4263-a025-16f0dbd5faba,13252,Dr. Claudia White,Cooper-Mckinney,Treatment: Conducted angioplasty and monitored for complications.',Even process inside their relationship push. Question citizen face bank same but rock.,Meeting tonight employee ago plan.,38433,Snyder-Martin,Approved,6663610485,"Torres, Velez and Travis",Critical Disease Specific Plans,b10224ae-082f-42c4-83a2-8e506a92784b,Individual,25-12-2024,23520,390,18-04-2022,10-01-2025,GB13BHUL88318223842882,b10224ae-082f-42c4-83a2-8e506a92784b,Matthew Garner,"72450 Michael Meadows New Allisonton, UT 47208",001-183-720-6348x854,andre12@yahoo.com,No,15-04-2021,2249,Yes,Disease-Specific Health Insurance Plans
e964750b-7527-43fe-96c6-a8641747f51e,CPT-23819,Monthly,d94a90b5-7c51-459d-bd07-a0a403ae386d,68248,Dr. Megan Vaughn,"Long, Hardy and Jennings",Treatment: Administered post-operative eye drops and advised on vision recovery.',Have control develop middle. Seem skill nature interest.,Debate around record understand.,34340,Torres Inc,Approved,001-948-264-2511,"Short, Hudson and Palmer",Hospitalisation Benefits,2f38c240-bad8-447a-a3c3-5ac807afc110,Family,04-11-2024,32959,175,06-03-2024,08-02-2025,GB31NGQW24858282562686,2f38c240-bad8-447a-a3c3-5ac807afc110,Amanda Farmer,"725 Roberts Flat Ryanmouth, SD 31914",(992)002-0338,qwilson@quinn-lowe.com,No,04-01-2021,3418,No,Senior Citizen Health Insurance Plans
9244ee68-7916-45cc-8dc6-81aa4d402460,CPT-40989,Annually,2e0a0701-04e6-403b-b96c-a35474352345,30715,Dr. Noah Williams,Clark-Foster,Treatment: Assisted with delivery and provided neonatal care.',Three by site.,Order church offer sort.,18434,Cruz LLC,Rejected,001-660-620-6360x743,"Moore, Long and Schaefer",Dental Treatment Coverage,b81ab78b-8a39-433a-afa8-c3ddcbadbacc,Individual,03-03-2025,59002,937,03-03-2025,31-10-2025,GB80YOFP48178986006795,b81ab78b-8a39-433a-afa8-c3ddcbadbacc,Cindy Tapia,"498 Bradley Alley Jenniferchester, MN 19812",001-601-019-9258,jessica50@krause-berry.com,No,21-05-2022,6926,Yes,Senior Citizen Health Insurance Plans
6553588a-598c-42a2-9ec0-d6120c7f35d4,CPT-57447,Annually,cafeeb94-cf47-4229-86b7-b41d05a84824,94309,Dr. Lisa Floyd,"Brown, Buchanan and Galvan",Treatment: Provided cardiac rehabilitation and prescribed medications for recovery.',Him soon staff fear media stay.,Nice difficult finish together home smile.,7100,Logan Inc,Approved,251-244-0935x3838,Jackson PLC,Hospitalisation Benefits,db8b09d9-0cab-4034-afe0-88cca7b0ac0f,Family,06-10-2021,38174,71,17-07-2021,25-11-2021,GB61GQUT01238052571397,db8b09d9-0cab-4034-afe0-88cca7b0ac0f,Laura Graham,"6258 Herrera Junctions Sullivanland, UT 59175",001-193-557-9943x7413,reedjames@yahoo.com,Yes,16-03-2024,6665,Yes,Comprehensive Health Plan
62b239b1-e05f-488a-80f6-89cb4d6f6c01,CPT-39180,Quarterly,6fb851ba-640f-40e4-87a9-eb44bba70b37,33912,Dr. Elizabeth Morris,Hopkins LLC,Treatment: Administered pain relief for post-operative recovery.',Position those can near position.,Interest program live.,23011,"Underwood, Dillon and Powell",Approved,949-052-5728x9758,Lawrence and Sons,Low-Cost Premium for Young People,015efc33-97da-47eb-9edd-8e400e263e1e,Corporate,05-11-2024,31450,441,01-08-2024,01-10-2025,GB07EUIX16133304211844,015efc33-97da-47eb-9edd-8e400e263e1e,Linda Ware,"14816 Darren Village Apt. 752 North Taylorchester, TX 66320",001-450-639-3912x9946,jose45@thompson.com,Yes,15-08-2022,8561,No,Comprehensive Health Plan
2e017298-9bb5-4e57-992c-06fef1ff7ae1,CPT-43229,Monthly,c00f5ec0-71ba-4605-bbb7-39d014118708,30747,Dr. Gabrielle Baldwin,Andrews-Charles,Treatment: Conducted routine check-up and prescribed vitamins.',Step condition feeling support while want. Rich TV floor woman arrive worker similar.,Subject Democrat bar value performance have.,1967,"Stanley, Wright and Smith",Approved,164.354.9598x249,"Contreras, Pope and Woods",Critical Disease Specific Plans,4e9afa48-452f-4b33-9fc5-517d79e33e42,Individual,22-12-2024,78178,207,15-02-2021,22-08-2025,GB28XRIA97749995858651,4e9afa48-452f-4b33-9fc5-517d79e33e42,Kendra Webb,"8824 Jorge Stravenue Martinezhaven, OH 64350",572.182.3830x1395,jason39@hotmail.com,Yes,27-04-2022,4766,No,Disease-Specific Health Insurance Plans
043f1274-b78e-4d51-a6e1-e30d7890cdb9,CPT-99612,Monthly,5a3824f1-3af9-4f55-849f-585da350d0b4,68973,Dr. David Garza,Erickson-Farmer,Treatment: Conducted surgical intervention for lung cancer patients.',Anyone either blue growth interview require.,Walk magazine fall stay.,72772,"White, Lewis and Snyder",Approved,001-456-636-6042x27209,Young Group,Covers Ambulance Fees,ef3e15e6-9e1b-47eb-8516-c31bfb2e813a,Individual,18-06-2023,89464,418,25-03-2022,29-11-2023,GB53CRGP09677776091459,ef3e15e6-9e1b-47eb-8516-c31bfb2e813a,Rebekah Miller,"45814 Nash Common Suite 609 East Valerie, DC 44552",-10889,harristara@gmail.com,No,05-07-2021,7484,Yes,Senior Citizen Health Insurance Plans
c61f953b-d8ac-4db9-b546-857db7355bd3,CPT-48722,Annually,e1acfc7d-11a2-44e9-bbc0-e4b904eab4f1,58368,Dr. Jeremy Thomas,"Allen, Robinson and Miller",Treatment: Conducted postpartum evaluation and counseling on lactation.',Vote financial time successful population challenge explain. Right computer north get prove.,Activity past must hundred movie.,34674,Barnes Group,Approved,+1-454-172-3809x90412,Wright-Thompson,Critical Disease Specific Plans,30aa4e3a-aca6-4680-b3eb-e41ad7ab72f8,Corporate,12-03-2022,52411,561,18-10-2020,25-01-2023,GB51MYID47283680799941,30aa4e3a-aca6-4680-b3eb-e41ad7ab72f8,Jennifer Williams,"71469 Castro Landing Suite 633 Lindsayshire, CO 33104",001-456-018-5814x391,kevinfoster@hotmail.com,Yes,19-03-2024,656,No,Disease-Specific Health Insurance Plans
5ab20954-bab5-468a-aa58-3b363c374a1f,CPT-15745,Annually,29841329-301b-4be6-a7f0-ff3845d1fc78,76453,Dr. David Charles,Evans Ltd,Treatment: Performed hemodialysis for renal failure with continuous monitoring of vitals.','Admission Start Date:23-08-2024; Admission End: None; Treatment: Treatment: Performed hemodialysis for renal failure with continuous monitoring of vitals.'',Night executive parent dog our son.,58030,Buchanan Inc,Approved,-11514,"Beard, Hernandez and Murphy",Respiratory Health,b1eda62c-46c2-4766-94e8-2a44d7ee7b08,Family,24-10-2022,89231,25,02-09-2020,03-09-2023,GB77FCFN11096574773042,b1eda62c-46c2-4766-94e8-2a44d7ee7b08,Ashley Bishop,"2563 Sarah Passage Herreratown, AZ 29498",217.037.1711x0293,nbennett@hotmail.com,Yes,23-08-2024,8306,Yes,Senior Citizen Health Insurance Plans
8f78d178-1225-40cf-97b1-192f3d431314,CPT-68036,Monthly,4be162a2-0c39-4e9c-b4e2-bff1495f9968,57584,Dr. Mr. George Mcknight,Martin-Mcbride,Treatment: Assessed pre-surgery and provided comprehensive eye care instructions.','Admission Start Date:31-07-2023; Admission End: 31-05-2025; Treatment: Treatment: Assessed pre-surgery and provided comprehensive eye care instructions.'',Certainly himself teach group them job.,92996,"Wilson, Hernandez and English",Approved,+1-931-267-8748x5497,Sullivan PLC,Hospitalisation Benefits,367da6f6-05db-430f-9d55-dc10b67cbc18,Individual,17-10-2024,27840,780,24-09-2024,09-08-2025,GB91ARJJ05305260191844,367da6f6-05db-430f-9d55-dc10b67cbc18,Jason Young,"88850 Christopher Lights Johnsontown, ID 53277",(973)233-3809x1404,randall81@williams-price.net,Yes,31-07-2023,1695,No,Comprehensive Health Plan
c6520634-08ec-4362-8177-f43e98f99355,CPT-54841,Monthly,3d7ce151-06a7-4566-901a-4e5e40f70cf3,22653,Dr. Michael Sanchez,Lopez LLC,Treatment: Conducted angioplasty and monitored for complications.',Product join beautiful ahead school town least.,Continue learn box language.,66754,Moore-Figueroa,Approved,001-405-956-9442,"Matthews, Decker and Bird",Critical Disease Specific Plans,e757cf49-6d81-46e8-b844-32a3412f56fb,Family,28-06-2022,15413,384,06-05-2021,25-02-2023,GB44FELN68865319395955,e757cf49-6d81-46e8-b844-32a3412f56fb,Justin Hardy,"25993 Massey Wall Suite 012 Chadfort, AZ 01329",(613)533-3860x74257,davismelissa@yahoo.com,Yes,12-11-2023,3219,No,Disease-Specific Health Insurance Plans
6c5127c6-7dba-42c3-8cec-9b3efdad1744,CPT-37064,Annually,39f02ba7-ab6a-4f7c-8618-d8d915612021,51010,Dr. Madeline Gonzalez,Serrano and Sons,Treatment: Performed minor surgery for injury repair.','Admission Start Date:06-01-2025; Admission End: 17-03-2025; Treatment: Treatment: Performed minor surgery for injury repair.'',Simple campaign we grow mind.,59529,Gibson Group,Approved,(446)087-6350x91980,Campbell-Jordan,Eye and Vision Care,a7edca50-cabd-4e3d-87b8-c573d46a9b61,Individual,08-12-2024,12577,4,22-10-2023,11-07-2025,GB91IYQR91007420853898,a7edca50-cabd-4e3d-87b8-c573d46a9b61,Rachel Warren,"8820 White Extension Suite 353 Adkinsfurt, KS 14768",4603111232,ksmith@gmail.com,No,06-01-2025,1451,Yes,Comprehensive Health Plan
d72d3c02-99df-43ff-ad4a-dd0de936df7c,CPT-87183,Quarterly,a06f5c38-1456-4286-a2fa-aac5ec58d661,58697,Dr. Kevin Garcia,Moore-Wilson,Treatment: Conducted routine check-up and prescribed vitamins.',How serve true shake.,Hand bank bar whom they financial.,26723,Garcia Inc,Approved,(206)904-0852x17139,"Garcia, White and Diaz",Skin and Dermatology Care,275c619d-7aea-446a-ab23-2f5ab6faa4bb,Individual,02-12-2024,93228,262,30-10-2024,21-07-2025,GB09GRTA67914107857593,275c619d-7aea-446a-ab23-2f5ab6faa4bb,Lisa Webb,"8189 Jeffrey Dale East Holly, ND 93857",948.935.0600x92448,lclark@taylor-lopez.com,No,14-04-2020,8731,No,Comprehensive Health Plan
9fb8f5a1-7bdc-4ed1-8f27-c15ea2fccac2,CPT-58322,Monthly,a531d2bb-306f-465c-bdc3-314256ce97b0,27619,Dr. Terry Alvarez,"Schultz, Allen and Hicks",Treatment: Administered bronchodilators and oxygen therapy for chronic obstructive pulmonary disease (COPD).',Me sort dog draw party half suggest artist.,Where we place article speech if whole.,49978,Taylor Group,Rejected,522-836-9532x31285,Foster-Patterson,Critical Disease Specific Plans,34ae40d2-9547-4686-848c-a9795d3831cc,Individual,18-06-2024,28586,50,20-08-2023,15-10-2024,GB65JIYM18508645076032,34ae40d2-9547-4686-848c-a9795d3831cc,Amanda Brewer,"4340 Alan Flats Port Jessefort, MD 00971",047-576-0520x43810,bobbyryan@hotmail.com,Yes,14-02-2025,7858,No,Disease-Specific Health Insurance Plans
35c858a9-175b-4db6-b649-2e14be09674a,CPT-23926,Quarterly,d2e37010-827a-4c54-a8c3-0a89fd1d822f,23093,Dr. Jordan Knight,"Singh, Butler and Gregory",Treatment: Conducted angioplasty and monitored for complications.',Leg management character last. Good other long college.,Tv indeed action can federal know program baby.,35765,"Clay, Salazar and Wilson",Rejected,212-214-7408x8761,"Wong, Hodge and Ford",Cardiovascular Health,cc2291de-be55-439c-aa28-a6e28f469479,Family,07-10-2023,15078,948,17-10-2022,16-03-2024,GB37UGWA34996873292810,cc2291de-be55-439c-aa28-a6e28f469479,Sarah Ellison,"637 Lindsey Manors Port Bobbyhaven, AK 96142",001-119-829-4470x483,garrettstein@moss.biz,No,25-05-2022,3542,Yes,Senior Citizen Health Insurance Plans
eea956d3-c90f-4602-930f-a6b53fb218e9,CPT-74503,Monthly,970cffab-f5c2-4c2d-85f9-96af440cfc52,12039,Dr. Adam Adkins,"Bowers, Green and Foley",Treatment: Managed complications of chronic kidney disease through hospitalization and dialysis sessions.','Admission Start Date:22-05-2021; Admission End: 07-01-2023; Treatment: Treatment: Managed complications of chronic kidney disease through hospitalization and dialysis sessions.'',Man my assume policy seat find drop require.,77845,Roberts-Carter,Approved,(282)258-0391x793,Carrillo-Kim,Diabetes-Specific Benefits,a76a277e-3e0a-4a86-9157-10781603ec46,Family,25-04-2024,86080,848,13-03-2024,24-12-2024,GB39KYWF85000770086336,a76a277e-3e0a-4a86-9157-10781603ec46,John Grant,"4279 Rodriguez Freeway Apt. 714 New Alexisbury, OH 77112",001-782-433-6076x2247,cunninghamjennifer@gmail.com,Yes,22-05-2021,5261,No,Senior Citizen Health Insurance Plans
8c21dfea-0c16-4922-bb37-3f5e495861ee,CPT-20665,Monthly,8b9cab7d-c30f-4654-9932-6b8db748829b,49756,Dr. James Wilson,Dunn-Alexander,Treatment: Administered pain relief for post-operative recovery.',Sister pattern reduce teacher last born. Party manage himself able decade brother not.,Score anyone subject. This street election.,48413,"Stanley, Lamb and Jones",Rejected,001-470-736-0408x1201,Norris-Roberts,Eye and Vision Care,07fb459f-2f68-41e5-b953-055ba34d701e,Corporate,28-09-2023,91046,242,31-05-2020,28-11-2023,GB14RVOG57222271726459,07fb459f-2f68-41e5-b953-055ba34d701e,Sherry Holmes MD,"43602 Shaffer Row Dylanmouth, DC 40682",143.434.7626x77354,eatonsamuel@green.biz,No,04-06-2023,4330,Yes,Comprehensive Health Plan
a0b0e3ad-5e1a-4b60-9c93-b41c3efc6e0f,CPT-63866,Annually,76e3450e-6483-49d9-8280-fc9b950fc0ff,536,Dr. Steven Rogers,Lopez Group,Treatment: Provided ventilator support for respiratory failure caused by severe pneumonia.','Admission Start Date:05-04-2023; Admission End: 13-04-2025; Treatment: Treatment: Provided ventilator support for respiratory failure caused by severe pneumonia.'',Nor especially else fast quality to task.,96110,Williams-Drake,Rejected,509.250.0365,"Gonzalez, Clark and Walsh",Critical Disease Specific Plans,41435a12-6a17-4c64-bd2a-2d661af8c4c3,Individual,24-02-2025,49029,982,04-09-2024,21-08-2025,GB60WTHG54056634229693,41435a12-6a17-4c64-bd2a-2d661af8c4c3,Cynthia Martin,"126 Rodriguez Forge Suite 198 North Mistybury, CO 42014",(680)846-0923x637,rosskenneth@gmail.com,No,05-04-2023,5385,No,Disease-Specific Health Insurance Plans
c1c57549-c43a-499d-8763-53bdcfc216d2,CPT-16234,Monthly,b9ec9a96-f74c-4a67-bd5c-a696ac9a384d,40631,Dr. Jeanne Sullivan,"Cameron, Horton and Allen",Treatment: Managed acute pulmonary embolism through anticoagulation therapy under close supervision.',Mission matter weight its mouth fund song rise. Hit this bill book only class nation station.,Kind with energy throughout.,85498,Taylor Ltd,Approved,5799075988,"Hernandez, Smith and Brooks",Dental Treatment Coverage,91f89e22-3962-444d-bbb3-4d3ff61f6619,Family,07-06-2022,24414,515,10-03-2021,24-12-2022,GB27LJPZ65234598269370,91f89e22-3962-444d-bbb3-4d3ff61f6619,Craig Rojas,"57008 Nicole Squares Suite 121 Port Rebeccabury, AL 79407",-497,ggraham@yahoo.com,No,19-08-2022,2787,Yes,Senior Citizen Health Insurance Plans
97835779-194f-46ff-bc08-211526670920,CPT-43218,Monthly,d1f3e64f-ac47-49b3-a044-09f0fe0b607d,64460,Dr. Arthur Wilson,Smith-Wood,Treatment: Provided prenatal care and routine ultrasound monitoring.',Simple run also bar identify president.,Cost official special air.,70552,Cowan-Jimenez,Approved,652.258.9456x545,Austin-Lowe,Critical Disease Specific Plans,8e133294-8d3a-4d46-a612-03c4d49bcb23,Corporate,24-03-2024,22711,830,25-02-2024,10-01-2025,GB69OKFO79399673731139,8e133294-8d3a-4d46-a612-03c4d49bcb23,Tonya Rogers,"9752 Michael Drive West Lawrence, NY 09957",167.886.9831,rodonnell@roman.com,No,06-07-2020,82,Yes,Disease-Specific Health Insurance Plans
8493d9f5-1140-48ff-bc62-7a6c13e81618,CPT-25852,Quarterly,a6b67d55-a592-47be-a6ac-dc8906a63d50,74256,Dr. William Kim,"Lopez, Hammond and Morales",Treatment: Conducted routine check-up and prescribed vitamins.',Position image will since.,Develop then stop mind sell cultural third.,49032,"Kim, Hardy and Lee",Approved,639-842-7755x299,"Blackwell, Harrison and Parsons",Critical Disease Specific Plans,d395a064-e6ab-4c90-9a16-1e7b7290800a,Individual,16-10-2024,37012,105,10-09-2023,05-03-2025,GB43KVDT79728106066087,d395a064-e6ab-4c90-9a16-1e7b7290800a,David Hayden,"306 Kelly Spur Simpsonfort, VA 27068",(669)274-0050x1439,dawn03@ayers-tran.info,Yes,15-04-2024,4003,No,Disease-Specific Health Insurance Plans
4f98b90c-7afc-4555-8d46-2be04d819035,CPT-47568,Annually,4e4ccde2-bfad-40f6-953e-51f5181aae15,14902,Dr. John Gonzalez MD,Roman Ltd,Treatment: Administered post-operative care for valve replacement surgery.','Admission Start Date:12-09-2021; Admission End: 06-01-2023; Treatment: Treatment: Administered post-operative care for valve replacement surgery.'',Beautiful trade cause election life suffer just.,9483,"Saunders, Burnett and Rodriguez",Approved,(714)889-4829x881,"Cooper, Perry and Rosario",Critical Disease Specific Plans,1a096f89-4b2f-4be5-9091-fe2f7a744391,Family,08-04-2022,88076,603,16-04-2020,28-01-2023,GB72XXYG38251999236753,1a096f89-4b2f-4be5-9091-fe2f7a744391,Virginia Santana,"0694 Smith Road Apt. 834 Skinnerside, CT 27695",011.539.6464x0781,blackburnjames@gmail.com,Yes,12-09-2021,8961,No,Disease-Specific Health Insurance Plans
3fdac72e-16af-4a19-b708-e1146a93a905,CPT-51725,Annually,5008eff3-1b8a-457f-8b15-936d229f464c,98541,Dr. Courtney Freeman,Knapp-Carlson,Treatment: Conducted postpartum evaluation and counseling on lactation.',Subject international somebody adult type. Key year summer use alone discussion.,Memory son trouble find whatever issue during.,12842,"Powell, Cross and Wu",Approved,(352)078-3879x742,Smith-Owens,Respiratory Health,49000c3d-ebd7-4b70-a63b-c3955e22f9a1,Family,20-09-2023,29836,193,23-07-2022,29-09-2023,GB14KVOL26587986982399,49000c3d-ebd7-4b70-a63b-c3955e22f9a1,Nicole Rose,"4681 Turner Forks North Ashleyland, OK 07834",001-683-076-3568x7475,stewartethan@hotmail.com,No,15-04-2023,3125,No,Senior Citizen Health Insurance Plans
f3f67b41-2867-43ad-8492-6b941993ef59,CPT-72969,Monthly,e46562d1-a689-440c-a91b-6bd896f8467e,59704,Dr. Mr. Dakota Collins,"Miller, Dean and Perez",Treatment: Provided counseling for mental health support.',State bar development into.,Cost wind perform blue weight dream customer.,20933,"Turner, Riggs and Downs",Approved,316-745-7484x585,Stevenson-Lopez,Respiratory Health,90a1ad4f-6007-425b-9f28-001d5405c42e,Family,31-10-2024,58976,942,23-05-2022,09-11-2024,GB90FGBN68626269973756,90a1ad4f-6007-425b-9f28-001d5405c42e,John Trujillo,"97233 Pamela Forges Apt. 081 Mayoport, WY 84314",(754)068-8633x21646,morriswillie@humphrey.com,No,12-05-2024,1077,No,Senior Citizen Health Insurance Plans
9f2cfeba-4379-4011-9bba-a73aaceeef80,CPT-86037,Quarterly,06101b60-00d3-454c-add2-1a0f258db6c8,33241,Dr. Chad Garza,Smith-Bryant,Treatment: Conducted postpartum evaluation and counseling on lactation.',Method page there subject military scene.,Officer skin future change either consider.,49292,Medina-Hernandez,Approved,(909)653-3676x3258,"Holder, Park and Reyes",Critical Disease Specific Plans,5fc1c6de-8ce5-4d77-bf73-7a614e0a8ae3,Individual,16-12-2024,89204,518,22-03-2024,07-07-2025,GB26NNNL94344367807209,5fc1c6de-8ce5-4d77-bf73-7a614e0a8ae3,Jacqueline Miller,"8505 Nelson Gateway New Matthewton, KS 50182",339.108.8128x8898,cgallegos@hotmail.com,Yes,22-01-2023,9093,Yes,Disease-Specific Health Insurance Plans
44b58203-d786-4366-b0e2-6d01d7497656,CPT-92106,Annually,6a440d97-971f-4077-807e-6679ce90e4cb,26015,Dr. Linda Delacruz,Johnson PLC,Treatment: Administered post-operative care for valve replacement surgery.','Admission Start Date:12-06-2020; Admission End: 20-07-2022; Treatment: Treatment: Administered post-operative care for valve replacement surgery.'',Himself doctor suggest her I that lead.,26837,"Tyler, Vazquez and Smith",Approved,+1-425-457-7287x14623,"Peterson, Cross and Gonzalez",Critical Disease Specific Plans,d8c929e8-94ba-4ed4-936c-f38cc1765f62,Individual,12-11-2024,98550,880,07-09-2024,26-02-2025,GB67SFJY44552519843679,d8c929e8-94ba-4ed4-936c-f38cc1765f62,Scott Frederick,"49266 Allen Prairie Lindseyland, NH 55613",001-516-588-7932x0306,salazaranthony@dunn-taylor.com,No,12-06-2020,8253,Yes,Disease-Specific Health Insurance Plans
00f3ebd3-e686-4e1d-bf91-81bbe0444774,CPT-63887,Quarterly,b51cfd97-9b7d-4e99-9b4e-54bbcb90ce0c,44341,Dr. Sandra Mcintyre,James-Barnes,Treatment: Hospitalized for treatment of severe asthma exacerbation with corticosteroids.',Situation suffer one teacher state alone.,Risk blood arrive job little close them.,58231,Smith-King,Rejected,(952)845-3305x80747,Rodgers-Terry,Critical Disease Specific Plans,bc48cf0a-12a1-43b8-ba56-6d9ea4f1b4dd,Individual,05-02-2025,49002,615,16-09-2024,02-12-2025,GB49DVVF86684176688403,bc48cf0a-12a1-43b8-ba56-6d9ea4f1b4dd,Timothy Johnson,"71797 Nelson Plain Apt. 701 Hayesport, TN 82320",969.075.2277x06174,gutierrezjennifer@mason.com,Yes,02-01-2024,848,Yes,Disease-Specific Health Insurance Plans
20e834ab-b986-4076-9ac7-49171ed08fbe,CPT-63434,Quarterly,91d62d31-97d3-4a40-b21f-f13bc3617ede,81643,Dr. Hector Campbell,Johnson-Brown,Treatment: Managed acute pulmonary embolism through anticoagulation therapy under close supervision.',Study here clearly daughter simply.,Day each off however fact dinner contain.,99682,"Pratt, Caldwell and Tran",Rejected,579-101-1895,"Carpenter, Berry and Becker",Skin and Dermatology Care,049cf222-db09-4b5b-a87b-2f2621fc6c07,Individual,18-08-2023,75990,462,14-02-2021,08-08-2024,GB72MYEO13797999628660,049cf222-db09-4b5b-a87b-2f2621fc6c07,Holly Phillips,"0994 Andrea Light South Johnton, AL 92003",174-202-9612,staciefreeman@hotmail.com,Yes,19-11-2021,4661,No,Comprehensive Health Plan
326221f7-f226-42af-a14e-727b3daf6db1,CPT-93553,Quarterly,f8b34971-ad37-4d6f-8622-a6ce98406f79,46842,Dr. Sharon Turner,"White, Best and Wright",Treatment: Performed coronary artery bypass surgery successfully.','Admission Start Date:18-03-2024; Admission End: 26-03-2025; Treatment: Treatment: Performed coronary artery bypass surgery successfully.'',Do safe laugh special might.,14354,"Ramirez, Clark and Garcia",Approved,(417)961-7741,Galvan-Ross,Critical Disease Specific Plans,004f7a1b-1519-4008-ba3b-8b714518fa9a,Individual,29-01-2025,30245,55,16-08-2023,09-04-2025,GB77OVFK76853813324423,004f7a1b-1519-4008-ba3b-8b714518fa9a,Brian Bishop,"29976 Samantha Stravenue Apt. 139 West Andrea, AK 91108",-9793,braunjudy@chan.com,Yes,18-03-2024,9540,No,Disease-Specific Health Insurance Plans
c55fca35-b3cf-4f50-b7cc-d6c688b9a227,CPT-58759,Annually,8297a26f-080f-49e5-b4f2-efdcc68b528c,31010,Dr. Aaron Robinson,Klein Ltd,Treatment: Performed cataract removal and implanted intraocular lens.',Stop face me sound.,List across hold your situation.,85980,Jones-Martinez,Approved,(336)575-3397,"Chapman, Williams and Sullivan",Protection from Growing Medical Expenses,007a8938-d195-48eb-a583-bd955fad27f3,Corporate,23-02-2024,71575,391,25-12-2023,08-08-2024,GB18NEMH60993294083679,007a8938-d195-48eb-a583-bd955fad27f3,Karen Davis,"776 Autumn Creek Lake James, WA 43111",001-563-927-0245,sarah84@cooper-green.com,No,24-11-2024,4131,Yes,Senior Citizen Health Insurance Plans
060d200a-28fb-412d-a59c-d8676f8c373c,CPT-59129,Annually,788982b9-a9e0-45d3-82c6-d38b1720ad1b,67088,Dr. Taylor Carroll,Ashley-Stewart,Treatment: Administered bronchodilators and oxygen therapy for chronic obstructive pulmonary disease (COPD).',Food despite plant.,Recent loss will.,58547,Mcknight-Morris,Rejected,+1-859-077-4530x6220,"Brown, Garcia and Aguilar",Maternity Benefits,fb228427-c4d0-4efc-988e-cb5a6d097235,Family,03-02-2023,57694,911,31-05-2022,22-04-2023,GB59VKCA52342135767689,fb228427-c4d0-4efc-988e-cb5a6d097235,Cynthia Preston,USNS Leonard FPO AP 92889,(170)533-4904x9644,patrick75@bullock.com,Yes,03-07-2024,2412,Yes,Comprehensive Health Plan
cd0cb876-b6a9-4f22-845f-81accca03ac9,CPT-71396,Quarterly,caca5efa-91ed-49e7-89ab-b0697c82053b,50441,Dr. Benjamin Johnson,"Crawford, Freeman and Hensley",Treatment: Administered pain relief for post-operative recovery.',Total three college message billion lay decide. Paper ok economic art.,Player society senior total.,49861,Lynn-Peterson,Approved,-8035,Burgess Group,Respiratory Health,fadd3e44-31e7-4413-88aa-b298ff02c05f,Corporate,08-01-2025,10211,894,25-09-2024,30-10-2025,GB41DSPE43269560851883,fadd3e44-31e7-4413-88aa-b298ff02c05f,Vincent Mata,"7870 Webb Circle Davidfort, RI 56058",364-499-9041,jason97@gmail.com,No,01-11-2021,3766,Yes,Senior Citizen Health Insurance Plans
b54d7c82-0471-4ecc-aea3-66e57881a185,CPT-29828,Quarterly,3d29a617-4584-4774-99b2-fe9af9243bc1,78840,Dr. Andrew Murphy,Hebert and Sons,Treatment: Performed cataract removal and implanted intraocular lens.',Throw call avoid forward discuss. I house deal white hotel ground no network.,Building act send suddenly how while behind.,11467,"Hernandez, Watson and Hamilton",Rejected,958-512-8507,Wallace-Palmer,Hospitalisation Benefits,a085324c-d923-460e-a193-115d8d2fdd17,Family,19-03-2023,99045,624,28-01-2021,07-04-2023,GB33NRQM26531629037722,a085324c-d923-460e-a193-115d8d2fdd17,Sandra Edwards,"708 Brown Run Suite 491 Lake Joshua, FL 96939",+1-161-266-8830x540,debra95@gmail.com,No,04-07-2022,2178,Yes,Comprehensive Health Plan
76e9d54d-0119-48e0-82e5-d8d1b8ba9b00,CPT-33148,Quarterly,5128c20e-21b3-495b-be53-73c0116f2c67,23578,Dr. Sara Riddle DDS,Kim and Sons,Treatment: Provided care for acute kidney injury requiring urgent dialysis.','Admission Start Date:16-11-2021; Admission End: 21-12-2022; Treatment: Treatment: Provided care for acute kidney injury requiring urgent dialysis.'',Wear worker easy dark evening including now.,1989,"Bonilla, Sanders and Hayes",Rejected,+1-943-393-8542x76482,Garner Inc,Includes Yearly Medical Check-Ups,ad5a3029-2bd6-48ab-ac98-8f4d808d43ce,Family,04-12-2023,4969,832,24-11-2020,23-05-2024,GB40FHUX71081480475225,ad5a3029-2bd6-48ab-ac98-8f4d808d43ce,Tracy Payne,"757 Jessica Mission West Jamiechester, DC 58887",001-875-826-6000x28431,anthony94@flores.com,Yes,16-11-2021,7182,No,Senior Citizen Health Insurance Plans
12b55c7d-3098-4296-b128-f9113d2e80f4,CPT-52596,Monthly,efed25ed-7523-47de-b705-e6849b325015,62354,Dr. Kenneth Boyd,Ortega-Sullivan,Treatment: Assessed pre-surgery and provided comprehensive eye care instructions.','Admission Start Date:31-12-2020; Admission End: 07-10-2025; Treatment: Treatment: Assessed pre-surgery and provided comprehensive eye care instructions.'',Itself life around name seem candidate continue.,19642,Smith-Gill,Approved,6326786031,Taylor LLC,Critical Disease Specific Plans,18dbecaf-7f8f-41b4-9867-272e09932960,Family,07-02-2025,39290,139,09-01-2025,09-10-2025,GB58BZLZ44582022459667,18dbecaf-7f8f-41b4-9867-272e09932960,Christopher Edwards,"333 Michael Lodge Apt. 520 Paulborough, TN 33628",270-232-0458x586,glendamarquez@rivers.com,No,31-12-2020,658,Yes,Disease-Specific Health Insurance Plans
24b00dff-f075-44ec-b502-b6fef27dd647,CPT-40310,Quarterly,427c327a-d706-431d-aa54-e65260d888e5,48011,Dr. Tammy Johnson,Davis PLC,Treatment: Performed cataract removal and implanted intraocular lens.',Discussion on operation land state.,Agreement only guy keep return generation buy.,71501,York-Kelly,Rejected,490.220.2043x27887,"Wilson, Rodriguez and Moses",Dental Treatment Coverage,2931ef31-4b57-4afc-a010-eceba32e0587,Corporate,31-05-2022,85134,123,10-07-2020,25-05-2023,GB12TOWB80427870051578,2931ef31-4b57-4afc-a010-eceba32e0587,Corey Davis,"3255 Daniel Stream Alexandramouth, FL 76569",087-627-2853x1845,wsanders@hotmail.com,No,18-02-2021,2024,No,Senior Citizen Health Insurance Plans
ec95d789-b621-4694-8298-c80ec1b6f785,CPT-73959,Monthly,55f3c864-20a7-422f-a53f-652321bb6606,76203,Dr. Ashley Thomas,"Brown, Ramirez and Richardson",Treatment: Performed hemodialysis for renal failure with continuous monitoring of vitals.','Admission Start Date:08-09-2020; Admission End: 22-07-2023; Treatment: Treatment: Performed hemodialysis for renal failure with continuous monitoring of vitals.'',Assume professional investment.,18070,"Thompson, Barnes and Elliott",Approved,(068)415-7218x29599,Sanders-Ramirez,Critical Disease Specific Plans,6ea79e82-8af7-4aec-91e0-2ad6f4462f34,Corporate,03-03-2025,60136,426,14-06-2023,26-07-2025,GB24TJGW26566791461133,6ea79e82-8af7-4aec-91e0-2ad6f4462f34,Amanda Mccarthy,"07535 Aguilar Causeway Lake David, MI 64580",(783)647-3718x607,thomas08@martin.com,Yes,08-09-2020,8769,No,Disease-Specific Health Insurance Plans
013745d2-464f-491e-9bb9-2c456256265f,CPT-64852,Quarterly,08fcd274-11c2-4ff3-9250-0951a96e0cbd,98120,Dr. Jordan Williams,Williams-Phillips,Treatment: Administered post-operative care for valve replacement surgery.','Admission Start Date:10-02-2023; Admission End: None; Treatment: Treatment: Administered post-operative care for valve replacement surgery.'',Consider report laugh by something town street.,45913,Gutierrez Inc,Approved,067.598.6727,Reeves and Sons,Includes Yearly Medical Check-Ups,36fb2e9f-4289-4085-a446-554672ea45ea,Family,01-03-2022,6993,706,28-06-2020,06-12-2022,GB63XWLI40820159814984,36fb2e9f-4289-4085-a446-554672ea45ea,Bernard Hernandez,"761 Melissa Tunnel West Aaronberg, ID 41270",4998557364,leslieallen@hotmail.com,No,10-02-2023,2593,Yes,Comprehensive Health Plan
84c78605-b267-4c08-855b-21c6e097dff8,CPT-92073,Quarterly,568f380e-62a5-4b9f-ad8c-efd5f05ad4b2,81970,Dr. Tracy Whitaker,Martin-Rivera,Treatment: Conducted postpartum evaluation and counseling on lactation.',Fast lay head put.,Kind house skill manager food be beautiful.,71197,"Cole, Wang and Miller",Approved,8659932959,Clements-Wilson,Eye and Vision Care,a777cf8f-1d3b-4703-8291-64154bbcb7b7,Family,23-10-2024,61437,676,20-12-2020,25-04-2025,GB24SHGR49522545674762,a777cf8f-1d3b-4703-8291-64154bbcb7b7,Jessica Jones,"58071 Black Stravenue East Anna, VT 35566",(268)164-8048,markjackson@thomas.com,Yes,25-09-2024,4806,Yes,Comprehensive Health Plan
1d4994a7-06e7-4677-bd9f-f23c34c2dee8,CPT-95003,Monthly,e97a665b-152d-4890-b046-6e2108f5c1d4,80592,Dr. Jessica Wolfe,Davis-Morgan,Treatment: Administered antibiotics for infection control.',Successful myself member card stand. View building behind.,Letter shake event high. Meeting another red.,856,"Davis, Walker and Richards",Approved,001-925-250-2102,Hampton-Barnes,Cardiovascular Health,ff8de890-398e-4d25-887e-a2eaf6960051,Corporate,25-10-2023,50716,351,12-01-2020,30-09-2024,GB31URGT84768106244650,ff8de890-398e-4d25-887e-a2eaf6960051,Darlene Khan,"748 Santiago Center Apt. 954 Davidside, ID 40953",6269395189,smithjonathan@wilson.info,Yes,02-12-2024,388,No,Senior Citizen Health Insurance Plans
044e9776-74ff-43df-8b96-32cc6b8dd640,CPT-96046,Quarterly,2f4a6cf5-a558-48e2-a82d-5416e38f3519,53509,Dr. Timothy Hall,Moore-Case,Treatment: Provided care for acute kidney injury requiring urgent dialysis.','Admission Start Date:30-06-2020; Admission End: 12-06-2024; Treatment: Treatment: Provided care for acute kidney injury requiring urgent dialysis.'',Point charge senior campaign best item.,70392,Gibson-Frazier,Approved,135.041.4171x3950,Cortez-Johnson,Critical Disease Specific Plans,54001235-1c0d-41c2-8e5c-d6f249103569,Individual,21-08-2024,77172,350,26-12-2022,20-01-2025,GB75MUQM07812372867852,54001235-1c0d-41c2-8e5c-d6f249103569,Latasha Foster,"3917 Burton Valley Terryborough, WY 32748",(437)890-3377x35734,davisjoseph@yahoo.com,No,30-06-2020,5541,No,Disease-Specific Health Insurance Plans
6171eba0-efb0-49fc-9ef0-439c85b50ded,CPT-83621,Quarterly,b75a4c71-9d1b-4155-b3cf-393bfdbea95c,90054,Dr. Russell Moreno,Hines-Fuller,Treatment: Provided care for acute kidney injury requiring urgent dialysis.','Admission Start Date:20-02-2021; Admission End: 16-09-2024; Treatment: Treatment: Provided care for acute kidney injury requiring urgent dialysis.'',Order daughter recognize everything.,74176,"Phillips, Bennett and Taylor",Approved,(969)409-6186x6899,Mendoza-Collins,Hospitalisation Benefits,eab653b2-8bea-48b6-a8c6-1829511d5e32,Family,13-10-2023,7324,230,23-08-2021,08-10-2024,GB37ZJTG11978386022941,eab653b2-8bea-48b6-a8c6-1829511d5e32,Casey Shelton,"485 Hill Tunnel Suite 606 Jeffreybury, VA 89285",+1-061-895-9678x026,xdaniel@turner-galvan.com,Yes,20-02-2021,2952,Yes,Comprehensive Health Plan
3d332135-12dc-4271-b369-3eef9a341e57,CPT-74145,Monthly,6306fe18-c655-4cec-b741-3d60953f7ce4,26962,Dr. Taylor Wagner,"Wolfe, Campbell and Campbell",Treatment: Assisted with delivery and provided neonatal care.',Would never these perform.,House indeed store unit new.,77061,Hernandez-Williams,Approved,(844)750-2061,Beck Inc,Critical Disease Specific Plans,661c72ea-3f4f-4c1f-927d-d99a6ced079f,Corporate,09-03-2024,43626,6,07-03-2023,24-01-2025,GB05WNUF57754169225248,661c72ea-3f4f-4c1f-927d-d99a6ced079f,Joshua Weaver,"8488 Karen Points Suite 431 Webbport, TN 58528",(617)326-3948,lmcdowell@hall-copeland.net,Yes,12-01-2022,3825,No,Disease-Specific Health Insurance Plans
e18bfed6-8d63-4852-b08a-2a911b8598ae,CPT-60269,Monthly,39af766b-bbeb-40d0-abaa-4275ebe4d272,78753,Dr. Melissa Dickson,Hansen-Brewer,Treatment: Conducted angioplasty and monitored for complications.',Single whose affect near career agency writer heavy. Region respond education wife too big impact.,Decade thus east bed lawyer.,51985,Baker-Smith,Approved,(337)828-4309,Wright and Sons,Diabetes-Specific Benefits,6cafb8b6-3c18-4295-922a-b70f622f7e56,Family,16-12-2024,79645,605,19-12-2020,22-12-2024,GB27BLPV16536424246450,6cafb8b6-3c18-4295-922a-b70f622f7e56,Colton Palmer,"37726 Richardson Parkway Thomasmouth, NV 45206",+1-923-112-2796x17575,ilopez@choi.com,Yes,08-06-2020,316,Yes,Senior Citizen Health Insurance Plans
6d1f7bc8-57c4-46e5-8745-b726f011c5ea,CPT-24588,Monthly,d759d9ea-fbeb-4ae4-8ddc-6a684a87b627,37790,Dr. Lee Yu,Beltran-Harper,Treatment: Provided prenatal care and routine ultrasound monitoring.',Agent ready affect bar without form enter. Another dark citizen beat benefit office.,Write represent senior partner public.,71182,Hunt-Scott,Rejected,+1-944-529-7282x029,"Neal, Stephens and Gallagher",Dental Treatment Coverage,55a925fe-5026-4148-b6bf-7956e613ca87,Family,21-02-2025,50347,624,23-12-2024,31-07-2025,GB14MFSQ95070819821866,55a925fe-5026-4148-b6bf-7956e613ca87,Tracy Carroll,"5281 Richard Stravenue Suite 922 Williamburgh, MD 01391",225-576-9775,claytonbradley@perez.org,No,13-03-2024,9806,Yes,Senior Citizen Health Insurance Plans
70649fa6-6ec4-4369-8abc-07c57ccef4b3,CPT-19661,Quarterly,042f9efe-a79b-4714-81d2-bcb6d9334cba,79264,Dr. Jaime Wilson,Mitchell Group,Treatment: Conducted postpartum evaluation and counseling on lactation.',Check eye suggest because.,Today one quite forward law buy.,43468,"Miller, Nicholson and Torres",Approved,491.409.7368x66047,"Lowery, Elliott and Baker",Mental Health Care,a95b7a3b-f074-463d-b6a9-b4be2286471c,Family,22-03-2023,40790,254,18-08-2022,28-08-2023,GB06UKYS94599618166921,a95b7a3b-f074-463d-b6a9-b4be2286471c,Suzanne Watson,"820 Brian Squares Suite 514 Lake Mark, TN 91635",001-434-658-4277x5601,hjohnson@hotmail.com,No,12-06-2020,6418,No,Comprehensive Health Plan
711a98a0-586f-4ab4-af8e-bb4e3bf7d700,CPT-17622,Annually,7a83ff80-856b-4fc9-9462-dfa2c8eccbe6,83720,Dr. Sarah Harris,Phillips Group,Treatment: Administered post-operative care for valve replacement surgery.','Admission Start Date:09-02-2025; Admission End: None; Treatment: Treatment: Administered post-operative care for valve replacement surgery.'',My job deal true establish better.,23981,"Gray, Morales and Roy",Approved,(598)616-6772,"Henderson, Davis and Lewis",Critical Disease Specific Plans,325bd6fa-bcef-41ee-a0d2-0937cdbb6bc0,Corporate,07-04-2024,21168,168,06-05-2023,08-10-2024,GB09LBWB80983150751145,325bd6fa-bcef-41ee-a0d2-0937cdbb6bc0,Jared Hayes,"386 Shannon Ridge Apt. 768 Garciahaven, DE 60275",+1-081-802-2711x9176,seth30@gmail.com,Yes,09-02-2025,5953,No,Disease-Specific Health Insurance Plans
3e4ec16b-b72c-4f24-8df7-48a28a16829d,CPT-37023,Monthly,a3050e42-6efa-4708-aad1-bcb4cfb3a27f,48614,Dr. Heather Hudson,Nixon LLC,Treatment: Hospitalized for treatment of severe asthma exacerbation with corticosteroids.',Policy factor today artist season successful think. Bag force experience notice.,Suggest official citizen nearly.,94621,Conway-Wilson,Approved,016.757.1442x723,Harrison PLC,Critical Disease Specific Plans,ced95f65-ab02-454d-8ce4-5509be11db36,Family,04-05-2023,18529,238,08-01-2021,08-04-2024,GB08KARS28098641391867,ced95f65-ab02-454d-8ce4-5509be11db36,Jessica Bates,"456 Martinez Light Apt. 679 Michelleport, PA 37099",(465)264-1642x366,kglass@hotmail.com,No,10-02-2025,9310,Yes,Disease-Specific Health Insurance Plans
d90d54d0-b704-4fd8-bf0c-ede759210a59,CPT-70281,Monthly,fb923383-3a0a-47a6-ae94-3376d6abf477,99976,Dr. Ruben Saunders,"Burnett, Snyder and Stevens",Treatment: Conducted angioplasty and monitored for complications.',Alone morning man sign. Technology bill majority produce south today.,Place maybe want security subject actually.,84661,Rodriguez and Sons,Approved,587-815-1347x20961,Henson Inc,Critical Disease Specific Plans,4d26d699-fc69-497e-b393-1ac424e2b7d2,Corporate,28-11-2022,3594,65,23-05-2021,02-01-2023,GB90ELLX08899955454767,4d26d699-fc69-497e-b393-1ac424e2b7d2,Andrew Harmon,"8263 Karen Extensions New Dianeshire, AL 57791",+1-122-245-4049x62261,walkerdale@miller-myers.com,Yes,22-12-2024,3647,Yes,Disease-Specific Health Insurance Plans
af1673b0-70a2-46eb-aa02-504fd76d773d,CPT-44703,Annually,42fa981c-9e3a-4137-ad28-e6abe0ed1743,67716,Dr. Kristopher Scott,"Mitchell, Cook and Wagner",Treatment: Conducted follow-up after laser cataract surgery.Monitored and managed platelet count through blood transfusion during dengue fever.','Admission Start Date:10-09-2020; Admission End: 17-05-2025; Treatment: Treatment: Conducted follow-up after laser cataract surgery.Monitored and managed platelet count through blood transfusion during dengue fever.'',Guy social answer heart group agreement.,11221,"Fuentes, Bates and Randolph",Approved,4810191489,"Hernandez, Cox and Haas",Mental Health Care,ecd4a95a-9739-4eca-bfe9-5382c4fd5916,Corporate,30-10-2024,17080,933,29-12-2023,29-06-2025,GB89IUVG46992827052533,ecd4a95a-9739-4eca-bfe9-5382c4fd5916,Tonya Stanley,"81435 Erika Landing Kellihaven, UT 85815",+1-012-523-5686x30578,andrew98@hotmail.com,Yes,10-09-2020,4136,Yes,Comprehensive Health Plan
f91ca125-3ddd-49dc-8ddd-b5c2699008ad,CPT-93655,Monthly,cf0ed698-7669-4685-a173-81f1e6f3d411,11768,Dr. Sandra Daniel,Humphrey-Figueroa,Treatment: Administered antibiotics for infection control.',Make work over sound those letter. Charge listen green degree eight time enter.,Order share you catch society.,65716,Jones-Newman,Rejected,357.550.1478,"Hernandez, Watts and Price",Critical Disease Specific Plans,2667e92f-25a3-4e85-85f4-ea290717933f,Individual,06-05-2022,67522,138,01-02-2021,12-11-2022,GB72BONR75071887355096,2667e92f-25a3-4e85-85f4-ea290717933f,Maureen Jackson,"57933 James Rapid Apt. 158 Port Kathrynshire, HI 60583",(012)568-7008,howardsarah@smith-carrillo.com,Yes,14-06-2024,5778,No,Disease-Specific Health Insurance Plans
3aad636d-8809-4779-9a83-4fba387e0451,CPT-48469,Quarterly,e3bb1f40-4a8f-4dd3-b870-91579b27141b,65369,Dr. Paul Stokes,Smith-Avery,Treatment: Administered post-operative care for valve replacement surgery.','Admission Start Date:04-06-2021; Admission End: 24-04-2023; Treatment: Treatment: Administered post-operative care for valve replacement surgery.'',Need least particularly consumer tough.,40604,Davila PLC,Approved,672.848.9131,Smith-Hudson,Hospitalisation Benefits,d1445ac7-2ccd-47cf-af09-6cfa4db3cfb0,Family,29-12-2023,74913,934,22-12-2022,08-12-2024,GB66WBXZ06480171347625,d1445ac7-2ccd-47cf-af09-6cfa4db3cfb0,Barbara Chaney,"71759 Wilson Route Apt. 519 West Jill, NE 09143",+1-838-518-5930x014,nguyenkaren@brooks.info,No,04-06-2021,4288,Yes,Senior Citizen Health Insurance Plans
fd13c495-77d6-4cf0-a77d-e9b09497d51d,CPT-87808,Quarterly,5e1da173-8b4f-46e3-9f84-5ac793549c71,85627,Dr. Paul Palmer,Oneill-Flynn,Treatment: Provided ventilator support for respiratory failure caused by severe pneumonia.','Admission Start Date:25-06-2023; Admission End: 19-04-2025; Treatment: Treatment: Provided ventilator support for respiratory failure caused by severe pneumonia.'',You participant house lawyer strong cultural run.,1356,Watts-Spencer,Rejected,899-653-1807x569,Perez-Thomas,Includes Yearly Medical Check-Ups,75caa8b3-e780-4549-8564-b1ef154a6fef,Individual,04-03-2025,80085,524,23-10-2024,27-08-2025,GB84VWEJ25156321457337,75caa8b3-e780-4549-8564-b1ef154a6fef,Sydney Mcmillan,"783 Jesus Knolls Judytown, TX 81225",806-101-1993,michellebowen@howard.com,Yes,25-06-2023,857,Yes,Comprehensive Health Plan
cbc7e68e-01d1-4630-93cb-7d63fc8abb03,CPT-89488,Annually,b9fecaae-2758-4c59-8e41-8f6540e5d345,75221,Dr. Joseph Carter,Reyes and Sons,Treatment: Administered antipyretics and managed symptoms of dengue hemorrhagic fever.','Admission Start Date:17-09-2024; Admission End: 01-12-2024; Treatment: Treatment: Administered antipyretics and managed symptoms of dengue hemorrhagic fever.'',That gun statement safe.,54433,Monroe and Sons,Rejected,192-438-6817,"Anderson, Avery and Diaz",Critical Disease Specific Plans,e0302271-104b-4514-98bd-0de5c69be224,Individual,22-03-2024,7612,604,17-11-2021,11-01-2025,GB33HLJK68275890482760,e0302271-104b-4514-98bd-0de5c69be224,Jessica Smith,"826 Roberts Haven Jamieborough, PA 53264",161.450.5275,smithstacie@yahoo.com,No,17-09-2024,8094,No,Disease-Specific Health Insurance Plans
673b7e63-efdf-49c6-a7ad-8bc049a6bd3b,CPT-41227,Monthly,0781c643-6005-43dd-9817-34a726cadb89,96674,Dr. Gerald Moss,Morales-Stewart,Treatment: Performed hemodialysis for renal failure with continuous monitoring of vitals.','Admission Start Date:28-08-2023; Admission End: 13-02-2024; Treatment: Treatment: Performed hemodialysis for renal failure with continuous monitoring of vitals.'',Spring worker international reflect site.,2480,Gibson-Calhoun,Rejected,068-856-6718x072,"Roberts, Duke and Norton",Critical Disease Specific Plans,b635af92-a33c-4a12-ab83-5717f774becd,Family,21-09-2023,41589,540,30-11-2022,05-03-2024,GB69FCVA68295409794688,b635af92-a33c-4a12-ab83-5717f774becd,Michael Jordan,"84516 Kelly Summit Apt. 224 South Alan, NJ 39056",001-477-796-4844x402,maryhansen@hotmail.com,No,28-08-2023,2455,Yes,Disease-Specific Health Insurance Plans
528ccbf3-b3a7-4d34-be90-dc9f98745eb0,CPT-74313,Quarterly,53dbd839-773f-4487-8af0-2f1b3f451659,54084,Dr. Destiny Long,"Ramirez, Mathews and Miller",Treatment: Conducted angioplasty and monitored for complications.',Without forget provide top fish partner recognize.,Require article out. Area explain push.,81428,"Wu, Peters and Bradley",Approved,001-719-426-6739x3330,Watson-Schultz,Hospitalisation Benefits,430c5e8c-ae8f-486d-a828-baa7e9a09a4f,Corporate,08-01-2025,16841,282,14-08-2024,04-09-2025,GB15QENP97536296802725,430c5e8c-ae8f-486d-a828-baa7e9a09a4f,Heidi Smith,"19164 Potts Falls Suite 444 Williamsborough, SD 02775",001-422-966-0547x01280,daltonjames@yahoo.com,Yes,11-11-2020,3930,No,Comprehensive Health Plan
5c5fdf5d-dcd7-48e0-b0e0-fa3117fc64e1,CPT-94244,Annually,e868c545-d538-4f04-ba3d-8b4ab7be038b,8850,Dr. Alicia Dunn,Cunningham PLC,Treatment: Managed complications of chronic kidney disease through hospitalization and dialysis sessions.','Admission Start Date:12-02-2025; Admission End: None; Treatment: Treatment: Managed complications of chronic kidney disease through hospitalization and dialysis sessions.'',Rich rather billion trial trade.,53611,Sanchez LLC,Approved,(339)991-1900x6713,Hodge-Gilmore,Critical Disease Specific Plans,a9973790-8fa1-42e6-a67b-a99256ed6c96,Family,25-11-2023,81207,842,26-08-2022,29-06-2024,GB74MDCH19228771710219,a9973790-8fa1-42e6-a67b-a99256ed6c96,Audrey Jones,"6459 Dwayne Estates North Dustinberg, NC 16525",(971)360-5045,leegeorge@yahoo.com,No,12-02-2025,3691,No,Disease-Specific Health Insurance Plans
d62ee3f7-dae1-44c1-960e-b958803f1fd8,CPT-80410,Annually,4cbc602e-e557-4b5d-8335-b796fd34213f,32437,Dr. Keith Gordon,Lane-Rangel,Treatment: Conducted angioplasty and monitored for complications.',Unit capital person outside job.,Traditional seem somebody middle artist huge.,96640,Mccoy Group,Approved,238.361.5176x5797,"Walsh, Williams and Simpson",Cardiovascular Health,709a3ec1-6ebc-4db8-b375-1b039aa32f8e,Individual,23-11-2024,84271,641,05-08-2024,04-01-2025,GB55ZVPJ86818598266409,709a3ec1-6ebc-4db8-b375-1b039aa32f8e,Deborah Bailey,"65689 William Groves Apt. 738 Cummingsberg, WY 87125",929-353-0948,haley91@hotmail.com,No,14-08-2020,6735,Yes,Senior Citizen Health Insurance Plans
6dc08bc9-0f17-47e9-a3c0-c083c96325d9,CPT-63754,Annually,fe3df2ad-9e93-4958-bd31-4e72564532d8,93256,Dr. Shane Williams,Lowe LLC,Treatment: Managed complications of chronic kidney disease through hospitalization and dialysis sessions.','Admission Start Date:02-07-2023; Admission End: None; Treatment: Treatment: Managed complications of chronic kidney disease through hospitalization and dialysis sessions.'',Him tough discussion east.,57655,Simmons Ltd,Rejected,346-868-8785x0981,Flores LLC,Protection from Growing Medical Expenses,c82da354-bb1a-4e28-b391-434f6c6a22df,Family,17-06-2022,36198,534,22-01-2020,16-04-2023,GB13UEBF48134307562320,c82da354-bb1a-4e28-b391-434f6c6a22df,Rachel Nolan,"9253 Pugh Station Cobbport, NH 58832",090-152-9862x91603,davidford@harper.info,Yes,02-07-2023,602,No,Senior Citizen Health Insurance Plans
bf9cfccb-2e40-4095-9fb0-0689c8ff4e1c,CPT-12482,Monthly,49de6779-595b-46b7-a8f8-449241be43bb,45696,Dr. Larry Hardin,Garcia-Moore,Treatment: Administered post-operative care for valve replacement surgery.','Admission Start Date:10-06-2024; Admission End: 18-09-2024; Treatment: Treatment: Administered post-operative care for valve replacement surgery.'',Charge change same hour whom movie drive.,3372,Mason-Berry,Approved,307.051.8719,"Yates, Strickland and Watkins",Maternity Benefits,93e0ea09-e41f-4d7e-8f57-1191f327a9b2,Corporate,07-11-2024,12645,994,27-01-2023,28-11-2024,GB34QVNS84660507303053,93e0ea09-e41f-4d7e-8f57-1191f327a9b2,Andre Johnson,"46729 Eric Way South Eric, ME 13806",203-125-5293,cookalexa@moran-johnson.com,No,10-06-2024,5987,No,Comprehensive Health Plan
05e3cd60-5d12-44d5-bc8e-4f27dd9808e6,CPT-30613,Annually,57698aa8-2929-4210-a1ce-2e6b599b507c,27827,Dr. Lance Cabrera,"Webster, Clay and Carson",Treatment: Performed hemodialysis for renal failure with continuous monitoring of vitals.','Admission Start Date:06-12-2023; Admission End: None; Treatment: Treatment: Performed hemodialysis for renal failure with continuous monitoring of vitals.'',Ten support their hard American.,44897,"Ortiz, Ewing and Moore",Rejected,001-139-579-1290x9652,Peterson Ltd,Eye and Vision Care,c3d9a0de-1280-47b0-900f-b50c7ea456b5,Family,28-08-2020,72376,757,02-03-2020,29-05-2021,GB90GGPV53736403929214,c3d9a0de-1280-47b0-900f-b50c7ea456b5,Edward Lawrence,"84018 Michael Freeway Apt. 031 South Brittany, ND 52961",283-583-3474x51286,nicole40@buckley.biz,No,06-12-2023,5016,Yes,Comprehensive Health Plan
bfaece2c-f80f-455e-afb8-7d788d8ba7a1,CPT-62202,Monthly,3b36a7f2-7263-4907-b294-fb6ffd0bcfd8,53583,Dr. Brittany Garcia,"Nixon, Mendoza and Howard",Treatment: Provided counseling for mental health support.',Free bar tell field almost recently.,Just skin culture.,68058,Michael Inc,Approved,510-651-8237,"Coleman, Burns and Johnson",Hospitalisation Benefits,5c084692-e232-4c14-942d-e4ecff2379c5,Individual,27-11-2024,10407,372,10-10-2022,06-04-2025,GB17BCIT90996010141063,5c084692-e232-4c14-942d-e4ecff2379c5,Stephanie Figueroa,"03867 Jones Points Suite 771 Mathewmouth, WI 59911",518.685.2307x087,tortiz@gmail.com,No,04-10-2023,3853,No,Senior Citizen Health Insurance Plans
c48245b4-0f1b-4904-9c71-267dd24f9852,CPT-34105,Annually,8973a315-3dcd-4e20-b09c-7129dfb4759e,56260,Dr. Chelsea Ryan,Cox-Lara,Treatment: Administered pain relief for post-operative recovery.',Here onto budget know establish type. Task peace economy close over score bill.,Amount man most result.,21139,Bryant-Garcia,Rejected,+1-698-858-6174x498,English and Sons,Critical Disease Specific Plans,b73c8768-4eee-41d5-8405-4d0e6a88ddd0,Family,25-07-2024,39918,129,10-07-2023,09-03-2025,GB52ASEL03519044625004,b73c8768-4eee-41d5-8405-4d0e6a88ddd0,Nicole Fleming,"4517 Jennifer Route Carlmouth, VT 69560",-9919,joshuagriffith@martinez.net,Yes,24-07-2021,7040,No,Disease-Specific Health Insurance Plans
7638a039-9d9e-4c2c-9b92-18a69b4558b6,CPT-46995,Monthly,37cc37c0-8c76-480a-a980-06b1eac21d99,41217,Dr. Chad White MD,"Kane, Baker and Nelson",Treatment: Provided counseling for mental health support.',Growth account dog probably bed.,High campaign trade amount.,5014,White and Sons,Approved,4244616575,Davidson Group,Hospitalisation Benefits,7ff19b6d-1f89-4cdd-87b8-ef04fe2ed6a1,Corporate,06-06-2024,69714,480,21-11-2021,11-06-2024,GB95HWNY75449339484600,7ff19b6d-1f89-4cdd-87b8-ef04fe2ed6a1,Gabriella Shaw,"4309 Miller Plain Port Juliatown, VA 31425",(514)726-0187x49654,keithbanks@hodge.net,Yes,04-12-2024,4304,No,Senior Citizen Health Insurance Plans
a569396c-f69f-4788-b5f6-ebf7186f029c,CPT-42726,Annually,ac8af132-9858-4474-9ea1-ee578be8dfde,69617,Dr. Charles Contreras,"Tran, Richard and Houston",Treatment: Administered peritoneal dialysis and provided post-treatment counseling.','Admission Start Date:18-12-2022; Admission End: 07-07-2025; Treatment: Treatment: Administered peritoneal dialysis and provided post-treatment counseling.'',Movement strong pattern see unit health oil.,59661,"Thompson, Simon and Hicks",Approved,001-232-979-9771x422,"Guzman, Vasquez and Jennings",Cardiovascular Health,eac7302a-1917-4d98-9c75-71b2883accbd,Corporate,05-12-2024,57535,834,12-02-2024,24-09-2025,GB50DRNB73972475133108,eac7302a-1917-4d98-9c75-71b2883accbd,Levi Lewis,"8155 Steven Pine East Zachary, SD 24301",004.204.8387x0683,oconnelldavid@yahoo.com,No,18-12-2022,1427,Yes,Senior Citizen Health Insurance Plans
ba4e6caf-6484-4826-95d5-e1fdba1318d9,CPT-87955,Monthly,7621b37d-cbf5-4159-a0a1-d1b127fb490f,88644,Dr. Mason Gallegos,Martin LLC,Treatment: Administered antipyretics and managed symptoms of dengue hemorrhagic fever.','Admission Start Date:02-01-2022; Admission End: 01-10-2024; Treatment: Treatment: Administered antipyretics and managed symptoms of dengue hemorrhagic fever.'',Grow learn exist start ever require.,29904,"Andrews, Gibson and Perry",Approved,502-305-1985x96325,Powell-Smith,Critical Disease Specific Plans,a599c6ed-4556-4dc2-ab8b-5274fd02795e,Corporate,26-01-2025,10971,163,13-02-2022,11-06-2025,GB25ORLD21911615726822,a599c6ed-4556-4dc2-ab8b-5274fd02795e,Kaitlyn Avila,"826 Garrett Divide Suite 723 North Austin, SC 34815",163-747-1109,williamkelley@rice.org,No,02-01-2022,4133,Yes,Disease-Specific Health Insurance Plans
bbe301e2-19a9-417d-bb2e-23b2572c5e62,CPT-28144,Quarterly,6c03bce2-5bb1-4987-8ab0-42a1e320c7c5,21972,Dr. David Watson,Hubbard PLC,Treatment: Administered antibiotics for infection control.',Large same war talk. Statement family wide yard hundred.,Compare data issue common necessary.,32040,Obrien Ltd,Rejected,322-708-3083,Cook-Schneider,Skin and Dermatology Care,7afff281-74c2-4c91-ab82-d886835486c3,Corporate,07-07-2024,38200,990,20-07-2023,05-04-2025,GB51TDVL23483543023332,7afff281-74c2-4c91-ab82-d886835486c3,William Hunt,"81747 Roy Union Suite 707 New Erichaven, FL 16950",026-830-3171x17317,james80@garrison-cruz.com,No,11-01-2021,4006,Yes,Comprehensive Health Plan
9be12375-7dd5-4f8c-9dc1-504c25566c11,CPT-52074,Annually,0c34423d-0b9c-4141-a490-8805335378a0,89937,Dr. Andrew Hughes,Richards-Hardin,Treatment: Provided prenatal care and routine ultrasound monitoring.',Itself market learn care.,Sense office bar serious her.,94973,Howard LLC,Rejected,425.359.0388x267,"Johnson, Knight and Hall",Critical Disease Specific Plans,be3621d6-f4c1-420f-955e-da0786aa5df8,Individual,29-08-2022,45297,355,12-01-2021,20-10-2022,GB30QKRJ19503682849650,be3621d6-f4c1-420f-955e-da0786aa5df8,Nathaniel Weaver,"213 Holmes Course Apt. 152 Burtonmouth, KS 31645",828-535-0788x187,littlealexis@barry.biz,Yes,22-12-2024,3301,No,Disease-Specific Health Insurance Plans
1d7b03f0-4a90-4cfa-9e12-94931c0be81f,CPT-63046,Annually,56878430-eb69-481d-a62b-7df3106db305,68775,Dr. Nicole White,Olsen-Mitchell,Treatment: Administered post-operative eye drops and advised on vision recovery.',Evidence account you.,Board measure number lose myself material mind.,43915,"Smith, Hammond and Martin",Rejected,952-929-3498,Wright PLC,Includes Yearly Medical Check-Ups,ff037c17-5f16-4dfe-9bc1-a7ee9eca4de7,Family,08-11-2022,47804,871,03-01-2022,10-12-2022,GB13ZQIF22951326546169,ff037c17-5f16-4dfe-9bc1-a7ee9eca4de7,Taylor Wood,"590 Nicole Streets Vanessamouth, UT 46937",001-213-241-4551,zoe46@wallace.org,No,02-01-2022,5576,Yes,Comprehensive Health Plan
df1e652b-3211-418b-b2b9-763c2ffbf4cf,CPT-29010,Annually,f8d38477-c0ae-4195-834b-d7015d44affe,23019,Dr. Micheal Hendrix,Alexander-Hudson,Treatment: Performed minor surgery for injury repair.','Admission Start Date:29-09-2021; Admission End: None; Treatment: Treatment: Performed minor surgery for injury repair.'',Miss talk today area chance. City me attack have.,8789,White Inc,Rejected,(666)793-7555x767,Gomez-Burgess,Includes Yearly Medical Check-Ups,081508d5-9d35-4ec9-9619-275eab9a9bb6,Individual,03-01-2021,97570,6,15-05-2020,09-04-2021,GB87PMJN93575656426839,081508d5-9d35-4ec9-9619-275eab9a9bb6,Kelly Horn,"5982 Washington Park Apt. 184 Tinaville, MA 97522",+1-309-235-4197x574,garciasusan@cox.com,Yes,29-09-2021,7207,No,Senior Citizen Health Insurance Plans
ea5c0b61-5dc9-4efe-8761-df869db8b729,CPT-99551,Annually,23f627c2-eb15-4239-a7d1-8dcf7b29bd9a,64058,Dr. Henry Underwood,Black-Williams,Treatment: Conducted angioplasty and monitored for complications.',Pattern simply citizen rate pay. Quite trouble phone left draw alone relationship.,Reason action enough factor. Way it and some who.,14651,Anderson-Merritt,Rejected,1610194895,Salazar-Walsh,Eye and Vision Care,106105c6-2f1e-4673-b17b-3ae98ee730fd,Corporate,22-07-2024,42370,927,22-02-2023,24-10-2024,GB82RWPE85762605263210,106105c6-2f1e-4673-b17b-3ae98ee730fd,Andrea Larsen,"58325 Taylor Green Davidbury, MT 35946",855.816.3123x058,thomasgraham@lyons.com,No,01-04-2022,1129,Yes,Comprehensive Health Plan
1b683596-6550-48f8-899b-d8f8c4d5b613,CPT-21705,Monthly,5bc78e1a-40ce-4a44-987a-526d9f017c3c,88474,Dr. Richard Watson,Rivera Inc,Treatment: Conducted angioplasty and monitored for complications.',Activity modern first common particular different several.,During green within high reality we.,30137,"Arias, Morris and Spears",Approved,477-006-3239,"Short, Gonzales and Williams",Respiratory Health,1c3382a7-c791-4d69-991e-e3ce02e6c6c2,Individual,04-08-2022,45154,694,01-10-2020,14-03-2023,GB08JART95250486860138,1c3382a7-c791-4d69-991e-e3ce02e6c6c2,Heather Castro,"416 Anthony Causeway Kimberlychester, AR 66615",4076638888,fromero@gmail.com,No,23-03-2023,1336,No,Senior Citizen Health Insurance Plans
40b7e9b9-de4d-4c2e-851c-09b9ab0500fa,CPT-71637,Monthly,b3c35c99-c8e6-455e-9a75-6c5662c16783,44390,Dr. Ashley Jordan,"Greene, Ramirez and James",Treatment: Assessed pre-surgery and provided comprehensive eye care instructions.','Admission Start Date:21-10-2020; Admission End: 22-02-2024; Treatment: Treatment: Assessed pre-surgery and provided comprehensive eye care instructions.'',President husband music event success that.,9518,"Bell, Sloan and Flynn",Rejected,(625)607-7988x926,Brown-Lee,Skin and Dermatology Care,b6e50f4b-34f7-483e-9f05-81da57021db8,Corporate,16-01-2025,82001,345,11-05-2021,30-10-2025,GB94IINS94974515134115,b6e50f4b-34f7-483e-9f05-81da57021db8,Kathryn Malone,"859 Gomez Village Alvaradoton, KY 98466",389.428.1688x13200,morrisdustin@gmail.com,Yes,21-10-2020,3057,Yes,Comprehensive Health Plan
091f40fe-3d10-4d75-bd14-a0a5602b49b6,CPT-63128,Monthly,cce2eeeb-8a41-462e-8738-8fc09ef0b116,41485,Dr. Teresa Baker,Kennedy-Howell,Treatment: Provided intravenous fluids and electrolyte therapy for severe dehydration.',Common page democratic. Shoulder serve agent stage they science relate dog.,Human sea manager already reason small.,13089,"Carroll, Warren and Hampton",Approved,(273)085-7730,"Aguilar, Ramsey and Lyons",Protection from Growing Medical Expenses,98a2b82f-2e05-4160-bf22-b2093f5af4c5,Corporate,24-11-2022,65449,690,24-02-2022,13-07-2023,GB34GZFP57200353594114,98a2b82f-2e05-4160-bf22-b2093f5af4c5,Melissa Harvey,"27559 Joe Summit New Elizabeth, LA 51000",+1-114-469-8701x609,williamcarroll@harrison.info,No,11-04-2021,2046,Yes,Senior Citizen Health Insurance Plans
acbd8d7f-8502-4a1e-8c2b-24d70e96cf77,CPT-34378,Monthly,4ee31208-3048-4317-a3a1-2ee6b2972da5,92513,Dr. Taylor Fisher,"Atkins, Richardson and Perry",Treatment: Administered antipyretics and managed symptoms of dengue hemorrhagic fever.','Admission Start Date:27-12-2024; Admission End: None; Treatment: Treatment: Administered antipyretics and managed symptoms of dengue hemorrhagic fever.'',Five black writer they really.,55524,"Hunter, Osborne and Williams",Approved,762.686.0281x5032,Mack-Gray,Critical Disease Specific Plans,89d97641-05fe-4062-83aa-5a7442ae1306,Individual,12-10-2023,52895,412,30-06-2022,04-05-2024,GB54XJGI45183510664129,89d97641-05fe-4062-83aa-5a7442ae1306,Jennifer Wood,"41696 Alexander Forge Apt. 462 Porterville, MN 35090",946-853-7302,hartgregory@smith-gutierrez.com,Yes,27-12-2024,9540,No,Disease-Specific Health Insurance Plans
59a38aaa-5b30-42bf-8f83-a1b5e053e25c,CPT-38913,Monthly,dd7e8c34-b047-4593-b41d-5067f5931b29,79049,Dr. Christina Rhodes,Davis-Reeves,Treatment: Provided care for acute kidney injury requiring urgent dialysis.','Admission Start Date:06-07-2020; Admission End: 20-01-2023; Treatment: Treatment: Provided care for acute kidney injury requiring urgent dialysis.'',Man assume laugh policy.,80793,Fuentes and Sons,Rejected,+1-391-262-9533x2701,Martinez-Mccoy,Maternity Benefits,aca4f1aa-7b70-4f02-8095-8e94b8fd438b,Corporate,14-09-2022,66376,549,28-04-2022,03-08-2023,GB56IQPV91252888349512,aca4f1aa-7b70-4f02-8095-8e94b8fd438b,Thomas Carter,"644 Cindy Ports Apt. 806 West Ericberg, MN 72044",+1-833-305-8547x45906,xpowell@hawkins.org,No,06-07-2020,6807,Yes,Comprehensive Health Plan
147f49a3-29d6-40ec-a6bf-9bb1fd15ed4e,CPT-52073,Annually,10cbf162-9982-4e38-9184-dd17b6613379,10657,Dr. Amanda Gomez,"Graham, Ramirez and Chung",Treatment: Administered antipyretics and managed symptoms of dengue hemorrhagic fever.','Admission Start Date:25-07-2020; Admission End: 04-02-2021; Treatment: Treatment: Administered antipyretics and managed symptoms of dengue hemorrhagic fever.'',Development staff leave low system risk.,38100,Contreras-Zimmerman,Approved,862.889.0566,"Pena, Duran and Chan",Eye and Vision Care,fbccf40e-af83-4ade-b015-8de55ef68f2e,Corporate,27-09-2020,3190,723,29-04-2020,10-09-2021,GB39QAUF31363511966075,fbccf40e-af83-4ade-b015-8de55ef68f2e,Brian Martinez,"31705 Cantu Forks Cooperside, VT 19553",+1-147-180-8697x91036,courtneydavis@gmail.com,Yes,25-07-2020,5754,No,Comprehensive Health Plan
3a89fca8-fd6b-4aee-a26e-3c274c40ec77,CPT-99846,Monthly,bf47fe1c-c04c-42d8-8d8a-f89babfffaf0,64335,Dr. Michael Jones,"Cooper, Park and Ramirez",Treatment: Administered bronchodilators and oxygen therapy for chronic obstructive pulmonary disease (COPD).',Possible throughout news someone condition.,Wear account anything page usually outside.,25573,Greer Inc,Approved,282-797-6056x40607,"Hall, Prince and Todd",Skin and Dermatology Care,08a554c5-1fd7-4a93-9875-7a57177b62b6,Individual,04-03-2025,91442,772,29-09-2024,22-12-2025,GB39XGTA85384070909442,08a554c5-1fd7-4a93-9875-7a57177b62b6,Wanda Hancock,"951 Michael Curve Suite 901 Lake Dylan, NE 47857",+1-907-655-8927x983,thompsonmartin@bullock-miles.com,Yes,22-06-2023,5720,No,Comprehensive Health Plan
0fb449c4-a695-4599-8d51-76620b7a99f7,CPT-67596,Quarterly,d4f3067e-dbaf-4085-9c8d-9c18b7e99fea,43407,Dr. Cory Brewer,"Barton, Mullins and Vega",Treatment: Performed cataract removal and implanted intraocular lens.',Open court step discover pay.,Raise by region young blood Congress by.,61833,Jackson-Figueroa,Approved,001-257-159-7961x252,Thomas LLC,Hospitalisation Benefits,c6bd53d3-a5a8-4b70-ab33-af1329167066,Corporate,23-02-2023,40538,756,18-03-2020,24-06-2023,GB88GBOE03837202398838,c6bd53d3-a5a8-4b70-ab33-af1329167066,Daniel Martin,USCGC Yates FPO AA 45163,001-148-061-8709x069,stephanie09@hotmail.com,No,03-02-2021,4886,No,Senior Citizen Health Insurance Plans
965e5ac1-14fd-413b-b14b-72e3370235f6,CPT-98258,Monthly,b9ec124b-ce58-4fbb-95f8-ab4f16dac0ce,48833,Dr. Darlene Fisher,Jacobs PLC,Treatment: Provided intravenous fluids and electrolyte therapy for severe dehydration.',Garden relate less color. Voice have friend together training relationship while.,Even she crime natural during investment.,20982,Green Ltd,Approved,(413)967-7631,"Wheeler, Johnson and Kent",Mental Health Care,e3a4a690-6e97-4149-a4b2-4adc7a0e8e84,Individual,22-05-2021,11452,201,18-10-2020,30-08-2021,GB15NJUW47194288367704,e3a4a690-6e97-4149-a4b2-4adc7a0e8e84,Deanna Mccullough,"PSC 4593, Box 5048 APO AE 51030",001-011-914-1797x134,robbinsmarissa@hotmail.com,Yes,09-03-2025,1635,Yes,Comprehensive Health Plan
602d0511-89f1-4782-bc9b-78288ec8ed1a,CPT-50548,Annually,41d2a803-addf-47af-8ab0-2fd60a00b91a,49672,Dr. Dr. Angela Dyer,Mitchell and Sons,Treatment: Managed acute pulmonary embolism through anticoagulation therapy under close supervision.',Teacher which character southern nice exactly. Somebody what they majority.,Call seem lot old anyone energy whose.,30930,Rivera-Williams,Rejected,5788444230,Henry-Hernandez,Hospitalisation Benefits,95ccaeea-cbcd-4c66-a219-6eb2899819cc,Corporate,17-07-2024,62183,734,21-07-2022,23-09-2024,GB09KZWH63119444833132,95ccaeea-cbcd-4c66-a219-6eb2899819cc,Andrew Gonzalez,"483 Lloyd Skyway Apt. 123 Robertchester, CT 48758",(548)207-4726x3511,keithprice@hotmail.com,Yes,01-03-2021,3952,Yes,Senior Citizen Health Insurance Plans
b692109b-9e0c-4c60-8fd6-a04b68b7589b,CPT-12501,Quarterly,f53b777e-514b-4030-8983-168a097ad971,7505,Dr. Jasmine Henry,Hunter Ltd,Treatment: Managed complications of chronic kidney disease through hospitalization and dialysis sessions.','Admission Start Date:25-10-2021; Admission End: 26-11-2024; Treatment: Treatment: Managed complications of chronic kidney disease through hospitalization and dialysis sessions.'',Economy still wide key condition.,52042,"Garcia, Harding and Edwards",Approved,001-708-440-6478x985,"Jarvis, Cook and Wells",Skin and Dermatology Care,04695c0e-dea7-4dc2-a1f2-b958e691dbfe,Family,29-10-2024,85647,539,22-11-2023,01-03-2025,GB42BKLK73845051729106,04695c0e-dea7-4dc2-a1f2-b958e691dbfe,Michael Castillo,"5984 Sandra Wells Suite 282 South Tinafort, IN 18042",(257)553-3410,stevenweaver@shaw-johnson.com,Yes,25-10-2021,8198,No,Comprehensive Health Plan
9c0220b1-051d-46a3-9521-f52821f3238a,CPT-97322,Annually,a72f7daa-21b8-47de-86ca-895cbe5065e1,90679,Dr. Alex Hall,Baker-Morris,Treatment: Hospitalized for treatment of severe asthma exacerbation with corticosteroids.',Color area technology window election.,Statement radio already might.,69083,Manning PLC,Rejected,+1-898-784-2450x396,Riddle-Brown,Critical Disease Specific Plans,ba95dff8-493a-4112-9a0c-3179fa407127,Corporate,04-10-2022,33945,946,12-07-2020,13-06-2023,GB84GRSH28057010429182,ba95dff8-493a-4112-9a0c-3179fa407127,Logan Jacobs,"0556 Natalie Passage Reevesmouth, AL 18920",7927428032,dwade@shaw.com,Yes,20-05-2022,1712,No,Disease-Specific Health Insurance Plans
aa350f3c-4d43-4827-a2e7-b36d13fb131d,CPT-98147,Monthly,19512cd7-32d0-4068-b1fe-42e38e195c81,84955,Dr. Christopher Jacobs,Stokes LLC,Treatment: Administered bronchodilators and oxygen therapy for chronic obstructive pulmonary disease (COPD).',Same vote upon growth party all.,There during just billion thing cover despite.,49502,"Kelley, Bishop and Park",Rejected,736-109-9427x9683,"Ashley, Nelson and Guerrero",Critical Disease Specific Plans,10e74ed0-027c-43f8-99a5-f160b544d5ec,Corporate,04-10-2022,20628,325,19-12-2020,01-07-2023,GB70SLGK45058599633856,10e74ed0-027c-43f8-99a5-f160b544d5ec,Stacey Flores,"28963 Bryant Valleys Apt. 439 Bellshire, HI 12583",(581)314-1831x9189,katherine84@hotmail.com,No,25-12-2021,9183,No,Disease-Specific Health Insurance Plans
b3b451d5-5d51-4f5d-904b-6ffc653d3725,CPT-90505,Annually,c89d055b-cf25-4531-bbcf-e754a8b2ebb4,90957,Dr. Rebecca Harrison,Wolf Ltd,Treatment: Administered antipyretics and managed symptoms of dengue hemorrhagic fever.','Admission Start Date:03-03-2024; Admission End: 21-08-2025; Treatment: Treatment: Administered antipyretics and managed symptoms of dengue hemorrhagic fever.'',Why tonight special able it share measure.,26513,"Jordan, Riley and Baxter",Rejected,001-481-086-2356,Chambers LLC,Mental Health Care,0b129b8e-cbcb-4c84-b7e9-b019aab8ecae,Corporate,05-03-2025,3076,277,17-10-2024,28-11-2025,GB23KJPN25415533329153,0b129b8e-cbcb-4c84-b7e9-b019aab8ecae,Ronald Martin,"820 White Cliffs South Laura, KY 17417",841-094-3115,jonathan76@gmail.com,Yes,03-03-2024,8775,Yes,Comprehensive Health Plan
70b62f57-55a9-4f31-af8d-670dc1ebb6b5,CPT-49550,Annually,8504d4fd-f9d6-4911-8466-849474bba32c,36842,Dr. Alexis Carter,"Simmons, Sutton and Chavez",Treatment: Managed acute pulmonary embolism through anticoagulation therapy under close supervision.',State animal guy purpose population season program forget. Yard American until situation down method.,Off sing power capital.,98175,Harris-Foley,Rejected,426.390.6185x83632,Brady LLC,Dental Treatment Coverage,9c7e3871-d231-4a37-a077-f8b2dd3eff02,Corporate,25-07-2021,46927,712,23-05-2021,08-11-2021,GB14PCDW15001630391752,9c7e3871-d231-4a37-a077-f8b2dd3eff02,Debra Thompson,"890 Rodriguez Cape New Jason, NC 97539",9675410824,obrowning@hotmail.com,Yes,12-09-2021,1273,Yes,Senior Citizen Health Insurance Plans
02484b6b-cb6d-4fe5-a0e8-73684248ef10,CPT-86661,Quarterly,764cdf18-469e-46eb-a332-b92a18d353d0,26650,Dr. Cynthia Hernandez,"Watson, Bishop and Simmons",Treatment: Performed minor surgery for injury repair.','Admission Start Date:24-12-2023; Admission End: 25-01-2025; Treatment: Treatment: Performed minor surgery for injury repair.'',Speak public successful leave say.,49714,Elliott-Sullivan,Approved,001-690-010-0131x728,"Arnold, Norris and Cummings",Maternity Benefits,c291db08-b6d0-4a9f-ab52-889f242f9457,Individual,17-05-2024,57726,703,24-05-2022,29-01-2025,GB13TOPA95769127151201,c291db08-b6d0-4a9f-ab52-889f242f9457,Denise Delacruz,"9092 Rebecca Mountains Alejandrafort, SD 53973",(972)716-2275x1283,joel45@gmail.com,Yes,24-12-2023,8179,Yes,Comprehensive Health Plan
76381420-5739-4a56-84a0-c71120d2a06e,CPT-94147,Annually,b9383912-a770-46da-82e5-a92990e1225e,41503,Dr. Lauren Huffman,Obrien-White,Treatment: Assisted with delivery and provided neonatal care.',Provide bit growth meeting together fall tell relate. Develop night Congress above small.,Study official defense admit once well fund.,63180,Malone-Blair,Rejected,553.335.9187,Morgan-Cox,Mental Health Care,e074ccab-a043-4ced-8f3e-4024e2aeb804,Corporate,23-04-2023,55724,262,23-12-2022,19-02-2024,GB38NSQA35010148707563,e074ccab-a043-4ced-8f3e-4024e2aeb804,Samuel Williams,"8510 Courtney Prairie Johnsonhaven, VT 38602",(554)867-4509x74042,carolyn00@huffman-molina.com,No,17-06-2021,4797,No,Comprehensive Health Plan
1b1d990f-fb92-4167-9d53-94fe1e65670e,CPT-47947,Annually,2ceb3c6e-1630-43ec-b675-52bbefd86af6,60509,Dr. John Bentley,"Cortez, Davis and Buckley",Treatment: Conducted hospital-based monitoring for critical dengue shock syndrome cases.','Admission Start Date:02-04-2022; Admission End: 15-09-2022; Treatment: Treatment: Conducted hospital-based monitoring for critical dengue shock syndrome cases.'',Nor power open attorney imagine.,71480,Townsend Ltd,Rejected,+1-990-219-2050x742,Cummings Group,Critical Disease Specific Plans,602d6c62-cc28-4f9a-991d-3ed68f9102c8,Individual,28-10-2022,99900,361,09-07-2022,13-07-2023,GB36EERD52557818083438,602d6c62-cc28-4f9a-991d-3ed68f9102c8,William Shah,"90309 Moore Passage Apt. 959 East Ethanfurt, AL 55349",001-445-732-6116x7428,xbanks@berry.com,No,02-04-2022,9239,No,Disease-Specific Health Insurance Plans
f0b8dec3-dd89-4872-a4b8-edd7d1603767,CPT-15836,Monthly,ad060b9c-2735-42a6-9e11-616a91b64fc7,82802,Dr. Sherry Williams,Baker-Barnes,Treatment: Vi',Agree nearly usually police can.,Of provide try character affect ever.,50088,"Little, Smith and Silva",Approved,(327)838-0933x12969,Woodard-Johnson,Skin and Dermatology Care,a9760737-cae6-4959-92da-41d86bc536a8,Corporate,06-03-2025,51484,662,05-03-2025,29-11-2025,GB80TSEN59269582602832,a9760737-cae6-4959-92da-41d86bc536a8,Richard Ross Jr.,"804 French Place Suite 284 Crystalberg, NE 00921",-4445,kirkautumn@thompson.com,Yes,10-11-2023,5855,Yes,Comprehensive Health Plan
3af271ff-9389-4821-8fb2-9f808271579a,CPT-46566,Monthly,49b9e88c-ba45-41de-b0f0-32049801ea0e,56312,Dr. Jonathan Walker,Vega-Castro,Treatment: Conducted angioplasty and monitored for complications.',Music sound claim short together defense list. Possible real would would white fall among.,Hard when us protect decision.,9222,Padilla Ltd,Approved,212.853.1532,Jones and Sons,Critical Disease Specific Plans,4c277af7-3177-467d-8d3c-79f2eda92d4d,Family,04-10-2022,3132,342,25-05-2022,06-06-2023,GB91MKPD14938770006803,4c277af7-3177-467d-8d3c-79f2eda92d4d,Ann Hooper,"89834 Curry Oval Suite 986 Kyleside, OR 42030",(128)475-6621,deanlindsey@walker.info,No,26-07-2021,9576,No,Disease-Specific Health Insurance Plans
d5a1dbe7-c9c0-4992-b67d-dd5b785df7d1,CPT-59093,Quarterly,a11ec8e8-1c99-4239-9e6c-1d1bd5e43c04,85433,Dr. Samuel Davis,Page LLC,Treatment: Administered antipyretics and managed symptoms of dengue hemorrhagic fever.','Admission Start Date:29-11-2021; Admission End: 04-06-2024; Treatment: Treatment: Administered antipyretics and managed symptoms of dengue hemorrhagic fever.'',Hundred answer grow evidence.,7493,"Rose, Johnson and Estrada",Approved,(266)634-4871x6349,Tate and Sons,Critical Disease Specific Plans,a73a0cfe-4579-42fa-b930-67129b158799,Corporate,04-05-2024,32261,113,10-12-2023,30-08-2024,GB55JRHH94591932482369,a73a0cfe-4579-42fa-b930-67129b158799,Deborah Buchanan,"143 Alyssa Vista Apt. 133 New Matthew, MA 26110",711-904-8649x194,michaelmullins@yahoo.com,No,29-11-2021,1331,No,Disease-Specific Health Insurance Plans
4639db06-90b1-468e-b112-b5657276da62,CPT-53172,Quarterly,1efa96be-6989-4d4c-abfe-3f8fb6f61606,25106,Dr. Samantha Lowery,Strong Group,Treatment: Administered pain relief for post-operative recovery.',Put recent pass keep offer long likely.,Piece sing discuss above show any national.,76588,Morgan-Wheeler,Approved,001-455-395-1744x99113,House-Scott,Includes Yearly Medical Check-Ups,d2d2da01-1f1f-4e45-b86c-1f68770e1e3d,Corporate,02-01-2025,78012,428,12-04-2021,20-10-2025,GB51WFNE60726623911593,d2d2da01-1f1f-4e45-b86c-1f68770e1e3d,James Wilson,"2273 Emily Islands Suite 092 Michaelshire, WV 25907",231-208-8634x4831,jasoncruz@taylor-hayes.net,No,03-09-2023,5576,Yes,Comprehensive Health Plan
eb430cd8-643c-415c-a8d4-ed32128b3116,CPT-68283,Quarterly,66f0c885-39e4-4fcb-9bc7-2a512894bee3,56551,Dr. Daniel Frazier,Watkins-Woodard,Treatment: Provided care for acute kidney injury requiring urgent dialysis.','Admission Start Date:11-11-2023; Admission End: 15-02-2025; Treatment: Treatment: Provided care for acute kidney injury requiring urgent dialysis.'',Shake rise character do talk down.,33799,Ramirez-Steele,Rejected,001-853-074-5535,"Carter, English and Parker",Includes Yearly Medical Check-Ups,c4c82676-f137-46bf-ba85-c895093828d8,Individual,22-09-2024,74998,820,31-08-2024,25-02-2025,GB63LUCN18573683389246,c4c82676-f137-46bf-ba85-c895093828d8,Julia Williams,"90442 Andrew Cove Apt. 047 Thomasstad, GA 62790",808-969-5854,jeffrey64@gmail.com,No,11-11-2023,7001,Yes,Senior Citizen Health Insurance Plans
833a6c02-0121-43e8-982d-ba1141434852,CPT-78896,Monthly,62f87339-6e42-4b2b-b86d-f06245f42788,19567,Dr. Jeffrey Fox,"Johnson, Austin and Griffin",Treatment: Conducted postpartum evaluation and counseling on lactation.',Baby peace positive less section program. Suffer everyone hair speech piece throughout form.,Memory music simply wind executive positive.,25189,"Hurley, Dixon and Norman",Rejected,001-280-823-6625x1739,Macias and Sons,Includes Yearly Medical Check-Ups,7db9c349-5c04-4ca6-a943-47809db1b44e,Corporate,22-07-2021,74141,166,18-02-2021,08-10-2021,GB23VUPV58584781823948,7db9c349-5c04-4ca6-a943-47809db1b44e,Ann Black,"6001 Pugh Dale Ramirezmouth, KY 41151",(251)987-0476,sharondixon@gmail.com,No,19-04-2024,9597,Yes,Comprehensive Health Plan
14ad6be8-0049-46ef-ab3e-e4f95d41af70,CPT-25146,Quarterly,ba5d8e83-5aca-4c12-a2ec-eee4413aed3f,21753,Dr. Anthony Chambers,Lee-Fleming,Treatment: Administered peritoneal dialysis and provided post-treatment counseling.','Admission Start Date:31-05-2022; Admission End: 13-11-2022; Treatment: Treatment: Administered peritoneal dialysis and provided post-treatment counseling.'',Draw must anything notice government company.,51940,"Morton, Lynn and Bolton",Approved,137-589-9520x5696,Martinez LLC,Includes Yearly Medical Check-Ups,62c7a974-f22c-42df-a38d-0d5de4024f0d,Individual,20-07-2022,81364,117,20-06-2020,13-03-2023,GB27PSWW69647351272651,62c7a974-f22c-42df-a38d-0d5de4024f0d,Shannon Owens,"66891 Thomas Fort Toddfurt, NJ 80208",200-218-6147x37168,dwoods@hotmail.com,Yes,31-05-2022,3927,Yes,Comprehensive Health Plan
9a362cdb-c58e-4dc8-9abe-fc7270b38ab3,CPT-53136,Monthly,a736877a-5a6a-4b9d-aff3-f8119ff7aad5,66450,Dr. Christopher Jones,Bell Inc,Treatment: Conducted follow-up after laser cataract surgery.Monitored and managed platelet count through blood transfusion during dengue fever.','Admission Start Date:15-05-2021; Admission End: 15-11-2025; Treatment: Treatment: Conducted follow-up after laser cataract surgery.Monitored and managed platelet count through blood transfusion during dengue fever.'',Large water camera source your various decide.,49006,Francis-Bell,Rejected,9094354713,Williams Group,Critical Disease Specific Plans,17f2fff9-c525-4d28-a69f-82ae40ecaefb,Family,10-01-2025,38425,145,09-01-2022,16-11-2025,GB87JLYW08114739847938,17f2fff9-c525-4d28-a69f-82ae40ecaefb,Donald Acosta,"51834 Acosta Vista Apt. 683 Lake Tracy, FL 58032",001-409-668-6177x72242,williamskevin@garcia-farrell.com,Yes,15-05-2021,3232,Yes,Disease-Specific Health Insurance Plans
ddc0d0e8-7697-4332-87ac-c14abb7b4d21,CPT-23444,Monthly,062dde63-0670-4525-986f-a99bf3baf97c,92902,Dr. Kimberly Byrd,"Humphrey, Brown and Delgado",Treatment: Managed complications of chronic kidney disease through hospitalization and dialysis sessions.','Admission Start Date:29-11-2020; Admission End: 06-12-2022; Treatment: Treatment: Managed complications of chronic kidney disease through hospitalization and dialysis sessions.'',Could run figure character.,33797,"Williams, Zuniga and Smith",Rejected,8624904392,Baker-Smith,Eye and Vision Care,391c26c7-2b74-4b70-9d08-6184ac69748b,Corporate,14-08-2024,52131,7,19-06-2021,15-04-2025,GB64YHPE25315134719066,391c26c7-2b74-4b70-9d08-6184ac69748b,Jessica Sparks,"8569 Kurt Forest Travisview, UT 05070",497.993.3106x247,debra90@bryant.com,Yes,29-11-2020,6819,Yes,Comprehensive Health Plan
f21752c1-61a3-4df7-9358-b1f4c9dd58bf,CPT-29896,Annually,6cd866c1-94f0-441c-ac39-e5da117f9ad3,48375,Dr. Christopher Brown,"Ramsey, Fowler and Walton",Treatment: Provided ventilator support for respiratory failure caused by severe pneumonia.','Admission Start Date:16-10-2022; Admission End: None; Treatment: Treatment: Provided ventilator support for respiratory failure caused by severe pneumonia.'',Try from perform hold. Establish stay radio.,12724,Brown Ltd,Approved,-5862,Rogers and Sons,Respiratory Health,bcc74a3a-291f-4e50-aab9-5e759be9edb5,Corporate,31-05-2021,86376,58,19-02-2020,01-01-2022,GB37YDWX42703303869903,bcc74a3a-291f-4e50-aab9-5e759be9edb5,Mary Gould,"PSC 9188, Box 4908 APO AA 74453",347.613.0628x8652,monicapatterson@scott.com,No,16-10-2022,8062,No,Senior Citizen Health Insurance Plans
c06a7263-475a-4155-ade0-f5d93f94b331,CPT-91259,Annually,005e0f10-9bbb-4fab-9ada-6c573515194a,85222,Dr. Brenda Smith,Stephens-Zavala,Treatment: Administered post-operative eye drops and advised on vision recovery.',American though yeah space rich job.,Approach happen all issue feeling common another.,92641,Novak-Thomas,Approved,146-040-9220x389,Garcia-Moreno,Protection from Growing Medical Expenses,bd56dd45-7107-4176-854a-7f29da3fb7a9,Family,14-08-2024,1553,680,24-05-2024,23-05-2025,GB74QJDQ71440090374150,bd56dd45-7107-4176-854a-7f29da3fb7a9,Patrick Shields,"15822 Evans Summit West Jennifershire, NH 34842",503.584.5365x92901,stevensoto@vasquez.com,No,23-12-2021,1979,Yes,Senior Citizen Health Insurance Plans
ea588895-11ad-47d6-87b5-9bb43fde99dc,CPT-80508,Quarterly,5441b628-b28e-4c69-abab-8c2fdcb558c6,21947,Dr. Maureen Tucker,Fowler-Johnson,Treatment: Provided counseling for mental health support.',Alone want gun course.,Anyone time scene two often name bag.,1577,"Ross, Carr and Johnson",Rejected,001-008-758-0227x51976,"Wood, Gibson and Powell",Hospitalisation Benefits,033191cc-f24d-414c-b814-add569ec3637,Family,22-12-2020,87131,405,05-02-2020,15-02-2021,GB88KBHY10002813355822,033191cc-f24d-414c-b814-add569ec3637,Michael Parker,"1215 Adkins Circles East Matthew, NJ 45584",001-191-362-5886x39035,rogerskirk@reyes-mason.com,Yes,06-01-2023,8756,No,Comprehensive Health Plan
ff59c413-3549-46c2-bb26-3681417427f6,CPT-60455,Quarterly,150132fc-7838-46e0-9921-f4ba3a16e705,56857,Dr. Linda Howard,"Ford, Houston and Reed",Treatment: Vi',Difference how let show fast deal style. To necessary rich talk describe be.,Personal activity practice sometimes term.,97084,Evans-Jones,Approved,687-133-3601,"Schultz, Ortega and Nash",Critical Disease Specific Plans,fd342189-66d1-47a5-b72b-cca1bcf0442a,Corporate,01-01-2025,82623,298,06-10-2024,06-07-2025,GB52EPQV13484662322335,fd342189-66d1-47a5-b72b-cca1bcf0442a,April Johnson,"160 Williams Lodge Suite 843 Haneyborough, VT 06014",(135)036-0265x345,lawsonkimberly@everett.com,No,15-11-2023,5300,Yes,Disease-Specific Health Insurance Plans
93ec862d-6217-4386-b4ea-09c957568fc7,CPT-33975,Monthly,f7641cf9-bd4c-4b21-9779-6e3c10a9c84a,55518,Dr. Meagan Lozano,"Sloan, Lewis and Barry",Treatment: Administered supplements for maternal health and fetal development.',Try quality spend push toward.,Time rise painting every mention.,25774,"Chapman, Dunlap and Morrison",Rejected,812.617.3960,"Keller, Le and David",Dental Treatment Coverage,c785024f-543a-4775-8b36-d9fc743f5e23,Individual,22-02-2025,67408,841,09-10-2024,07-09-2025,GB28ZSRJ48234179988128,c785024f-543a-4775-8b36-d9fc743f5e23,Christopher Brown,"146 Wilson Field Suite 955 Port Jodytown, VT 50230",001-711-314-2189,miguel92@hotmail.com,Yes,24-05-2023,1707,No,Senior Citizen Health Insurance Plans
ab5adb41-db4d-47c4-baa0-3126e3647013,CPT-66577,Monthly,782b58b8-3e21-45c4-8a3d-2e531b4eb948,31471,Dr. Edward Wright,Johnson-Williams,Treatment: Conducted routine check-up and prescribed vitamins.',Recognize receive coach.,Career attorney them machine forward executive.,44085,"Harris, Kelly and Sweeney",Rejected,(991)883-1722,Austin-Richards,Critical Disease Specific Plans,6fa443d3-e09e-427e-a347-2214ccf0af2b,Family,10-03-2025,82742,19,25-02-2025,04-01-2026,GB14DIIS11155982576112,6fa443d3-e09e-427e-a347-2214ccf0af2b,Scott Harris,"220 Thomas Court Apt. 520 Jonesview, NC 57551",9817106209,fernandezmichael@hotmail.com,No,24-06-2022,6399,Yes,Disease-Specific Health Insurance Plans
ba974142-fa51-4117-b84c-277362c54062,CPT-30160,Monthly,31aafcfc-3d14-42ad-9be3-169011e828f8,44576,Dr. Laura Castillo,"Ramos, Hall and Price",Treatment: Provided cardiac rehabilitation and prescribed medications for recovery.',Meet general size real without sister focus.,Gas today will take remember or source.,94487,Prince and Sons,Approved,+1-907-114-5113x13592,Shaw-Sims,Maternity Benefits,3595dbf6-d26b-4d09-9b7c-ff2d4e55d7a3,Individual,09-08-2021,86885,759,18-01-2021,15-06-2022,GB43PAPE83257767618315,3595dbf6-d26b-4d09-9b7c-ff2d4e55d7a3,Danielle Robertson,"562 Hansen Streets New Erica, MO 63452",389.254.5740x13365,simmonsalejandro@curtis.com,No,15-03-2023,909,No,Comprehensive Health Plan
cef6b508-b467-47c8-b274-0f9549e44f20,CPT-59146,Annually,335b49d2-dc87-4f86-ab45-70e4a73f4a7f,9906,Dr. Laura Hall,"Edwards, Gill and Harvey",Treatment: Administered post-operative eye drops and advised on vision recovery.',Scientist later fact.,Then what near capital. Ready far poor little.,18303,"Hernandez, Smith and Williams",Approved,(681)567-5780,Arnold-Andrews,Mental Health Care,797095c5-7dab-487d-88f3-929d65929c6f,Individual,07-04-2023,18372,820,12-10-2020,17-12-2023,GB65OUKK26237501677453,797095c5-7dab-487d-88f3-929d65929c6f,Shane Nelson,"873 Dodson Extension South Davidborough, PA 40762",(673)783-6685,wmiles@hotmail.com,Yes,28-12-2020,2118,No,Comprehensive Health Plan
f0129d56-3c59-46a9-a145-333fb9404207,CPT-49379,Monthly,b96d7795-499a-4500-80a2-4f9f697a6adb,84910,Dr. Samuel Washington,"Berry, Smith and Williams",Treatment: Provided prenatal care and routine ultrasound monitoring.',Serve world section need.,Form check happy customer woman.,33770,"Wolfe, Fuller and Turner",Approved,(032)617-4042x2100,Lopez-Lawrence,Mental Health Care,20905a4d-d6aa-4a0d-9942-02b8e8b5ac7f,Individual,13-01-2023,40564,462,30-07-2021,29-09-2023,GB27APEP07832479566450,20905a4d-d6aa-4a0d-9942-02b8e8b5ac7f,Michele Davis,"13666 Mendez Ports Michaelmouth, ME 42591",(608)574-1397x231,ksimpson@trujillo-guerra.com,No,14-08-2022,9109,No,Comprehensive Health Plan
d75dec75-9a46-4b54-8f93-c270e113da02,CPT-25504,Annually,a5b1bec1-11b2-49e9-8038-689ac17ca3fe,99080,Dr. Rodney Palmer,Mills LLC,Treatment: Provided intravenous fluids and electrolyte therapy for severe dehydration.',Mother too degree individual effect within.,Right according best service economy.,30327,Hernandez LLC,Rejected,223-194-2816,Smith-Cardenas,Maternity Benefits,998d1f8c-b30b-4560-ba9e-33c9c9495fc0,Family,26-10-2023,66922,783,05-11-2021,24-09-2024,GB63QFXO05757771500771,998d1f8c-b30b-4560-ba9e-33c9c9495fc0,Erin Keller,"248 Lewis Lock Suite 800 West Nicholas, PA 36827",(673)450-5587x8209,tiffanyperry@ellis-johnson.net,Yes,30-12-2021,5737,No,Comprehensive Health Plan
3ce9d731-157f-49b8-93a7-87f2de6582f2,CPT-73350,Quarterly,526c1ddf-3d84-4783-81de-dc944f866f58,27331,Dr. Mark Watts,"Fisher, Matthews and Hernandez",Treatment: Vi',Let mean something sort.,Environment new rock key many buy.,49600,Newman Ltd,Approved,001-273-468-5436x29862,Gonzalez Ltd,Critical Disease Specific Plans,55e58173-5200-4278-84e7-fe487c1986c3,Corporate,29-04-2024,81339,417,20-07-2023,09-12-2024,GB18VHQM40405118935372,55e58173-5200-4278-84e7-fe487c1986c3,Thomas Wagner DDS,"3562 Jay View Apt. 945 North Matthewton, NH 24863",(478)237-8700x73415,pattersonalan@mathis.com,Yes,13-07-2023,4172,No,Disease-Specific Health Insurance Plans
e27dba05-8679-4760-852d-2ac56fe750cf,CPT-14900,Annually,9b82d0d8-8e49-404d-8bdc-3473ecd0808c,93867,Dr. Sharon Richmond,Gillespie Inc,Treatment: Conducted postpartum evaluation and counseling on lactation.',Current certain visit teach conference true amount.,Least see trip performance or.,60110,Anthony-Roth,Approved,+1-400-030-9164x15145,King-Massey,Low-Cost Premium for Young People,83775b4b-68bf-4da9-ac6d-2018cca5d94c,Individual,18-07-2022,74569,744,24-03-2022,10-12-2022,GB43PMVV26867586615096,83775b4b-68bf-4da9-ac6d-2018cca5d94c,Ashley Sutton,"579 Cruz Burgs South Allenmouth, IA 53470",091-360-2428,melissadurham@hotmail.com,No,28-04-2023,1260,Yes,Comprehensive Health Plan
a803d8d3-6b4e-40ec-a3dd-de392e0b9777,CPT-89638,Annually,29e6e727-5ad7-4832-b408-9189bd0f9803,20141,Dr. John Salinas,Atkins-Hutchinson,Treatment: Administered bronchodilators and oxygen therapy for chronic obstructive pulmonary disease (COPD).',Chance thus hand up. Similar industry yourself government moment form try.,Discuss process wall source pattern raise.,58135,Freeman LLC,Approved,661.511.9121,Kim-Harrison,Dental Treatment Coverage,b4fcc01d-53bc-4313-b3a9-246d3da1bf18,Family,16-09-2024,56925,958,19-07-2024,17-06-2025,GB02GJJK99735255755803,b4fcc01d-53bc-4313-b3a9-246d3da1bf18,Mr. Jeff Flores,"1167 Jerry Centers Apt. 020 East Jessica, CA 88543",959-408-9105x623,gmorales@gmail.com,Yes,18-01-2025,5721,No,Senior Citizen Health Insurance Plans
6fa216c1-51c7-43c0-a51b-bb376e146c82,CPT-99297,Monthly,c4891d4f-d3b9-4300-b619-ad6e4c14ce90,59349,Dr. Priscilla Velasquez,"Jones, Brown and Cunningham",Treatment: Administered antibiotics for infection control.',Poor trip performance know.,The as with customer.,4299,Nichols and Sons,Approved,001-687-218-5826x9829,"Rowe, Strickland and Walsh",Low-Cost Premium for Young People,1afc9a66-0c68-4d66-b778-7469933d8fb9,Corporate,21-07-2024,63708,815,26-08-2021,11-08-2024,GB04MHUX85925934952367,1afc9a66-0c68-4d66-b778-7469933d8fb9,Antonio Phillips,"609 Rhodes Spurs Port Leah, NY 10848",+1-090-046-0277x101,waltonnathan@gmail.com,No,25-12-2022,5913,Yes,Comprehensive Health Plan
7ae64219-c621-4c80-816b-336f6eee26e9,CPT-47600,Quarterly,8dcb270b-78b2-4ded-b282-1146624ebe29,94257,Dr. Shane Henderson DDS,Hanson-Fischer,Treatment: Administered post-operative eye drops and advised on vision recovery.',Almost agency model agreement care especially suggest responsibility. And brother look boy organization herself.,See enjoy to yourself only popular job.,77360,Thompson-Williams,Rejected,001-732-438-9125x16363,Price and Sons,Critical Disease Specific Plans,6b5a8fb0-3446-4d89-b379-f77a2a2b931c,Individual,13-01-2022,19426,581,23-10-2021,21-01-2022,GB40SXGL04650816297386,6b5a8fb0-3446-4d89-b379-f77a2a2b931c,Rhonda Townsend,"3405 Kim Gardens Apt. 741 Jenkinsshire, OK 37963",+1-754-407-5409x479,leslie94@gmail.com,Yes,12-03-2022,1004,No,Disease-Specific Health Insurance Plans
7bf91157-6b9c-46f3-baee-4a15fe50e28d,CPT-73500,Annually,1f5280a2-02fe-4a92-bb71-066e4e8f2d87,10104,Dr. Cynthia Patterson,Lawrence-Garcia,Treatment: Performed cataract removal and implanted intraocular lens.',Cold speak house join read miss.,Blood rate work research player police magazine.,55677,Nixon Inc,Rejected,207-733-6908x31494,Williams Inc,Critical Disease Specific Plans,1bcdebb1-a620-43f7-b13d-b696d9f5265b,Individual,18-11-2021,70006,907,13-10-2020,28-03-2022,GB10GLOJ92322567755954,1bcdebb1-a620-43f7-b13d-b696d9f5265b,Brian Pace,"16488 Anthony Branch Brownburgh, IN 03580",067.687.6501,hwoods@hotmail.com,Yes,16-09-2021,1882,No,Disease-Specific Health Insurance Plans
7754c28d-7c0d-4db4-a100-7e40d62d08b6,CPT-13194,Quarterly,7fbcd2ab-0282-4749-9cef-1820412371c1,28170,Dr. Michael Tran,"Morales, Ford and Harvey",Treatment: Performed hemodialysis for renal failure with continuous monitoring of vitals.','Admission Start Date:06-02-2021; Admission End: 04-12-2023; Treatment: Treatment: Performed hemodialysis for renal failure with continuous monitoring of vitals.'',Forget between sister author professor.,31712,Anderson LLC,Rejected,115.884.7651,Rowland-Johnson,Critical Disease Specific Plans,f9fb8b5a-0a0e-4c5f-8701-4264bdf65ed9,Individual,30-05-2023,91030,16,22-07-2021,21-12-2023,GB61JKKT07260284206702,f9fb8b5a-0a0e-4c5f-8701-4264bdf65ed9,Carlos Carroll,"PSC 2854, Box 0088 APO AP 16798",(026)602-6180,jcruz@hotmail.com,Yes,06-02-2021,9774,Yes,Disease-Specific Health Insurance Plans
0ad677a1-fa64-4fcd-bf84-cfd524f0c6d0,CPT-47296,Quarterly,3b698919-8094-4e5a-99ba-9ac2e6dacd77,12980,Dr. Jennifer Stone,Conley PLC,Treatment: Administered peritoneal dialysis and provided post-treatment counseling.','Admission Start Date:31-05-2020; Admission End: 11-02-2024; Treatment: Treatment: Administered peritoneal dialysis and provided post-treatment counseling.'',Join letter member agree.,47481,Howell Ltd,Approved,(649)689-7005,Jones-Fernandez,Critical Disease Specific Plans,2600290b-ece4-4a9a-818e-1d66160f034e,Family,02-10-2023,30594,134,03-12-2022,07-07-2024,GB97XKNI65380592208854,2600290b-ece4-4a9a-818e-1d66160f034e,Wendy Ward,"1963 Donald Freeway Cherylfurt, OR 05147",169.197.4575x418,brittneypotter@yahoo.com,Yes,31-05-2020,8945,No,Disease-Specific Health Insurance Plans
da0958cc-4ac9-4aee-af3a-758df04df933,CPT-76994,Quarterly,f472967b-9a69-41a6-a3a9-dc57d449e0aa,86185,Dr. David Banks,Martinez-Kelly,Treatment: Administered post-operative care for valve replacement surgery.','Admission Start Date:06-02-2022; Admission End: 31-01-2024; Treatment: Treatment: Administered post-operative care for valve replacement surgery.'',Child view himself person.,50902,Logan and Sons,Rejected,673.498.6011x45172,Roberts-Martin,Mental Health Care,1201f7ab-4226-44ad-be37-5bb855bb85e0,Family,17-03-2024,80800,414,24-05-2022,09-09-2024,GB92GHIE31557210446957,1201f7ab-4226-44ad-be37-5bb855bb85e0,Robert Stone,"69313 Brad Bridge Brookeside, CO 27504",314.371.6180x00885,fosterhunter@jones.com,Yes,06-02-2022,3198,No,Comprehensive Health Plan
8f30a751-5b22-4036-ae3b-8c0ac615239e,CPT-86891,Quarterly,5dce1145-82f6-4a25-b085-763eb0e8f7f6,2005,Dr. Debbie Garcia,Wells PLC,Treatment: Conducted postpartum evaluation and counseling on lactation.',Tv natural ball pretty detail.,Leg gas pattern.,42704,Rogers-Jimenez,Approved,001-154-863-1684x26574,Williams-Rich,Dental Treatment Coverage,ed468cc5-519d-4bb5-b72c-566d352c199f,Family,01-08-2023,8411,240,09-05-2021,16-03-2024,GB44WOEE35226221857451,ed468cc5-519d-4bb5-b72c-566d352c199f,Mitchell West,"67284 Howard Burg Apt. 609 Hallbury, WV 95640",969-172-9229,shendrix@glover.com,No,20-05-2020,7856,No,Senior Citizen Health Insurance Plans
300e5f25-a961-4e9b-b6c8-0509f82f1451,CPT-17358,Monthly,f4842fe2-682d-4999-9ebc-7ec04a475496,23113,Dr. Zachary Sparks,Anderson Inc,Treatment: Administered antipyretics and managed symptoms of dengue hemorrhagic fever.','Admission Start Date:13-10-2021; Admission End: 12-02-2022; Treatment: Treatment: Administered antipyretics and managed symptoms of dengue hemorrhagic fever.'',Tell back only arrive. Onto us same out.,21904,Johnson-Hunt,Rejected,+1-068-781-4687x397,Huff Ltd,Critical Disease Specific Plans,b288c187-4762-4ed1-a5ff-0e9e320d014e,Family,20-09-2021,52991,465,08-02-2021,13-03-2022,GB23KRVO65066630982059,b288c187-4762-4ed1-a5ff-0e9e320d014e,Ryan Yang,"880 Knox Dale Apt. 995 Youngchester, MS 83836",189.405.1719x4812,lhernandez@hotmail.com,Yes,13-10-2021,3086,No,Disease-Specific Health Insurance Plans
45d37a8e-8bf3-4bb6-ad96-5a67e7ffd01a,CPT-63213,Annually,029a2b7f-0849-45dc-a438-09118c22750e,75959,Dr. Harry Munoz,"Miles, Lang and Smith",Treatment: Performed minor surgery for injury repair.','Admission Start Date:09-06-2022; Admission End: 19-02-2025; Treatment: Treatment: Performed minor surgery for injury repair.'',Thank red arrive win risk.,13887,Rojas-Smith,Approved,(120)679-3787x643,Lopez-Cook,Covers Ambulance Fees,7d712554-5c2c-42b4-8baf-98b923f26fb2,Corporate,09-11-2024,7561,384,17-10-2024,16-09-2025,GB22DTKW39651339717601,7d712554-5c2c-42b4-8baf-98b923f26fb2,Michael Ferguson,"72676 Salazar Plaza Suite 163 Johnathanville, IL 32818",533.952.8249x18582,johnkeller@mcguire.com,No,09-06-2022,3373,Yes,Senior Citizen Health Insurance Plans
0f2c618f-b8da-4b19-bf6a-29bdde7d3e18,CPT-15151,Monthly,2d6f15e4-2a47-4533-89d9-f0e058df3fef,54752,Dr. Derrick Page,Jones Ltd,Treatment: Provided physiotherapy for mobility improvement.',Decision music eight car almost. Since state visit see agreement be officer.,Interest stock wait wonder.,12020,Davis-King,Rejected,(754)557-8558x053,Martinez Inc,Critical Disease Specific Plans,3250379e-8f02-4559-906a-9693e80c54dd,Family,17-06-2024,31845,280,08-08-2021,22-09-2024,GB55HSKU90336794763419,3250379e-8f02-4559-906a-9693e80c54dd,Samantha White,"PSC 5663, Box 1612 APO AA 06331",001-076-335-0107,diazkaren@lynch-galloway.com,No,20-04-2021,6658,No,Disease-Specific Health Insurance Plans
7bbedb79-32fe-483f-b5f9-1887fda85fbe,CPT-99906,Annually,e027fadd-fc5c-43a8-8f06-59331a6f0203,87813,Dr. Amanda Simpson,Kim-Hayes,Treatment: Administered post-operative care for valve replacement surgery.','Admission Start Date:01-06-2022; Admission End: 14-05-2023; Treatment: Treatment: Administered post-operative care for valve replacement surgery.'',Street agreement of western trade.,62275,Gardner and Sons,Rejected,577.278.0279x13780,Gray-Tucker,Eye and Vision Care,318577dd-2890-42b3-b559-601636528f76,Individual,19-04-2023,57241,933,13-06-2022,19-01-2024,GB45XWDJ13060928422829,318577dd-2890-42b3-b559-601636528f76,Ashley Frederick,"10232 Hailey Shores Hoffmanhaven, KS 20724",-2033,hfarrell@henderson-lopez.com,Yes,01-06-2022,5035,Yes,Comprehensive Health Plan
8acdfd4d-6312-429b-8ef3-bf108b0583af,CPT-97516,Monthly,cc6efba3-1e4b-480a-bae0-e63bc65d5d88,81350,Dr. Andrea Hernandez,"Garner, Alexander and Holder",Treatment: Performed minor surgery for injury repair.','Admission Start Date:30-01-2023; Admission End: 16-03-2025; Treatment: Treatment: Performed minor surgery for injury repair.'',Class team talk political car my.,76287,Day-Williams,Rejected,3110036120,Hunter-Guerrero,Mental Health Care,216ad4dc-269b-4f90-a622-d7c99f6d44d1,Individual,19-01-2025,31180,446,23-07-2023,02-06-2025,GB95SKVI09594554207928,216ad4dc-269b-4f90-a622-d7c99f6d44d1,Michael Durham,"421 Brewer Walks Apt. 320 Tracyborough, SC 63150",001-056-907-4521x37884,luis82@hotmail.com,No,30-01-2023,5432,No,Comprehensive Health Plan
98ad5500-e20d-4095-a9be-531177771324,CPT-55783,Quarterly,0e4012ba-8644-4f04-9ef0-50d5c97bad1a,20533,Dr. Nicole Chavez,"Allison, Taylor and Waters",Treatment: Conducted postpartum evaluation and counseling on lactation.',Discussion senior impact attorney. Him account land politics trip example.,Near special keep ever.,72285,Bradford Group,Approved,336.549.0608x1726,Medina-Anderson,Critical Disease Specific Plans,94e0bdc0-86cf-4781-b143-817f9e6bc3e1,Family,19-02-2025,45787,671,31-03-2024,24-11-2025,GB68ZLMC90150346678536,94e0bdc0-86cf-4781-b143-817f9e6bc3e1,Kevin Mills,"74633 Morgan Stravenue Suite 505 East Brian, DC 28911",579.643.7066x43428,gjensen@hotmail.com,Yes,27-01-2021,5814,Yes,Disease-Specific Health Insurance Plans
e3f5ff88-b388-4655-a4b6-3e2cad05c17e,CPT-66103,Quarterly,593ed32d-d4d7-4d4f-b4bb-c37af780ee8f,30723,Dr. Jesse Walker,"Li, Santana and Moore",Treatment: Performed minor surgery for injury repair.','Admission Start Date:22-04-2021; Admission End: 18-08-2025; Treatment: Treatment: Performed minor surgery for injury repair.'',Training be walk dream whom allow economic five.,2114,Owen-Brooks,Approved,+1-170-531-7566x50270,Martin-Hall,Maternity Benefits,e8520083-effa-4075-9592-90f1f7594624,Individual,06-02-2025,24771,35,27-03-2023,25-01-2026,GB15EXTH21804354048281,e8520083-effa-4075-9592-90f1f7594624,Kim Williams,"66071 Richardson Cliff Apt. 720 Port Brandonbury, NH 73909",568.922.0903,owalker@hotmail.com,Yes,22-04-2021,4663,No,Comprehensive Health Plan
12d8c799-fc2a-47b5-a0e6-b42bee6563fa,CPT-77130,Annually,40aeb993-3f43-4bc6-b4ba-9be89e847b54,11079,Dr. Sara Hill,Hayes-Bonilla,Treatment: Conducted follow-up after laser cataract surgery.Monitored and managed platelet count through blood transfusion during dengue fever.','Admission Start Date:24-08-2024; Admission End: 27-10-2024; Treatment: Treatment: Conducted follow-up after laser cataract surgery.Monitored and managed platelet count through blood transfusion during dengue fever.'',View raise stock under step control.,50871,"Owen, Perez and Wilson",Approved,-1259,Olson-Jones,Hospitalisation Benefits,4bee074f-78b7-4190-9562-a473ad8421f5,Family,09-04-2024,75265,633,08-01-2023,28-10-2024,GB68ENTK06597662742147,4bee074f-78b7-4190-9562-a473ad8421f5,Amy Hernandez,"05596 Deanna Orchard Apt. 852 Ayersland, IL 68085",514906201,kenneth47@gmail.com,No,24-08-2024,3270,Yes,Senior Citizen Health Insurance Plans
67236c32-984e-492c-adb2-9b366aba15b7,CPT-32642,Annually,d6b3d828-95ac-430e-85e8-cb9cdbaaad5e,81862,Dr. Melissa Silva,Bender Ltd,Treatment: Assisted with delivery and provided neonatal care.',Prove energy unit region wait north thought. Election occur respond other reflect five throw close.,Clearly debate billion section.,68169,Martin-Jones,Approved,640-829-5663x327,Lopez-Bernard,Cardiovascular Health,46ab9ea4-cf9c-4228-8d3a-8fd40e5c92e1,Individual,20-02-2025,8134,908,03-02-2025,23-05-2025,GB14POKT56196985809711,46ab9ea4-cf9c-4228-8d3a-8fd40e5c92e1,Nathan Rodriguez,"960 Potts Street Apt. 295 West Debbie, MT 38594",(807)826-7144x270,cassandra47@yahoo.com,Yes,15-09-2023,8956,Yes,Senior Citizen Health Insurance Plans
f475c218-85e7-4495-9cc5-46f138963154,CPT-88440,Annually,40fbfc12-84f4-4dbb-ada4-dd4e24245dc2,60945,Dr. Derek Clark,Lambert LLC,Treatment: Provided physiotherapy for mobility improvement.',President vote difficult ever maybe pattern soldier.,Six he price field authority local.,61429,Foley-Rice,Approved,001-889-333-7302x999,Gibbs-Parks,Hospitalisation Benefits,362644a3-cbc4-4002-a588-2a96a079133e,Individual,19-06-2023,51897,898,06-05-2022,28-10-2023,GB33XSXH54245138254546,362644a3-cbc4-4002-a588-2a96a079133e,Heather Henderson,"0591 Barajas Spurs Apt. 651 Port Kevin, NV 75029",908.351.1721,welchkim@jackson.com,No,01-07-2023,6533,No,Comprehensive Health Plan
bd69ae26-49e6-4866-a6a3-569d58ed528b,CPT-39654,Annually,c453f16c-fe33-4105-a23b-b8057acd24c7,56685,Dr. Kevin Mcdonald,"Nelson, Allen and Bishop",Treatment: Managed acute pulmonary embolism through anticoagulation therapy under close supervision.',Arm hot soon model later discussion paper ago.,Music yard budget.,2309,Schmidt and Sons,Rejected,+1-360-826-0247x030,"Castro, Crane and Morales",Mental Health Care,f0c7266f-3712-4f5b-9b2a-6058a502790c,Corporate,17-03-2024,28655,839,22-11-2023,24-12-2024,GB47IYGU37066744144623,f0c7266f-3712-4f5b-9b2a-6058a502790c,Scott Fitzgerald,"658 Miller Grove North Julieville, FL 93281",(810)912-0314,andrew11@johnson.com,No,07-09-2024,2733,No,Comprehensive Health Plan
0c63f469-9c15-4a93-98fe-d635fa17dfb7,CPT-95561,Annually,127d19e8-e489-4395-b2b5-87e32a472370,5336,Dr. Amy Lee,Hammond Inc,Treatment: Performed cataract removal and implanted intraocular lens.',Because issue Mr responsibility seat change. Plan city bed face air.,Result parent note low draw green.,38668,"Cruz, Goodwin and Lozano",Rejected,543.236.2332,"Martinez, Wiggins and Hawkins",Low-Cost Premium for Young People,debcbe1e-561f-4cad-96d3-92c0ac994707,Corporate,14-05-2024,44664,743,05-04-2024,24-09-2024,GB17LZAS70515335028298,debcbe1e-561f-4cad-96d3-92c0ac994707,Christian Mueller,Unit 1272 Box 8192 DPO AA 18224,(883)992-5241,emitchell@lynch.com,Yes,25-06-2024,8630,No,Comprehensive Health Plan
7189724c-6c44-4372-9f53-e21243e6d593,CPT-57738,Quarterly,d1b9988c-2309-49c6-bb5c-9ef01b2861ee,67049,Dr. Steven Hernandez,Campos LLC,Treatment: Conducted hospital-based monitoring for critical dengue shock syndrome cases.','Admission Start Date:15-01-2025; Admission End: None; Treatment: Treatment: Conducted hospital-based monitoring for critical dengue shock syndrome cases.'',Relate force level.,99628,Sullivan Group,Rejected,4937445106,"Cole, Rich and Jones",Hospitalisation Benefits,f3391850-1132-4fca-9f46-da31327d2189,Family,16-02-2021,14972,417,25-04-2020,11-06-2021,GB28HSOU01091188125051,f3391850-1132-4fca-9f46-da31327d2189,Antonio Baker,"8318 Raymond Isle Apt. 482 Beverlyview, WV 04278",4394915310,ogibson@whitehead.com,No,15-01-2025,2353,Yes,Senior Citizen Health Insurance Plans
debd3416-2a3d-4c3b-ac49-3ca1e1d9aee2,CPT-92521,Quarterly,6bc0e014-3224-40d0-80b8-23a931199bb2,21679,Dr. Jill Oconnor,Martin Inc,Treatment: Conducted hospital-based monitoring for critical dengue shock syndrome cases.','Admission Start Date:27-02-2024; Admission End: 22-05-2025; Treatment: Treatment: Conducted hospital-based monitoring for critical dengue shock syndrome cases.'',Life do natural exactly note.,70295,Cole-Juarez,Rejected,001-430-528-1054x76657,"Adams, Ramsey and Fox",Cardiovascular Health,5a22e81c-5923-486f-8aa1-a68927af6361,Family,24-02-2025,28760,690,24-04-2024,17-10-2025,GB96LUCX05100956841355,5a22e81c-5923-486f-8aa1-a68927af6361,Kimberly Thornton,"173 Mark Spring Suite 192 Lake Laura, MS 54287",(211)906-8310x1409,medwards@hotmail.com,Yes,27-02-2024,6236,Yes,Senior Citizen Health Insurance Plans
031fecc4-f6dd-4e52-9873-a83bdfe834ae,CPT-86375,Monthly,e20384b5-e4cd-4cc4-a732-f03aba83cfae,25254,Dr. Kathleen Hunt,Prince Inc,Treatment: Provided prenatal care and routine ultrasound monitoring.',Large single and eye huge weight. Land few fall well government.,Radio either behind.,51995,"Brown, Edwards and Smith",Rejected,420-814-3981x99415,Carlson-Parker,Critical Disease Specific Plans,2e221720-2fa2-43aa-8092-a525065ffc70,Corporate,25-04-2022,22836,116,09-06-2020,02-03-2023,GB92REDN37155339758585,2e221720-2fa2-43aa-8092-a525065ffc70,Charles Glenn,"92944 Wright Glens Suite 364 Jacobsonmouth, NC 86179",001-285-351-1141x56862,etorres@lawrence.com,Yes,01-11-2020,6877,Yes,Disease-Specific Health Insurance Plans
caa3865f-59e9-4a42-8eb2-582f4f1451cb,CPT-49095,Annually,4f6d8909-a51f-4624-aedb-2c8be5a1808f,40475,Dr. Melinda Coleman,"Rodriguez, Poole and Blake",Treatment: Administered peritoneal dialysis and provided post-treatment counseling.','Admission Start Date:24-10-2022; Admission End: 06-05-2025; Treatment: Treatment: Administered peritoneal dialysis and provided post-treatment counseling.'',Character value pull level project this.,24472,Farley-Hess,Rejected,(391)552-8168x148,Wood PLC,Covers Ambulance Fees,f62d938c-51e7-4b1a-90a8-56c076df5d15,Corporate,07-09-2024,41281,821,22-03-2024,07-08-2025,GB88NCOF65278341757210,f62d938c-51e7-4b1a-90a8-56c076df5d15,Debra Arias,"76571 Sawyer Forges Suite 050 Brownhaven, WA 55343",+1-982-164-1169x193,crossmary@cruz.org,Yes,24-10-2022,6590,No,Senior Citizen Health Insurance Plans
3ca3b1b6-4231-4a97-be4b-4786877bcda8,CPT-22344,Quarterly,ba7bc9e1-a23c-4c3e-ab84-b5a44aaaf93e,47733,Dr. Howard Holmes,Fleming and Sons,Treatment: Conducted surgical intervention for lung cancer patients.',Way really down trip.,Suddenly owner cultural those religious move.,85016,"Martinez, Booth and Chavez",Approved,(083)155-5993,Garcia LLC,Includes Yearly Medical Check-Ups,32dfdb0b-5314-4abf-812f-d547a07c3a8e,Family,28-08-2024,98482,602,03-01-2021,21-04-2025,GB32KZNN42672155141002,32dfdb0b-5314-4abf-812f-d547a07c3a8e,Alan Lucero,"850 Hall Shores Apt. 493 East Johnstad, CO 83801",8208972295,vfox@yahoo.com,Yes,27-04-2021,7850,No,Comprehensive Health Plan
3aeec9fd-a990-411b-9b10-d09050fec7f0,CPT-71767,Annually,8b5e05c7-4836-496b-8809-720b88b6717d,57406,Dr. David Russell,Farmer Ltd,Treatment: Provided counseling for mental health support.',Yes building expert method executive knowledge south. Project young along commercial find mouth.,Whether marriage rule of already everyone.,72321,"Robinson, Murphy and Knight",Rejected,(638)928-8548x9721,Chen PLC,Includes Yearly Medical Check-Ups,d9ec0296-00be-4122-a59a-a803c471eab7,Family,21-01-2025,48638,708,28-11-2024,02-09-2025,GB61NAPZ65555051703657,d9ec0296-00be-4122-a59a-a803c471eab7,Jake Tran,"8461 Christopher Court Suite 824 South Michael, LA 22674",398-421-3152x61696,brittanypalmer@lopez.com,No,05-04-2022,8181,No,Senior Citizen Health Insurance Plans
85b19770-0d7d-44e1-ba4f-d829784d29e5,CPT-18749,Annually,c351a49e-8f9d-4400-aedd-b7ac5dcfc91f,13953,Dr. Nicholas Henderson,"Downs, Walker and Sanford",Treatment: Provided physiotherapy for mobility improvement.',Prepare then will evening. Bit take foreign.,Our then student forget image interest black.,19975,"Andrade, Coleman and Mcgee",Approved,759-738-9746x31174,Nunez-Rogers,Critical Disease Specific Plans,8ecb2ab2-f440-4ea2-a728-5c47482b4de0,Corporate,24-12-2022,64016,225,20-06-2022,15-06-2023,GB13ORRJ14139588402244,8ecb2ab2-f440-4ea2-a728-5c47482b4de0,Jennifer Torres,"2174 Diaz Island Sarahstad, WY 43318",001-918-420-1035x234,matthew17@yahoo.com,No,13-03-2023,8763,No,Disease-Specific Health Insurance Plans
9c2f39fd-8c61-4625-9d58-179c5451b45e,CPT-54618,Quarterly,4d84b529-0f11-4240-b124-fb415a6a4f55,77453,Dr. William Obrien,Chambers-Gordon,Treatment: Performed hemodialysis for renal failure with continuous monitoring of vitals.','Admission Start Date:13-12-2020; Admission End: 22-03-2024; Treatment: Treatment: Performed hemodialysis for renal failure with continuous monitoring of vitals.'',May staff woman voice half material.,37998,Morgan-Bender,Rejected,550.064.7709,"Jackson, Cohen and Peterson",Covers Ambulance Fees,1a03b736-ac83-457d-96a9-a490208af137,Corporate,18-11-2024,73236,822,27-11-2023,28-03-2025,GB42UHZT12810638555370,1a03b736-ac83-457d-96a9-a490208af137,Jennifer Yates,"074 Howell Pines New Yvette, NE 58005",8242711075,jcline@dawson.org,Yes,13-12-2020,5507,Yes,Senior Citizen Health Insurance Plans
7bf55bc9-e6f2-4fd2-9db0-a5d90894df28,CPT-89841,Annually,fedbeb11-a418-45a3-9a9f-8e477508cfcb,35231,Dr. Christopher Coleman,"Alexander, Hernandez and Knapp",Treatment: Provided counseling for mental health support.',Defense in produce successful poor man receive. Suffer wish risk can a our.,Small identify attack person try here understand.,38955,Alexander Inc,Approved,(641)699-3274,"Mejia, Lang and Singh",Low-Cost Premium for Young People,1f522ee6-42e0-48be-a55e-692bdfbdfdf5,Individual,03-01-2025,64655,97,04-12-2024,05-08-2025,GB27NBAF02398448164716,1f522ee6-42e0-48be-a55e-692bdfbdfdf5,Ebony Castillo,Unit 3085 Box 0273 DPO AE 04870,892-183-6325x21554,ryancarr@yahoo.com,No,02-12-2022,277,Yes,Comprehensive Health Plan
76ce00f5-07b4-4a00-b7b5-99f7ae9a610e,CPT-28303,Annually,f6f2fc7f-5fe7-4d3c-ba29-1b1599cea4f6,17501,Dr. Robert Dean,Williams-Martinez,Treatment: Managed complications of chronic kidney disease through hospitalization and dialysis sessions.','Admission Start Date:29-03-2022; Admission End: 23-03-2023; Treatment: Treatment: Managed complications of chronic kidney disease through hospitalization and dialysis sessions.'',Position work bring ok between administration.,19757,Tucker-Smith,Approved,462.305.4507x38809,Wilson Ltd,Covers Ambulance Fees,acc1dddc-0df0-444e-9b73-e0cf3a5bcdd9,Corporate,15-11-2023,79185,416,03-06-2021,05-07-2024,GB09NCLA77106172192617,acc1dddc-0df0-444e-9b73-e0cf3a5bcdd9,Michelle Davis,"159 Middleton Mill Suite 046 East Patrick, MD 36251",378-551-5631,rivasamanda@hotmail.com,No,29-03-2022,5439,Yes,Senior Citizen Health Insurance Plans
5bfd10d9-50f0-4264-a73b-57844b5e9a7d,CPT-56878,Quarterly,676e26a8-a8a8-4a55-8caf-03882ce3a70e,61260,Dr. Nicholas Harrell,"Mahoney, Escobar and Morgan",Treatment: Hospitalized for treatment of severe asthma exacerbation with corticosteroids.',Able term treat side. Thank indeed Republican.,Really project employee.,78272,"Collins, Ware and Fox",Rejected,086-534-1077x192,Mcintyre-Hampton,Critical Disease Specific Plans,53920de9-1455-447c-a659-529fb1e0e773,Corporate,04-01-2021,90366,112,06-07-2020,04-01-2021,GB98MPYJ63545197676401,53920de9-1455-447c-a659-529fb1e0e773,Jeremy Howell,"433 Ortiz Ranch Apt. 988 Mcgeestad, VA 77231",4855946784,wbranch@ward-mckee.net,Yes,08-04-2023,2900,No,Disease-Specific Health Insurance Plans
71450518-9071-446a-85f8-c90e541b1fd8,CPT-81708,Monthly,46292555-2dac-4734-9374-417172e3217e,27177,Dr. Kristen Harris,Zimmerman and Sons,Treatment: Provided prenatal care and routine ultrasound monitoring.',Talk small them reduce newspaper.,Head field write.,66809,Gray Ltd,Approved,+1-407-976-7769x492,Wood-Cole,Critical Disease Specific Plans,18d4c9df-a2d9-414d-83ce-a131e1ac1419,Family,27-01-2025,53359,954,23-11-2022,31-08-2025,GB46BKBW35775072247537,18d4c9df-a2d9-414d-83ce-a131e1ac1419,Timothy Brown,"8160 Craig Prairie Apt. 576 Lake Daniel, WI 18484",039.176.3827x485,wsmith@douglas.com,Yes,30-05-2023,9271,No,Disease-Specific Health Insurance Plans
40399784-7806-4f52-b506-06a698974ab3,CPT-80022,Annually,cbb3c1eb-463b-4bcb-9395-6f7b81bbdf7a,12382,Dr. Taylor Mitchell DVM,"Shelton, Valencia and Anderson",Treatment: Performed hemodialysis for renal failure with continuous monitoring of vitals.','Admission Start Date:21-07-2023; Admission End: 20-08-2024; Treatment: Treatment: Performed hemodialysis for renal failure with continuous monitoring of vitals.'',Group day bad agreement professor million leg.,76289,Ray-Jackson,Rejected,(532)311-0799x6519,"Campbell, Butler and Hubbard",Low-Cost Premium for Young People,908b7384-4d81-44c3-890b-4eb2faee694e,Family,11-02-2024,76265,656,27-06-2023,17-09-2024,GB50LVNI14941807643265,908b7384-4d81-44c3-890b-4eb2faee694e,Adam Vega,"107 James Ford Ashleyfurt, DE 59754",593-054-9117x57204,kristy78@underwood.biz,Yes,21-07-2023,1668,No,Comprehensive Health Plan
22e14a91-6266-441b-9c23-e9775330c4a9,CPT-99708,Annually,6c9572ab-a012-4e71-9e98-4c51edc1cd07,67622,Dr. Erin Bailey,"Wilson, Perry and Blevins",Treatment: Performed cataract removal and implanted intraocular lens.',Physical long develop religious statement.,American rule treat ever money.,64342,Smith-Oneill,Rejected,+1-587-542-5034x6304,Barber and Sons,Low-Cost Premium for Young People,3a6dfabb-ffc3-482d-9198-4247f26a398c,Corporate,21-02-2023,37172,395,21-02-2021,18-08-2023,GB51MHNC71708511064841,3a6dfabb-ffc3-482d-9198-4247f26a398c,Tanya Livingston,"708 Mario Route Hernandezhaven, ID 56861",+1-237-235-7340x547,qmoss@fox-paul.org,Yes,24-10-2023,1768,Yes,Comprehensive Health Plan
8f3c243a-d649-48fd-9df4-44df34460aa7,CPT-68113,Monthly,151faf89-c524-437e-a83d-dff28a50e698,18373,Dr. Kyle Allen,Morton Inc,Treatment: Administered post-operative care for valve replacement surgery.','Admission Start Date:23-03-2023; Admission End: 24-09-2023; Treatment: Treatment: Administered post-operative care for valve replacement surgery.'',Easy case force gun pressure once question boy.,6854,Miller-Allen,Approved,+1-199-955-4744x3745,Lopez Inc,Covers Ambulance Fees,40bc019a-9f55-4392-8346-37dae1341ba3,Individual,24-05-2024,25945,98,01-11-2021,30-05-2024,GB45EZKB95864826941076,40bc019a-9f55-4392-8346-37dae1341ba3,Kevin Newton,"72713 Wallace Mission Suite 091 Ramirezshire, AL 62821",478-076-8333,brittney62@gmail.com,No,23-03-2023,9863,Yes,Senior Citizen Health Insurance Plans
1a8a0af4-056b-4e9c-a482-83c5f94025d8,CPT-24776,Quarterly,525caca6-8ca6-473d-b2e7-a633da5ddee4,10707,Dr. Angela Sherman,Smith Ltd,Treatment: Conducted surgical intervention for lung cancer patients.',Focus evening ago but whole.,Billion kitchen score work different.,84317,Singleton Ltd,Approved,001-305-140-8064x24371,Bautista LLC,Maternity Benefits,cefe42f7-43a5-4fba-860e-77223612afc2,Corporate,25-09-2022,55252,350,13-05-2020,05-06-2023,GB17ZAQV18719877061760,cefe42f7-43a5-4fba-860e-77223612afc2,Tara Hendrix,"88743 Ibarra Vista Suite 194 Jacobmouth, GA 32451",-9002,lisawhite@harris-kim.info,Yes,12-03-2023,7146,Yes,Comprehensive Health Plan
3db49a9f-72e8-48da-9cc5-5ce7ffda95a2,CPT-98992,Annually,ee3bd356-dbcb-4978-8652-aea048cf1b14,1405,Dr. Melissa Villa,Lopez and Sons,Treatment: Provided cardiac rehabilitation and prescribed medications for recovery.',Get wonder black serve upon painting human.,Few floor tough beyond.,23442,Mcdonald Group,Approved,001-195-471-4726x3417,Ortiz-Pena,Critical Disease Specific Plans,9d8c2482-33ca-406d-9b4e-12701aab1866,Family,29-06-2024,33432,872,06-05-2024,27-05-2025,GB49BJRH17869354435248,9d8c2482-33ca-406d-9b4e-12701aab1866,David Henson,"46875 Amanda Mills Suite 723 Claytonberg, DC 45856",001-098-872-2468x74262,matthewskaren@miller.com,Yes,18-11-2020,9884,Yes,Disease-Specific Health Insurance Plans
9a94bbc4-4213-4c31-b7d0-479ba3dfbf41,CPT-59125,Quarterly,3175328d-5609-48ab-9491-6a8a82b44122,44528,Dr. Jerry Alvarado,"Graham, Sanchez and Collins",Treatment: Conducted hospital-based monitoring for critical dengue shock syndrome cases.','Admission Start Date:04-01-2024; Admission End: 12-05-2025; Treatment: Treatment: Conducted hospital-based monitoring for critical dengue shock syndrome cases.'',Develop trial action.,33906,Jones-Reyes,Rejected,-3913,Peters PLC,Hospitalisation Benefits,0b789944-b557-40dd-be5f-28747e05d1d9,Individual,11-12-2024,76796,241,13-01-2021,06-12-2025,GB87GPUO74103051676913,0b789944-b557-40dd-be5f-28747e05d1d9,Devin Marquez,"PSC 7349, Box 4399 APO AA 02227",(423)917-4860,cjohnson@davenport.com,No,04-01-2024,4105,No,Comprehensive Health Plan
c5de6809-73e5-4fdf-b978-d240dc5e81cf,CPT-57116,Quarterly,a9022487-24c5-4352-915d-d214d4687456,61249,Dr. Michael Woodward,"Ellis, Oneal and Porter",Treatment: Administered pain relief for post-operative recovery.',Name great occur. Approach throughout since return eat lose.,Smile certain theory past item.,55335,Martin-Horne,Rejected,651.239.9145,"Henry, Jackson and Fowler",Critical Disease Specific Plans,be80ae25-7b29-4fea-bee2-c42ead4323cc,Individual,10-02-2024,52739,129,06-11-2022,07-07-2024,GB71LFLS92040158990414,be80ae25-7b29-4fea-bee2-c42ead4323cc,Kimberly Garcia,"315 Charles Mission Apt. 275 North Arthur, KS 97929",202-979-9448,alexandra46@hotmail.com,Yes,23-11-2021,704,Yes,Disease-Specific Health Insurance Plans
98073f27-04c1-4659-bcc4-2224c45b7691,CPT-67379,Annually,a7ed6ade-b0c1-407e-a8e0-15d54398923e,969,Dr. Catherine Jenkins,Smith Inc,Treatment: Provided care for acute kidney injury requiring urgent dialysis.','Admission Start Date:13-02-2024; Admission End: 28-11-2024; Treatment: Treatment: Provided care for acute kidney injury requiring urgent dialysis.'',Democratic very save chance.,75049,Hawkins Inc,Approved,(752)951-7234x735,Barton-Barry,Critical Disease Specific Plans,72b35549-0141-4517-bf20-b1e993c012f9,Corporate,09-12-2024,10449,502,11-01-2023,12-12-2024,GB50VZAL18931435707524,72b35549-0141-4517-bf20-b1e993c012f9,Bernard Osborne,"3117 Rhonda Tunnel Apt. 231 East Vincent, NY 44597",588-607-1769x279,chelsea62@reed.org,No,13-02-2024,3096,No,Disease-Specific Health Insurance Plans
5044425a-1450-45b5-b6a2-241e972c945f,CPT-24233,Monthly,5a68cd00-ae02-4dd5-b558-ed7a6ddbc332,58582,Dr. Thomas Lane,"Evans, Blake and Robinson",Treatment: Hospitalized for treatment of severe asthma exacerbation with corticosteroids.',Race local road remain six cup. Team some before suddenly camera.,Run process join why. Research partner of meet.,4586,Velez Inc,Rejected,-8942,Murray-Smith,Critical Disease Specific Plans,50e70e68-33dc-455f-8dfd-e6815e5ff9e0,Family,15-03-2022,53773,26,20-05-2020,02-08-2022,GB94RPFN28334004314946,50e70e68-33dc-455f-8dfd-e6815e5ff9e0,Adriana Hodges,"89385 Jones Ramp Suite 622 South Peterburgh, WI 05213",+1-511-199-9630x3379,vsanchez@gmail.com,No,08-04-2020,3075,No,Disease-Specific Health Insurance Plans
322e605d-124b-4a87-bde5-9ec06cecdc60,CPT-92762,Quarterly,e4db3d0c-6f5b-4d33-a561-efe1fbb1e7a3,72374,Dr. Felicia Williams,Wallace Inc,Treatment: Assessed pre-surgery and provided comprehensive eye care instructions.','Admission Start Date:10-07-2020; Admission End: 01-05-2024; Treatment: Treatment: Assessed pre-surgery and provided comprehensive eye care instructions.'',Hair section third discover generation.,84699,Murphy-Nguyen,Rejected,(898)916-4382,White-Burns,Critical Disease Specific Plans,9192c4ac-41b0-4f79-9eca-5d36666884bb,Corporate,03-03-2024,7409,693,08-03-2020,13-01-2025,GB49MXBJ03373330444343,9192c4ac-41b0-4f79-9eca-5d36666884bb,Katherine Jones,"47301 Kimberly Rapids Thomasville, WI 19464",001-664-358-3407,tracy61@yahoo.com,Yes,10-07-2020,3606,No,Disease-Specific Health Insurance Plans
1b80821d-85a9-4f86-9aea-c3b73221c532,CPT-82147,Monthly,ec0e5a87-dcd6-45c9-9d0a-bef6f441b8dc,53023,Dr. Paul Harris,Kelley-Gonzalez,Treatment: Provided counseling for mental health support.',Wonder develop would today program half late.,Trip least leader stand big side customer.,13326,"Barnes, Garcia and Owens",Rejected,556.193.4328x33426,Tucker LLC,Hospitalisation Benefits,c3e23e65-1b98-4875-8c5d-bf39dfae7a4d,Individual,03-02-2023,37649,285,29-01-2020,03-03-2023,GB69WCZM07326948228949,c3e23e65-1b98-4875-8c5d-bf39dfae7a4d,Victoria Steele,"94684 Todd Tunnel Apt. 649 South Taylor, AL 46354",001-490-238-6239x2155,vberger@hotmail.com,Yes,17-11-2023,4935,Yes,Senior Citizen Health Insurance Plans
ee481798-e3ae-4b25-945f-809a84d6efc6,CPT-37306,Monthly,bc461dac-fd86-4be4-80e7-6bb6da125e7d,4063,Dr. John Howell,Benson-Herman,Treatment: Provided physiotherapy for mobility improvement.',Stuff community Mr grow west.,Create fund Mr page.,14493,"Fischer, Lee and Williams",Rejected,001-432-079-8861x61195,Graham PLC,Respiratory Health,b228e933-a320-4df8-98ae-568baf263705,Individual,09-08-2024,62456,569,10-05-2024,12-11-2024,GB84WZFJ98032284428333,b228e933-a320-4df8-98ae-568baf263705,Laura Glenn,"414 Hall Causeway Karamouth, WY 12859",(431)307-6140,iwilson@yahoo.com,No,31-01-2020,9127,Yes,Senior Citizen Health Insurance Plans
37cb30f5-feab-47ae-b4fa-69243edd4ffb,CPT-56054,Annually,ba404a38-cf8f-4f8b-8d71-8c6f5344ed87,88605,Dr. Michelle Goodman,"Sanchez, Norman and Stephens",Treatment: Administered peritoneal dialysis and provided post-treatment counseling.','Admission Start Date:18-07-2023; Admission End: None; Treatment: Treatment: Administered peritoneal dialysis and provided post-treatment counseling.'',North blue soon personal ago picture research.,63302,Burgess Group,Approved,+1-486-919-2690x3991,Moss Group,Critical Disease Specific Plans,df5f9520-4b05-45bc-ac1f-924abb563b95,Individual,25-10-2021,96563,288,13-10-2021,04-02-2022,GB90JWWN70486751096562,df5f9520-4b05-45bc-ac1f-924abb563b95,Sandra Greene,"96271 Joshua Land East Jessechester, NE 70258",(585)169-9575x7727,laura65@hotmail.com,No,18-07-2023,4984,No,Disease-Specific Health Insurance Plans
3afebfa3-2b46-4a5f-9a6e-43ff10752435,CPT-38339,Quarterly,97df95d9-6ae7-4c20-90a7-0df57830d015,93972,Dr. Sarah Morales,"Howell, Moore and Ramirez",Treatment: Conducted surgical intervention for lung cancer patients.',Fly guess program black reason here thank with. May relationship government talk consider white challenge everybody.,Arm even should start technology race happen.,27487,"Cervantes, Michael and Fuller",Rejected,488-664-0982x268,Paul Ltd,Hospitalisation Benefits,ada448ae-0a82-44d3-a5e6-1087db6fdb30,Corporate,13-08-2024,56639,666,11-03-2020,15-06-2025,GB83HGMY88681772375572,ada448ae-0a82-44d3-a5e6-1087db6fdb30,Johnny Tucker,"545 John View Josephstad, WI 12972",(509)468-5158x2501,ashley88@hotmail.com,No,05-07-2020,5527,No,Senior Citizen Health Insurance Plans
f60e50c5-d194-41e4-a61a-080c6ffb864f,CPT-26002,Quarterly,37bef061-5507-422a-84b0-c3562dae3f5b,92846,Dr. Kristin Knight,"Grant, Moody and Moore",Treatment: Provided prenatal care and routine ultrasound monitoring.',Then hit couple security sport.,Moment student myself rise power education.,13485,"Ward, Marshall and Smith",Approved,+1-841-094-4382x1492,"Rogers, Thomas and Coleman",Hospitalisation Benefits,53404d96-e05a-4bc0-8e0c-bb009804d5de,Family,01-08-2024,64955,948,02-12-2021,02-12-2024,GB34LAJF69297488050557,53404d96-e05a-4bc0-8e0c-bb009804d5de,Jesse Hunter,"82628 Curtis Stravenue Apt. 268 East Jacquelineborough, WA 48239",882.393.8800,wilsonjoseph@gmail.com,No,04-02-2023,3079,No,Comprehensive Health Plan
d833bab9-3020-4516-9b27-e8ad2bd7f80f,CPT-72717,Annually,4f52a650-b9eb-40e1-8124-0abe2e61ba15,37237,Dr. Alexis Copeland,"Hudson, Prince and Schroeder",Treatment: Conducted postpartum evaluation and counseling on lactation.',Method drug national voice play your high.,Glass vote hot affect.,28474,"Ward, Shaw and Chaney",Rejected,208-567-0902x1694,Young-Mills,Eye and Vision Care,92f288bc-bc6c-4fca-ae19-fb6a4255d896,Individual,29-08-2023,33084,777,24-09-2020,15-02-2024,GB22VYYV94877169779799,92f288bc-bc6c-4fca-ae19-fb6a4255d896,Aaron Strong II,"09572 Caleb Lodge Apt. 932 Stevenshire, NH 32403",(607)214-2675x24580,rodriguezelizabeth@yahoo.com,Yes,22-09-2021,8282,Yes,Comprehensive Health Plan
d5036bfe-2f97-4ed0-b75c-f3f734de0e96,CPT-82096,Annually,d888a209-5942-4732-aba6-2c0584bed08c,97554,Dr. Andrew Burns,White-Edwards,Treatment: Performed minor surgery for injury repair.','Admission Start Date:07-12-2020; Admission End: 14-08-2024; Treatment: Treatment: Performed minor surgery for injury repair.'',Consider which food picture color article.,82153,Davis-Rollins,Approved,+1-228-335-6628x18998,Bennett-Peterson,Diabetes-Specific Benefits,86154be9-517b-43b8-adbc-6236ec36dcc5,Individual,23-07-2024,15745,179,14-05-2022,15-01-2025,GB98VEPQ58667147974771,86154be9-517b-43b8-adbc-6236ec36dcc5,Karen Morris,"12965 Green Ridges North Tracyberg, MN 94589",151-603-2904,pshaw@johnson.net,Yes,07-12-2020,4514,No,Senior Citizen Health Insurance Plans
f5b6e4e4-0a7e-4b6c-9c6d-01629fd34b3b,CPT-44505,Annually,2312637c-e4c4-4535-b50a-078377174696,94452,Dr. Jennifer Nelson,Gould-Brady,Treatment: Assessed pre-surgery and provided comprehensive eye care instructions.','Admission Start Date:17-08-2024; Admission End: None; Treatment: Treatment: Assessed pre-surgery and provided comprehensive eye care instructions.'',Clearly lay defense if record letter.,99679,Delgado-Campbell,Rejected,001-754-707-8594x227,Hernandez-Jackson,Cardiovascular Health,a0db08a8-c464-4b28-8318-b326873b5071,Family,21-12-2022,82842,146,11-08-2022,03-09-2023,GB05VJUN83294109817684,a0db08a8-c464-4b28-8318-b326873b5071,Tanya Clark,"767 James Orchard North John, MS 16215",+1-897-554-0703x92691,garciajoe@hotmail.com,No,17-08-2024,6165,No,Senior Citizen Health Insurance Plans
73d3aed7-2de4-4213-8dde-4398e0b8e215,CPT-96415,Annually,26851379-2149-42e4-af44-c22cb2ce4394,28429,Dr. Christopher Mason,"Powers, Miranda and Ortiz",Treatment: Conducted angioplasty and monitored for complications.',Keep point run person. Worker affect south risk similar never boy.,Those hot kind employee.,20742,Campos-Lawrence,Rejected,(797)134-2627x007,Nguyen-Romero,Mental Health Care,069da3fd-a54d-40d6-84b5-b935d790b79a,Individual,03-02-2022,91163,758,24-06-2021,18-01-2023,GB47SGRF77646356322156,069da3fd-a54d-40d6-84b5-b935d790b79a,Jesse Gilbert,"55103 Albert Fall Leebury, ME 72610",001-515-993-1007,bjordan@holmes.com,Yes,31-08-2023,278,No,Comprehensive Health Plan
ebc00d9d-0983-4386-b56f-bb74646c6040,CPT-67232,Quarterly,47767e67-2ba9-4453-abc1-a687154746b3,99864,Dr. Sharon Mercer,Edwards Group,Treatment: Conducted hospital-based monitoring for critical dengue shock syndrome cases.','Admission Start Date:01-05-2021; Admission End: 22-05-2022; Treatment: Treatment: Conducted hospital-based monitoring for critical dengue shock syndrome cases.'',Store indicate daughter.,62038,"Francis, Schmidt and Gordon",Approved,840.790.9963x3489,Ferguson Group,Eye and Vision Care,326999a2-a186-47c4-b1ec-50d78a7f5098,Family,17-06-2021,71712,363,18-11-2020,09-06-2022,GB34UECM40980423081582,326999a2-a186-47c4-b1ec-50d78a7f5098,Antonio Cox,"554 Spears Throughway East Nicole, MO 75692",729-123-8438x37051,turnerandrew@yahoo.com,No,01-05-2021,3209,Yes,Comprehensive Health Plan
f75c0891-05d3-4eb9-86d4-250e5f5a9bf5,CPT-82108,Monthly,048320fa-db61-479d-96d5-c0a6d320fa76,43955,Dr. Kylie Obrien,"Dalton, Villarreal and Palmer",Treatment: Administered bronchodilators and oxygen therapy for chronic obstructive pulmonary disease (COPD).',Recent image thought responsibility.,Various represent in always rate modern city.,38335,Warren LLC,Approved,807-934-7459,Velasquez Ltd,Skin and Dermatology Care,a1c7cf43-b086-47ed-acc7-6741de5461df,Individual,01-03-2025,10469,451,30-05-2024,10-05-2025,GB32RAYP86425822768862,a1c7cf43-b086-47ed-acc7-6741de5461df,Joshua Henry,"PSC 8775, Box 2517 APO AA 35635",359.757.1791x7881,erik84@sullivan-tucker.com,Yes,20-02-2022,4487,No,Comprehensive Health Plan
8399a903-fe67-4b16-b3d9-fa619261ccf5,CPT-41748,Quarterly,8c3ec910-c9b3-4344-aa2e-ed95d18b114f,60611,Dr. Daniel Gibbs,"Reese, Luna and Burke",Treatment: Performed cataract removal and implanted intraocular lens.',Hand may first suffer dog stand. Close past cover different knowledge where suffer public.,Half baby matter mission. Trade half air.,57116,Zuniga-King,Approved,606.120.9210x0669,Tran LLC,Maternity Benefits,0329898b-cca1-40f4-9f03-31e3ed2012e3,Individual,02-10-2024,69494,759,29-07-2023,16-07-2025,GB66LGJB85127908450214,0329898b-cca1-40f4-9f03-31e3ed2012e3,Gary Newman,"8356 Colon Drive Amandaside, MO 93641",(774)718-8537x440,cguerrero@yahoo.com,No,01-10-2021,2752,No,Comprehensive Health Plan
5265d608-ccd7-4121-9c4b-48d7fc053ad9,CPT-32415,Annually,4151aa51-f62d-417f-b889-5615d6f7149c,67700,Dr. Jeffrey Moran,"Navarro, Strickland and Ward",Treatment: Provided counseling for mental health support.',Beat charge not expert. Type around usually cup season history.,Wish model mother less dog game.,7841,"Johnson, Pearson and Smith",Approved,(260)273-1545x0644,Beard-Joseph,Covers Ambulance Fees,b9aa5954-ab63-4ae5-8e9d-db75636bcf6c,Individual,19-11-2023,77217,781,14-08-2022,16-08-2024,GB43PLQY03344890898339,b9aa5954-ab63-4ae5-8e9d-db75636bcf6c,Sophia Woods,"3891 Johnson Keys Apt. 276 New Anita, CA 37490",197-131-3957,mbutler@perkins.com,Yes,27-04-2021,6131,No,Senior Citizen Health Insurance Plans
6a5b9930-dc42-463c-be4b-6196fb006ba7,CPT-46379,Annually,90a20a33-7d61-49a9-969f-00774028e475,15773,Dr. Dr. Eric Ponce,Best-Garcia,Treatment: Provided physiotherapy for mobility improvement.',After long PM air eight provide himself. Bag game add speak night something some ago.,Doctor same clearly it friend detail apply.,10744,Moore-Robinson,Approved,225-710-6728,Vance and Sons,Skin and Dermatology Care,67c2b783-40e6-41db-941b-b7244fb71266,Corporate,09-11-2023,24479,574,17-05-2023,15-02-2024,GB23MGWU84675601448218,67c2b783-40e6-41db-941b-b7244fb71266,Christopher Vaughan,"9062 Karen Roads Apt. 356 Brandybury, AR 02163",031-454-8234,riddlealbert@hotmail.com,Yes,20-12-2021,7402,No,Comprehensive Health Plan
04169b28-8920-49d4-b0cc-58cba9c2865b,CPT-91086,Annually,a977696a-82d6-40b5-a2b3-5514c2f3a19b,25391,Dr. Frank Simpson,"Hernandez, Powell and Thompson",Treatment: Conducted angioplasty and monitored for complications.',Who laugh want important. According little picture west.,Protect military relationship sort place.,6114,Collins-Kim,Approved,847319134,Phelps-Smith,Includes Yearly Medical Check-Ups,e3371ff6-99b3-4439-acaf-bcb61e536cf8,Family,24-12-2024,81047,281,17-03-2023,14-04-2025,GB52JUUP89395622183773,e3371ff6-99b3-4439-acaf-bcb61e536cf8,Richard Best,"601 Mills Unions Apt. 984 East Jessicamouth, ID 38410",+1-807-559-4623x7876,christopherburke@barr.info,No,02-01-2024,3575,Yes,Senior Citizen Health Insurance Plans
e9a41a11-508d-4079-98b6-9ebbf8bdc785,CPT-87471,Quarterly,4255173c-87cf-4ec9-b9d1-d5fe464262c8,6382,Dr. Christina Gibson,Davis-Allen,Treatment: Managed acute pulmonary embolism through anticoagulation therapy under close supervision.',Second top lot issue than. Above participant mouth in idea draw.,From store maybe fly sense. At music mouth.,23289,"Pollard, Murray and Anderson",Approved,(767)680-7855,"Thomas, Long and Reilly",Low-Cost Premium for Young People,9af04505-2018-40fd-a88f-19b6d377a1ba,Corporate,14-06-2021,41801,637,29-03-2021,13-12-2021,GB05OTXS13663908074352,9af04505-2018-40fd-a88f-19b6d377a1ba,David Johnson,"047 Sullivan Corner Apt. 628 West Aaronborough, MT 93528",618.976.2243,pattersonjeffrey@gmail.com,Yes,20-05-2023,1900,No,Comprehensive Health Plan
5213681e-fac6-4ffe-ac9b-7e0494e8f9a2,CPT-32152,Annually,e9677b75-7160-4ce4-8df9-4af99531418c,51197,Dr. Nancy Watkins,Garcia Group,Treatment: Assessed pre-surgery and provided comprehensive eye care instructions.','Admission Start Date:13-01-2024; Admission End: 14-02-2024; Treatment: Treatment: Assessed pre-surgery and provided comprehensive eye care instructions.'',Expect sure analysis.,48419,Collins-Jackson,Approved,+1-163-249-2707x8049,Anderson-Daugherty,Protection from Growing Medical Expenses,f212fb68-59c1-45e9-ba76-0819da99d7dc,Corporate,24-08-2023,2668,834,23-05-2023,17-02-2024,GB77BXHY49064893349665,f212fb68-59c1-45e9-ba76-0819da99d7dc,Mr. Pedro Floyd,"7242 Steven Village Apt. 167 Farmerbury, WA 13384",001-514-610-8194,mirandaray@hale-abbott.com,Yes,13-01-2024,8948,No,Senior Citizen Health Insurance Plans
945e4a25-9366-4d64-96aa-c9cbf1d66f02,CPT-42144,Monthly,45365fec-d293-43b9-a4aa-f3eaa6337667,22348,Dr. Beth Martinez,Rice LLC,Treatment: Administered peritoneal dialysis and provided post-treatment counseling.','Admission Start Date:16-02-2025; Admission End: None; Treatment: Treatment: Administered peritoneal dialysis and provided post-treatment counseling.'',Record arm stop level manage.,95386,"Mueller, Gomez and Campbell",Approved,001-671-792-5606,Maddox PLC,Critical Disease Specific Plans,cd0e0b4f-d194-40ce-9da8-9a97eaefa3a6,Family,01-11-2022,67992,563,05-03-2020,28-12-2022,GB35KKWV55477572389289,cd0e0b4f-d194-40ce-9da8-9a97eaefa3a6,Kenneth Spears,"56701 Kenneth Trail Apt. 963 East Marcus, NV 71941",001-710-375-4702,ctorres@yahoo.com,No,16-02-2025,3463,No,Disease-Specific Health Insurance Plans
d508b75e-ff6c-4dea-ad96-44a5c3a44826,CPT-42060,Annually,54b38680-a21f-4934-88a5-d07a1bbd8852,88617,Dr. Miss Jeanette Hernandez,Rodriguez-Morris,Treatment: Performed cataract removal and implanted intraocular lens.',Half grow just site.,Let usually act boy. Have large until laugh.,44881,Salazar-Lucas,Approved,+1-703-903-4956x345,Carter Inc,Cardiovascular Health,52e8542e-a3ce-4263-96bf-8aa1b13e5fa8,Individual,19-05-2023,97617,182,02-10-2022,06-10-2023,GB52GUGX06472836221027,52e8542e-a3ce-4263-96bf-8aa1b13e5fa8,Robert Perez,"5965 Lori Parkway Suite 631 Oliviaberg, AL 86027",+1-760-292-1513x768,qryan@hotmail.com,No,05-03-2024,3880,No,Senior Citizen Health Insurance Plans
fe77b546-ebac-45ec-a472-cd58345a83e7,CPT-52646,Annually,ca9de113-0807-4dbc-bafb-08fa14e29e78,34887,Dr. Amber Quinn,"Guzman, Hopkins and Rodriguez",Treatment: Provided cardiac rehabilitation and prescribed medications for recovery.',Deep drive kind lose.,Foot best small in charge.,54631,"Ballard, Alexander and Vasquez",Rejected,(915)008-8621,Taylor-Rush,Protection from Growing Medical Expenses,8f7ab054-1665-4af2-91e5-b4068cad53de,Individual,11-02-2025,58993,440,07-12-2024,11-03-2025,GB08MUZJ75970811708160,8f7ab054-1665-4af2-91e5-b4068cad53de,Stephanie Parsons,"78737 Hendricks Keys Suite 004 Port Nicholasview, WI 92789",474.896.1364,rcampbell@oneill.com,No,03-04-2022,5077,Yes,Senior Citizen Health Insurance Plans
f0c0a63e-494f-458d-9881-8deae1680a3f,CPT-21519,Quarterly,8f5695fa-fe91-4fe5-bc64-5bfca8923eda,90040,Dr. Debbie Gross,Garcia-Steele,Treatment: Conducted postpartum evaluation and counseling on lactation.',Blood through even continue voice teacher degree.,Network war stop meeting thought night line.,31091,Johnson-Wood,Approved,618.696.9743,Perry-Miller,Hospitalisation Benefits,1b318846-f7ab-4833-826d-0e354ce1dc02,Individual,08-02-2025,99666,753,19-07-2024,29-09-2025,GB97FHZS48042437393498,1b318846-f7ab-4833-826d-0e354ce1dc02,Donna Robinson,USNS Guzman FPO AA 26966,(545)440-6006x57081,kennethcopeland@skinner.com,No,06-10-2022,3066,No,Comprehensive Health Plan
da715955-8229-4913-92da-8e552c03f7c6,CPT-94404,Annually,0d6baae4-c0a9-4bb8-942a-56cd0f2b702a,4678,Dr. Joshua Jensen,Finley-Martin,Treatment: Provided cardiac rehabilitation and prescribed medications for recovery.',Hundred people world player act back others.,Pretty start knowledge son hot answer actually.,32302,"Wade, Weaver and Burton",Approved,001-544-233-5703,Gross LLC,Mental Health Care,1e859f7f-c516-4e3c-8860-847d011a5abf,Corporate,11-04-2024,15222,841,18-04-2022,16-01-2025,GB26UENJ99800063209135,1e859f7f-c516-4e3c-8860-847d011a5abf,Scott Shaw,"6495 Bernard Extensions Suite 254 New Tiffanyview, NM 48752",-7695,christophermoore@yahoo.com,No,10-12-2023,5930,Yes,Comprehensive Health Plan
4b2325e0-d2b0-44f4-a898-2dc9e9dde4c8,CPT-89891,Quarterly,f3754930-a64d-40ca-bf29-49a20b85d4e7,22503,Dr. Cindy Perry,"Frey, Wade and Sanchez",Treatment: Administered post-operative care for valve replacement surgery.','Admission Start Date:21-12-2022; Admission End: 01-08-2024; Treatment: Treatment: Administered post-operative care for valve replacement surgery.'',Great herself over save over resource.,33151,Davis and Sons,Rejected,001-718-931-5888x5155,Parker Group,Includes Yearly Medical Check-Ups,be90df17-ab10-4593-8e6f-807cc1b7bd01,Corporate,08-06-2024,90581,410,12-07-2021,29-08-2024,GB02DHIX99005799580047,be90df17-ab10-4593-8e6f-807cc1b7bd01,James Ayala,"30242 Gallagher Coves Suite 347 South Linda, RI 92054",(986)210-2803x4335,vanessa94@yahoo.com,No,21-12-2022,3614,Yes,Comprehensive Health Plan
51c99dc2-ff3c-46b7-bdf4-31e0715b4601,CPT-35543,Monthly,9e5e6dce-9922-43cc-82d0-e319f6f00cd5,32676,Dr. Kevin Lowery,Johnston Ltd,Treatment: Administered pain relief for post-operative recovery.',Purpose list meeting perhaps stay. Hand water political explain chair leg.,Act mouth determine knowledge sit full within.,80377,"Sexton, Foster and Berry",Approved,9289808168,"Johnson, Mayer and Meyer",Maternity Benefits,7fb0b23e-a191-4f57-9ad8-486b5c0a3c9d,Family,02-06-2023,11364,564,26-09-2022,29-12-2023,GB56KLWZ18225938635720,7fb0b23e-a191-4f57-9ad8-486b5c0a3c9d,Kimberly Vasquez,"28135 Deborah Hollow Suite 365 New Karenmouth, HI 92445",(257)798-2776x479,rebeccamartinez@hotmail.com,No,08-01-2021,2792,Yes,Comprehensive Health Plan
d397f1e1-c444-4815-9f16-e1e6e5cc6927,CPT-73309,Monthly,5e6afc68-8b35-47b1-96ec-2c57edfd00e0,35850,Dr. Zachary Rice,"Cortez, Bond and Anderson",Treatment: Administered post-operative care for valve replacement surgery.','Admission Start Date:11-02-2021; Admission End: 05-08-2023; Treatment: Treatment: Administered post-operative care for valve replacement surgery.'',Research hope while song travel tonight heart.,47785,Miller-Avila,Rejected,032-857-4116x97445,Jordan LLC,Critical Disease Specific Plans,0b033209-0791-4178-8c8e-f38d2f17eabc,Family,15-05-2023,54034,90,02-03-2023,04-10-2023,GB22YOTW32376870769033,0b033209-0791-4178-8c8e-f38d2f17eabc,Kendra Jimenez,"6202 Thomas Meadows Apt. 124 New Caitlinstad, MI 13298",153.403.7338,baldwinamy@perez.org,No,11-02-2021,5464,No,Disease-Specific Health Insurance Plans
2d5f5c62-c9b4-4218-ad42-160ffec12abe,CPT-85506,Monthly,5e2ce7fd-f841-4bc2-a342-548dc13ff735,26815,Dr. Patrick Rios,Pena-Jones,Treatment: Provided intravenous fluids and electrolyte therapy for severe dehydration.',Protect state decision audience.,Evening let probably tough.,4441,Johnson Group,Rejected,697.632.7558,Taylor Ltd,Skin and Dermatology Care,e6369fc8-a1e1-4a3d-9a3f-260ec3678b29,Corporate,19-11-2022,23399,248,30-09-2020,30-12-2022,GB33RNGG12162409394209,e6369fc8-a1e1-4a3d-9a3f-260ec3678b29,Allison Harris,"30045 Ian Center Suite 760 New Ashley, WY 28474",880.425.1762,traceynorton@miller-valdez.biz,Yes,16-04-2022,7354,No,Comprehensive Health Plan
9bf2aae8-8eaf-41a0-b7b6-f1b5beabb695,CPT-34326,Quarterly,0f9375fe-03e6-4b2b-94ed-27d1cd3d7b14,34363,Dr. Julia Palmer,Coleman PLC,Treatment: Provided cardiac rehabilitation and prescribed medications for recovery.',Evening huge today relate sign big. Husband down however treat experience.,While series PM during.,79154,Valdez LLC,Approved,061-357-4631x814,Dodson-Gross,Critical Disease Specific Plans,aa755ac3-4687-43a1-85ae-ab7f97ed3fab,Family,08-08-2020,82439,769,24-07-2020,03-12-2020,GB19QCKK24685081162815,aa755ac3-4687-43a1-85ae-ab7f97ed3fab,Devon Thompson,"2632 Jorge Ridges Apt. 630 South Margaret, VA 73981",321.148.3948x472,davidcarter@scott.com,Yes,27-05-2022,7743,No,Disease-Specific Health Insurance Plans
6dbb3378-ba7a-4f23-8649-31ea9b41f4c6,CPT-96767,Monthly,2d6ba637-964d-495c-b4a9-d99fcd744088,34338,Dr. Mr. William Thompson PhD,Anderson-Briggs,Treatment: Managed complications of chronic kidney disease through hospitalization and dialysis sessions.','Admission Start Date:15-09-2024; Admission End: 18-10-2024; Treatment: Treatment: Managed complications of chronic kidney disease through hospitalization and dialysis sessions.'',Safe his black statement.,69716,Gardner-Ruiz,Approved,045-850-2792x237,Jackson-Barton,Maternity Benefits,7519392f-9ca8-425d-b2db-8a58b130571f,Corporate,16-05-2024,74095,816,05-07-2020,09-11-2024,GB26BWSI50070506920917,7519392f-9ca8-425d-b2db-8a58b130571f,Gregory Gonzalez,"PSC 4159, Box 5555 APO AA 47063",9047136058,clarkcharles@hoffman.com,No,15-09-2024,3815,No,Comprehensive Health Plan
05d755c2-cfcd-4ec2-8cb1-101efaed8d99,CPT-87701,Quarterly,f492351b-1c7c-40a3-944e-39bac1677173,84928,Dr. Kimberly Keith,Frey-Hicks,Treatment: Administered antibiotics for infection control.',Leader west country Republican add.,Your develop tax peace idea central.,3326,Brown-Mcgee,Rejected,+1-531-398-0348x72189,"Barton, Miller and Williams",Critical Disease Specific Plans,ca9bf3b8-a53b-43f1-8172-3871a2990a20,Family,07-02-2024,98777,844,01-06-2022,17-12-2024,GB41DCPK50843834295329,ca9bf3b8-a53b-43f1-8172-3871a2990a20,Amanda Bernard,"813 Taylor Camp Herreraland, CT 83344",073.829.5814x136,rwilliams@yahoo.com,Yes,16-01-2022,2373,Yes,Disease-Specific Health Insurance Plans
a7f04c79-a258-478f-8cdf-b6748f442636,CPT-72629,Annually,cfa6c678-6054-43f4-b32d-9e036e89e19b,69122,Dr. Mrs. Anita Webster,Duarte LLC,Treatment: Administered post-operative care for valve replacement surgery.','Admission Start Date:03-05-2021; Admission End: 18-10-2023; Treatment: Treatment: Administered post-operative care for valve replacement surgery.'',Too agree space follow every.,90219,"Manning, Johnson and Zimmerman",Approved,774-534-7724x898,Jenkins Ltd,Hospitalisation Benefits,2b2389a7-c8e8-46a3-a882-63bde2a86ac7,Corporate,26-01-2025,23139,602,29-10-2024,23-05-2025,GB12FFTK46482519727837,2b2389a7-c8e8-46a3-a882-63bde2a86ac7,Leslie Burton,"4393 Faulkner Gateway Suite 315 North Erintown, OK 15262",191.758.4982x65808,scott69@cardenas.com,Yes,03-05-2021,9496,No,Comprehensive Health Plan
433007ce-99bf-436a-a9aa-61f095d91078,CPT-21401,Quarterly,667b97d9-d3f8-433f-8a79-ae1bddc0df8f,64184,Dr. Pamela Jacobson,Webster-Walker,Treatment: Conducted routine check-up and prescribed vitamins.',Body major wonder member help. Character event improve impact record.,Night nature fact different.,32939,Anderson Ltd,Rejected,001-765-453-4689x760,Bentley-Sanders,Eye and Vision Care,b9e5c2b2-63e6-4ab6-9e71-9926fbbba1a7,Family,13-03-2022,75273,641,21-01-2021,24-09-2022,GB75HWHU16196594090280,b9e5c2b2-63e6-4ab6-9e71-9926fbbba1a7,Carrie Roy,"30445 Brian Corners Apt. 864 East Justinport, MD 52608",001-204-213-5624x5367,gardnerchristopher@davis-guzman.com,Yes,17-09-2024,2567,No,Comprehensive Health Plan
889e776b-dbf9-46e0-8fc5-794ff66828af,CPT-65609,Quarterly,3bbfdb02-86a3-4b78-9d2a-cb77d94ef0e3,37077,Dr. Shawn George,Martin-Floyd,Treatment: Assisted with delivery and provided neonatal care.',Actually toward tough anything know. Watch pick operation your computer science.,My whether great race. Very can beat level.,74762,"Wright, Moon and Jordan",Approved,336-454-5296x880,Quinn-Webb,Maternity Benefits,02bb9a59-cd53-42de-acc7-8b0e201379bc,Individual,10-12-2024,5560,209,10-11-2023,19-03-2025,GB93JOCW94779012736983,02bb9a59-cd53-42de-acc7-8b0e201379bc,Mary Morgan,"37531 Cynthia Mill Lake Jennifer, UT 21097",+1-543-161-3390x176,qroy@gmail.com,Yes,02-11-2023,4943,No,Comprehensive Health Plan
e563fa06-9384-4910-8bd8-86d3df088e59,CPT-27614,Quarterly,c893871a-51f4-4788-b7f5-caff7c053542,41236,Dr. Mrs. Rachel White,Rivers-Rice,Treatment: Conducted hospital-based monitoring for critical dengue shock syndrome cases.','Admission Start Date:17-02-2022; Admission End: 15-04-2023; Treatment: Treatment: Conducted hospital-based monitoring for critical dengue shock syndrome cases.'',Season site whatever north.,35400,"Perry, Stanley and Owens",Rejected,+1-478-030-8090x43070,Barber-Wilson,Critical Disease Specific Plans,859eb7d4-ba57-4187-a522-e6b2e3419750,Family,20-12-2023,99162,522,06-10-2020,01-05-2024,GB10YYNL75394061475861,859eb7d4-ba57-4187-a522-e6b2e3419750,Courtney Koch,"5532 Jason Plaza Fergusonberg, DC 87358",+1-764-488-7397x74598,lreynolds@chavez-macdonald.com,No,17-02-2022,6384,No,Disease-Specific Health Insurance Plans
dd5c1860-71a6-4c08-9756-5efe0db5007a,CPT-41747,Quarterly,e671873a-bb66-4dd4-ae43-198853c6d57f,78804,Dr. Natasha Brown,"Graves, Rose and Garcia",Treatment: Hospitalized for treatment of severe asthma exacerbation with corticosteroids.',Support minute hit firm.,Sometimes man fine. Us sense maybe.,79350,"Benson, Wagner and Foster",Rejected,+1-054-633-0678x385,Franklin PLC,Dental Treatment Coverage,a2cc28c6-0cef-4423-998d-7a9c43c72fc2,Corporate,28-08-2023,46697,339,17-04-2022,13-11-2023,GB04OSAH03589236573122,a2cc28c6-0cef-4423-998d-7a9c43c72fc2,Michael Walker,"18052 Huber Avenue Suite 444 Port Jerome, CT 47943",975.537.4838,michael28@burns.com,No,03-02-2023,2893,No,Senior Citizen Health Insurance Plans
aaae304a-5ad4-4908-993e-6e4643eee824,CPT-88455,Quarterly,d146c7ec-c9bb-49b8-91db-83977e5eb6a4,89729,Dr. Vicki Fisher,Carr-Cline,Treatment: Performed coronary artery bypass surgery successfully.','Admission Start Date:09-06-2022; Admission End: 26-11-2022; Treatment: Treatment: Performed coronary artery bypass surgery successfully.'',Sometimes yet page result shake beyond story.,78170,Morris-Rice,Approved,+1-273-973-8510x484,Williams-Foster,Cardiovascular Health,71a13ae7-9174-44be-98de-93edf3750773,Individual,19-11-2022,69048,11,27-09-2020,01-02-2023,GB13NIEX05112334293068,71a13ae7-9174-44be-98de-93edf3750773,Tammy Green,"71095 Stephenson Groves Christineberg, ME 70423",1678411782,amanda36@gmail.com,No,09-06-2022,9051,Yes,Senior Citizen Health Insurance Plans
c51a1b48-4d83-44d6-8631-2f6895531ff6,CPT-99010,Annually,26af6338-0b1c-49de-958d-53ffaa620614,82238,Dr. Katie Schneider,"Giles, Miles and Brown",Treatment: Provided ventilator support for respiratory failure caused by severe pneumonia.','Admission Start Date:30-09-2021; Admission End: 25-05-2022; Treatment: Treatment: Provided ventilator support for respiratory failure caused by severe pneumonia.'',Opportunity control guy bag study include.,26815,"Villa, Rivera and Allen",Approved,359-095-6187x856,Lopez-Patterson,Covers Ambulance Fees,b769f23e-cc32-47bc-bfe4-ac50e7cdf7e2,Family,10-08-2023,20296,39,12-07-2023,07-05-2024,GB76THAS21649645211875,b769f23e-cc32-47bc-bfe4-ac50e7cdf7e2,Nicholas Lynch,"06007 Crystal Stravenue Suite 421 Lake Kevin, UT 66474",9896384412,karen70@gmail.com,No,30-09-2021,9425,No,Senior Citizen Health Insurance Plans
12b57087-bd7b-41e7-a401-a28e2df9e67d,CPT-54402,Annually,7c1a64c0-0d4c-44ab-a574-7a0ca585e3cc,16402,Dr. Kathryn Kelly,"Page, Brown and Jacobs",Treatment: Administered pain relief for post-operative recovery.',Lay song girl world.,Prove spring still beautiful late friend.,88988,"Carter, Smith and Carter",Rejected,905-909-1167,Gates Group,Low-Cost Premium for Young People,6aef8b07-4b68-42f2-b39f-6377346d9f69,Family,24-01-2023,46147,461,28-02-2021,02-07-2023,GB68NOWH46608973158885,6aef8b07-4b68-42f2-b39f-6377346d9f69,Joshua Henry,"7402 Silva Green West Jasonberg, NH 14120",001-694-018-2699x2124,gbriggs@hotmail.com,No,20-01-2023,7168,No,Comprehensive Health Plan
04e67228-7950-418c-9abe-e7a238d1e1b2,CPT-91562,Annually,2242bc86-2cfb-4334-90f8-0f8912feb336,56960,Dr. Travis Thompson,Evans Ltd,Treatment: Conducted hospital-based monitoring for critical dengue shock syndrome cases.','Admission Start Date:03-02-2023; Admission End: 06-10-2023; Treatment: Treatment: Conducted hospital-based monitoring for critical dengue shock syndrome cases.'',Some by some more second pay.,42582,"Willis, Wheeler and Davis",Rejected,(164)684-1704x172,"Serrano, Green and Daniel",Protection from Growing Medical Expenses,0d876675-3cc9-466b-a3d0-309320a191e5,Family,20-04-2024,45449,822,21-11-2021,09-03-2025,GB50IZTU68458352532327,0d876675-3cc9-466b-a3d0-309320a191e5,Nicholas Costa,"6512 Ryan Extensions Connerstad, AK 60220",001-510-173-8658x0738,ndavis@johnson.com,Yes,03-02-2023,1954,No,Senior Citizen Health Insurance Plans
80d03f19-8b8b-455e-9a97-a2377e16f08e,CPT-76497,Monthly,2dc3a35f-a994-4e3f-97b8-9a490fe3d72c,98933,Dr. James Woods,"Avila, Patterson and Ramirez",Treatment: Performed minor surgery for injury repair.','Admission Start Date:29-01-2024; Admission End: 26-06-2025; Treatment: Treatment: Performed minor surgery for injury repair.'',Become all citizen.,18152,Ruiz-Schwartz,Rejected,718-948-2172,Glover-Young,Critical Disease Specific Plans,a933aa36-c8d8-4095-b6cc-4677875c527a,Individual,15-10-2024,63850,939,05-07-2024,04-09-2025,GB83HDNY60047654592621,a933aa36-c8d8-4095-b6cc-4677875c527a,Christopher Edwards PhD,"94793 Gregory Track Stevenchester, NJ 86073",(735)669-7713x3302,nancy94@mitchell.com,Yes,29-01-2024,7506,Yes,Disease-Specific Health Insurance Plans
3ed7bf37-9d35-4147-911d-40f785ea7633,CPT-41602,Monthly,1b340bf7-0ce9-4f6c-b748-68b1eabe2d8e,67317,Dr. Laura Wright,Haney-Warner,Treatment: Vi',Kind stage attention though. Important field physical down former administration.,Follow game defense again wind.,44469,"Stafford, Floyd and Jenkins",Rejected,7044888043,"Romero, Green and Johnson",Covers Ambulance Fees,4bbe5159-0a2d-4e85-b6f7-e67899d36cb9,Family,03-11-2021,47304,722,31-10-2021,16-09-2022,GB75OAIA28224014857322,4bbe5159-0a2d-4e85-b6f7-e67899d36cb9,Jessica White,"91251 Baker Road Suite 430 Port Diana, NM 68279",+1-782-702-4190x230,kimberly92@richards.biz,Yes,11-08-2023,1805,Yes,Senior Citizen Health Insurance Plans
d15c6f39-305f-4826-a9fb-694db2f29c50,CPT-63703,Monthly,f056b496-2530-4d3a-b666-dffcb6af7d1e,65611,Dr. Kristina Clark,Walker-Henderson,Treatment: Provided ventilator support for respiratory failure caused by severe pneumonia.','Admission Start Date:08-03-2024; Admission End: 07-02-2025; Treatment: Treatment: Provided ventilator support for respiratory failure caused by severe pneumonia.'',Store second word product in.,65537,Nichols Group,Approved,220761815,Smith and Sons,Covers Ambulance Fees,0530fb0d-ec2c-40ac-aa04-f310d3f1ffe5,Family,18-01-2025,6678,211,10-11-2020,26-06-2025,GB02IGPL44233435214550,0530fb0d-ec2c-40ac-aa04-f310d3f1ffe5,Cathy Smith,"082 Justin Overpass Suite 320 South Andreatown, OR 56448",8276269787,carol31@patterson.net,Yes,08-03-2024,3770,Yes,Senior Citizen Health Insurance Plans
4472b185-7040-4d67-bfe4-28b7e29a816a,CPT-29854,Annually,36b152d6-91fb-4cf3-9a30-3034d0e81fde,54484,Dr. Michelle Richardson,Hampton-Wilson,Treatment: Hospitalized for treatment of severe asthma exacerbation with corticosteroids.',Her decide team cultural cup now popular.,Arm along nearly event summer be.,15471,"Mccarthy, Davis and Parker",Approved,+1-636-884-9556x46605,Rose Inc,Protection from Growing Medical Expenses,37da06e3-93e4-46b9-b53b-32b78dfb1f3f,Individual,04-11-2024,70065,449,20-05-2024,05-09-2025,GB29VXKE30911699340234,37da06e3-93e4-46b9-b53b-32b78dfb1f3f,Brandi Brown,"PSC 3318, Box 5041 APO AA 76933",(559)720-8584,adavidson@hotmail.com,No,29-05-2024,4491,Yes,Senior Citizen Health Insurance Plans
633ab1c6-869c-48c0-9368-cbbd9378c091,CPT-67547,Annually,e7a573de-0b9b-4ccf-a6cc-f4eaeb6f0d17,65235,Dr. Mary Stuart,Shannon and Sons,Treatment: Administered post-operative care for valve replacement surgery.','Admission Start Date:30-05-2022; Admission End: 19-09-2023; Treatment: Treatment: Administered post-operative care for valve replacement surgery.'',Good four away argue start.,40295,"Miller, Gray and Hudson",Approved,+1-904-365-5681x86383,Stanley-Evans,Respiratory Health,ddaa3515-4774-4d04-b433-e202b5650b8e,Individual,22-12-2024,24649,164,13-10-2023,12-02-2025,GB07PXIX96945696614588,ddaa3515-4774-4d04-b433-e202b5650b8e,Jeffrey Cook,"2537 Hall Run Suite 474 Youngburgh, IL 66538",(357)256-0286x7975,fsmith@harvey.net,No,30-05-2022,6965,No,Senior Citizen Health Insurance Plans
76cc74ff-f665-4336-b27e-a9a6b7e6e9db,CPT-91577,Monthly,99e31422-55cc-4282-9dec-53fe3acb6ada,3290,Dr. Justin Robinson,"Kaufman, White and Sanders",Treatment: Administered post-operative care for valve replacement surgery.','Admission Start Date:21-03-2021; Admission End: 27-06-2021; Treatment: Treatment: Administered post-operative care for valve replacement surgery.'',Low whatever admit degree green hour truth.,83474,Crawford-Nash,Rejected,(338)561-8143,"Carson, Thompson and Ruiz",Critical Disease Specific Plans,b561aec1-a0e4-4d1e-999a-09f964bc227d,Corporate,12-02-2021,3894,223,05-07-2020,21-12-2021,GB57CXDM32035507328077,b561aec1-a0e4-4d1e-999a-09f964bc227d,Tyler Wong,"0269 Lewis Turnpike Apt. 833 Port Emilyshire, AK 60495",811-826-2675,marvinsmith@gmail.com,No,21-03-2021,746,Yes,Disease-Specific Health Insurance Plans
4d7d12b8-c9d0-4b1f-a7af-7f76c696e8ab,CPT-65812,Quarterly,7f6a4dcc-58fd-423a-a292-87080e0b9239,9196,Dr. Sean Flores,Moreno Inc,Treatment: Performed hemodialysis for renal failure with continuous monitoring of vitals.','Admission Start Date:24-05-2024; Admission End: None; Treatment: Treatment: Performed hemodialysis for renal failure with continuous monitoring of vitals.'',Sort purpose see ahead garden while event lawyer.,29176,"Vega, Morris and Donaldson",Rejected,8630570634,Richards-Fischer,Includes Yearly Medical Check-Ups,3c56bfdb-01f3-4601-8b2f-3f291c3bdd25,Family,22-12-2022,75444,292,27-04-2022,05-05-2023,GB21AOWE57099977363436,3c56bfdb-01f3-4601-8b2f-3f291c3bdd25,Derrick Mccormick,"11858 Robertson Village Gibsonberg, MS 39884",441-944-2939,janet95@gmail.com,Yes,24-05-2024,5506,Yes,Comprehensive Health Plan
a1b3251f-97de-466c-bfc0-791b61ee2161,CPT-71597,Annually,6857ace4-1aa5-4902-b98a-99698eb98829,79233,Dr. Ronnie Walker,Wiggins-Page,Treatment: Managed complications of chronic kidney disease through hospitalization and dialysis sessions.','Admission Start Date:11-08-2023; Admission End: None; Treatment: Treatment: Managed complications of chronic kidney disease through hospitalization and dialysis sessions.'',Bad race election accept fire decide apply.,99263,Martin-Brown,Approved,001-359-171-2729,Harvey-Owen,Critical Disease Specific Plans,a8cc9ebc-4f69-4fb5-a9c9-156e7a0b42cd,Corporate,23-05-2021,50943,302,23-03-2020,13-04-2022,GB28WUTB04710990723668,a8cc9ebc-4f69-4fb5-a9c9-156e7a0b42cd,Kevin Ballard,"908 Robles Station Lake Marytown, AK 47384",001-141-572-3436x25059,fullersydney@hotmail.com,No,11-08-2023,1574,No,Disease-Specific Health Insurance Plans
778fa0a8-1ea0-419d-bf17-c7a8b9654576,CPT-50303,Quarterly,ac7f0805-76d9-472b-8f33-99c87319617c,4344,Dr. Rhonda Orozco,Graham-Daniel,Treatment: Administered antibiotics for infection control.',Trial far country tough.,Take sit information Mrs large drug image he.,85649,Parsons PLC,Rejected,(550)801-6297,King LLC,Dental Treatment Coverage,d89439eb-2457-4d7e-bd87-7b734f5d0591,Individual,04-01-2025,45599,257,24-07-2021,26-12-2025,GB35QUHK76495747403651,d89439eb-2457-4d7e-bd87-7b734f5d0591,Mark Simpson,"2016 Don Knolls Samuelberg, GA 37231",+1-356-560-7836x677,tammyhernandez@hotmail.com,Yes,16-06-2022,9203,No,Senior Citizen Health Insurance Plans
3b82cec4-a067-451f-82a7-10b26cb4b640,CPT-88807,Monthly,fb66a19d-cfad-47e8-b19e-39b772890e0e,54521,Dr. Teresa Barrett,Hampton-Owens,Treatment: Conducted postpartum evaluation and counseling on lactation.',Successful happen occur receive space set.,Range method and third of him.,79887,"Green, Smith and Young",Rejected,001-854-743-4624x48385,Williams-Moreno,Cardiovascular Health,e97c76b0-aa0d-42c6-888c-0d21c1a4f622,Corporate,25-08-2023,3999,872,24-06-2022,14-02-2024,GB34DWZK09109058084933,e97c76b0-aa0d-42c6-888c-0d21c1a4f622,Jose Shaffer,"9710 Nguyen Junction Barneshaven, TX 32444",(814)088-1328x1217,johnsonstephanie@rodriguez.com,Yes,07-03-2023,5848,Yes,Senior Citizen Health Insurance Plans
12802d12-5c1e-4f7c-afdb-40923c5e5c28,CPT-62066,Quarterly,a9eaf5d1-a47a-476e-b2c8-9c73ca25bb8d,33901,Dr. Richard Kelly,"King, Chung and Hawkins",Treatment: Managed complications of chronic kidney disease through hospitalization and dialysis sessions.','Admission Start Date:19-01-2025; Admission End: 05-07-2025; Treatment: Treatment: Managed complications of chronic kidney disease through hospitalization and dialysis sessions.'',Sport know society field its back recent wear.,95327,"Wilson, Parker and Berger",Approved,952-409-8918x3944,Cortez-Pitts,Critical Disease Specific Plans,74eaabb8-5f19-4411-b601-4566c96f4e50,Individual,16-12-2024,34752,873,28-03-2023,03-09-2025,GB17OCCJ16798394016532,74eaabb8-5f19-4411-b601-4566c96f4e50,Travis Johnson,"7916 Bailey Cove Collinsland, TX 14377",805.413.2740x2222,jordanmichael@walker-scott.com,Yes,19-01-2025,1953,No,Disease-Specific Health Insurance Plans
6af4c67f-99de-49c9-8c3c-5cba4f44bf0e,CPT-65993,Monthly,d1389179-9eb6-430e-8baf-55797c24e918,92694,Dr. James Schultz,Smith LLC,Treatment: Provided intravenous fluids and electrolyte therapy for severe dehydration.',Other star military language. Way activity billion take executive accept.,West gas head election bar.,87446,"Pacheco, Jones and Henderson",Rejected,781-979-4332,Guzman-Thomas,Hospitalisation Benefits,83cf122a-c177-426b-a1a0-75cb7d5578eb,Family,05-07-2022,47290,74,03-11-2020,23-04-2023,GB61NGBZ28529719316015,83cf122a-c177-426b-a1a0-75cb7d5578eb,Jeremy Evans,"239 Adam Vista South Anne, OK 08935",222-343-6410x30515,davidkennedy@johnson-johnson.com,No,09-06-2021,6545,No,Comprehensive Health Plan
5c71a1ea-865d-49c8-87e5-1ce5d6472996,CPT-18190,Quarterly,9bcd59f0-161d-4063-b948-8000c8f3968b,83711,Dr. Maria Marshall,Roberts-Wheeler,Treatment: Provided ventilator support for respiratory failure caused by severe pneumonia.','Admission Start Date:20-05-2021; Admission End: 04-09-2024; Treatment: Treatment: Provided ventilator support for respiratory failure caused by severe pneumonia.'',Television room likely hundred arm.,46246,Cross Ltd,Rejected,(153)401-3734,Elliott-Poole,Dental Treatment Coverage,2a2d6725-8ec0-4fca-95fc-754cad1d8cdf,Family,30-10-2024,9515,337,05-03-2023,18-11-2024,GB31MWSN02172293682039,2a2d6725-8ec0-4fca-95fc-754cad1d8cdf,Eddie Roman,"1453 Gina Courts Suite 367 East Timothyfurt, RI 68257",110.325.2424x3672,sandovalvictoria@scott.com,No,20-05-2021,8351,Yes,Senior Citizen Health Insurance Plans
3495afa3-dc17-4947-b5a4-641d7d77ddfb,CPT-79597,Monthly,ecb40513-4a23-49ad-ae64-217c5716885a,25576,Dr. William Morrison,"Edwards, Walters and Jordan",Treatment: Hospitalized for treatment of severe asthma exacerbation with corticosteroids.',Fast result a continue both ability between check.,Down company always leg lose thank thought.,91557,"Hernandez, Lee and Barnes",Approved,(399)841-5960x298,Dixon Inc,Respiratory Health,f09b1dd6-717f-4a75-a8c4-bdfff474603a,Corporate,13-06-2021,46822,319,13-06-2021,08-10-2021,GB77HIRR61368960775814,f09b1dd6-717f-4a75-a8c4-bdfff474603a,Stephanie Christian,"477 Sanford Square Jenniferfort, FL 06522",1792895707,brownjasmine@hotmail.com,Yes,23-08-2024,3518,Yes,Senior Citizen Health Insurance Plans
0da0cd36-5bf0-4b6b-a975-8e8a2cad7d0f,CPT-52530,Annually,86f79363-7018-4811-a397-8ac1363392cf,51782,Dr. Jeffrey Gardner,"Glover, Blair and Salazar",Treatment: Administered peritoneal dialysis and provided post-treatment counseling.','Admission Start Date:28-10-2023; Admission End: 20-06-2025; Treatment: Treatment: Administered peritoneal dialysis and provided post-treatment counseling.'',Myself course authority health teach last.,18653,"Herring, Nelson and Pratt",Rejected,+1-180-065-4969x31596,Marshall PLC,Critical Disease Specific Plans,34995baf-35d3-46f2-a7a8-b3a83640f7e8,Individual,05-03-2025,96485,718,11-06-2023,20-09-2025,GB45BFJA87921477431834,34995baf-35d3-46f2-a7a8-b3a83640f7e8,Daniel Nash,Unit 8669 Box 2574 DPO AP 96890,7896536209,littleholly@thompson-mcintyre.com,Yes,28-10-2023,5331,Yes,Disease-Specific Health Insurance Plans
9b5eca7a-8c48-46a9-a466-6a4b8f0ad81b,CPT-68008,Annually,d43cbdac-78fc-4f31-a8db-fddc9d4c268e,70734,Dr. Mary Johnson,"Moody, Warren and Stewart",Treatment: Conducted routine check-up and prescribed vitamins.',Action opportunity stand court. General concern involve guy tonight.,Help carry health effect.,84346,Thompson LLC,Approved,409.535.3822,Eaton-Holmes,Critical Disease Specific Plans,62d301ff-e4fc-4536-8185-3c1cb0e92c17,Family,27-08-2023,95369,682,16-12-2022,29-12-2023,GB98VPAW90013886971692,62d301ff-e4fc-4536-8185-3c1cb0e92c17,Sarah Marshall,"9277 Holmes Curve Apt. 614 Trujillofurt, MO 08907",990921603,jennifer46@yahoo.com,No,15-10-2024,850,Yes,Disease-Specific Health Insurance Plans
6a7608ff-e364-49d7-92f0-9f5b1a328d00,CPT-41685,Quarterly,a01d27ea-8aba-45ab-9505-0f1131c68ae5,22449,Dr. Laurie Curtis,Mathews Group,Treatment: Managed acute pulmonary embolism through anticoagulation therapy under close supervision.',Gun full stage draw.,Read attorney business pattern.,51585,Stewart LLC,Rejected,330-547-1536x552,Chavez-Brooks,Critical Disease Specific Plans,fce3ee24-7c3e-478d-82b0-4050428d1231,Individual,11-08-2023,62949,504,03-11-2022,20-12-2023,GB16YCMT96036508090051,fce3ee24-7c3e-478d-82b0-4050428d1231,James Flores,"85554 Lorraine Isle Jenniferville, SD 18867",027-998-3156x1045,taylormelissa@yahoo.com,No,12-06-2022,1093,Yes,Disease-Specific Health Insurance Plans
bec24e31-692c-4762-a69b-8407ce749548,CPT-45594,Monthly,810dae85-232d-449a-922d-2ea5e4c546e5,35740,Dr. Susan Morgan,"Leblanc, Rivera and Evans",Treatment: Conducted routine check-up and prescribed vitamins.',Skin around especially hospital design finish. List growth within gun blood continue.,Staff save name finish some.,6575,"Hughes, Jordan and Perez",Rejected,658.125.7135x85620,"Evans, Parker and Ray",Cardiovascular Health,0e6513c6-f9d2-468b-a2e1-b67390f32161,Family,11-02-2025,19752,949,01-10-2021,05-09-2025,GB67CQRL46912390152518,0e6513c6-f9d2-468b-a2e1-b67390f32161,Jason Cole,USCGC Patel FPO AE 85338,001-735-654-2708x9374,smithandrew@barrett.com,Yes,20-05-2021,8643,Yes,Senior Citizen Health Insurance Plans
2023d635-8c3b-435c-b940-6ddc46f075fd,CPT-11221,Monthly,797c0c61-2626-42b8-9f42-571898a8aead,65890,Dr. Sarah Barton,Coleman-Morse,Treatment: Provided counseling for mental health support.',Store site charge college money however.,Parent national final share energy represent.,14284,"Williams, Harper and Washington",Approved,054-542-5713,"Jacobson, Jackson and Long",Critical Disease Specific Plans,132d6134-e5a4-48c1-844c-e1c165d7b1ba,Family,03-05-2024,42386,194,01-04-2024,19-07-2024,GB17MSXI30768350647080,132d6134-e5a4-48c1-844c-e1c165d7b1ba,Stacy Lynn,"PSC 4222, Box 2707 APO AE 85722",001-362-656-9553x2813,ajordan@gmail.com,No,27-06-2021,5391,Yes,Disease-Specific Health Insurance Plans
ca5ad38a-bb71-4381-9c6d-2f8bcd494d91,CPT-22017,Quarterly,5215cb8f-7508-4080-8ced-ca4887947aad,24502,Dr. Michael Rich,Richardson Inc,Treatment: Provided care for acute kidney injury requiring urgent dialysis.','Admission Start Date:27-11-2020; Admission End: 29-11-2024; Treatment: Treatment: Provided care for acute kidney injury requiring urgent dialysis.'',Him capital budget feeling receive.,35199,Jackson Group,Approved,982.926.2985x61385,"Williams, Wilson and Moss",Critical Disease Specific Plans,73a87502-a5e7-4ccc-8933-2108a578606e,Individual,24-12-2024,79450,735,23-05-2024,25-07-2025,GB86IYUI78329089082288,73a87502-a5e7-4ccc-8933-2108a578606e,Donna Thomas,"60229 Patricia Manors Apt. 304 Port Sharon, CT 47061",700-536-3271,astevens@gmail.com,Yes,27-11-2020,1530,No,Disease-Specific Health Insurance Plans
8b352368-afc6-4d5b-8439-f0ae81264434,CPT-55988,Quarterly,d1ff92cd-11e4-4e8d-9940-fe408bed4f74,27286,Dr. Melissa Miranda,Burton LLC,Treatment: Hospitalized for treatment of severe asthma exacerbation with corticosteroids.',Many phone large store will.,Customer fish surface they manager.,34366,"Dickerson, Barrett and Gutierrez",Rejected,-2092,Garcia-Jones,Low-Cost Premium for Young People,e16ced2a-6e6a-4c5a-b66a-7e09b4b37bbc,Family,30-05-2024,36848,804,06-01-2023,31-05-2024,GB70HJPK87184471311154,e16ced2a-6e6a-4c5a-b66a-7e09b4b37bbc,Denise Hunter,"95814 Ashley Walks Garciamouth, WY 25402",+1-503-479-3427x05284,smithscott@hotmail.com,No,12-02-2022,6808,Yes,Comprehensive Health Plan
550ba738-f261-43d3-9624-92d387a40391,CPT-61909,Annually,d588306a-c531-45ec-9610-65c022821732,77428,Dr. Heather Reeves,"Martinez, French and Gaines",Treatment: Conducted hospital-based monitoring for critical dengue shock syndrome cases.','Admission Start Date:13-10-2022; Admission End: 03-12-2023; Treatment: Treatment: Conducted hospital-based monitoring for critical dengue shock syndrome cases.'',Language whether different part various consider.,47278,Wells-Yoder,Rejected,(459)353-5648x599,Smith-Hernandez,Diabetes-Specific Benefits,b85e8685-1f9b-4390-89a5-433def850fab,Individual,03-02-2024,48640,230,19-05-2022,29-05-2024,GB97GEGC64067178435205,b85e8685-1f9b-4390-89a5-433def850fab,Paige Castillo,"0469 Robinson Mews Suite 466 Freemantown, UT 68787",3808081671,imedina@yahoo.com,No,13-10-2022,7810,No,Senior Citizen Health Insurance Plans
c6fafe44-0a59-4f36-a8c8-088fdd9e1365,CPT-13497,Annually,670df551-dbd6-48df-b8d8-2a5aa159e755,26904,Dr. Stacy Miller,"Hartman, Floyd and Hill",Treatment: Provided physiotherapy for mobility improvement.',Themselves major woman.,Both opportunity maybe lose again program.,53178,Frederick-Hopkins,Rejected,1784317881,Davis Group,Hospitalisation Benefits,e67a576b-5919-43bd-b6f1-a6f79aaac8e9,Corporate,08-08-2024,99162,842,26-08-2023,23-02-2025,GB08KBYW13119602217330,e67a576b-5919-43bd-b6f1-a6f79aaac8e9,Daniel Tran,"42588 Kayla Mission Alexisfurt, MD 58984",527-798-3873x54795,amandaayers@webb.com,Yes,10-09-2021,4699,No,Comprehensive Health Plan
8387873b-49c6-43ba-b393-72b4dbf80b44,CPT-74453,Annually,7df98264-715a-4e7f-9e1c-d04a7f3b2480,56039,Dr. James Wilkins,Mcfarland-Gonzalez,Treatment: Provided care for acute kidney injury requiring urgent dialysis.','Admission Start Date:11-10-2024; Admission End: None; Treatment: Treatment: Provided care for acute kidney injury requiring urgent dialysis.'',Book step total box thing people unit if.,96674,Allen and Sons,Approved,(165)787-0442,"Mccormick, Church and Lara",Skin and Dermatology Care,be4ad121-6189-478b-81ab-c2d56ae46139,Individual,24-08-2023,27836,402,15-05-2022,02-07-2024,GB47UGRZ02763991486131,be4ad121-6189-478b-81ab-c2d56ae46139,Barbara Hernandez,"9365 Smith Tunnel New Pamelaland, NH 05285",001-751-479-7358x45722,jpeterson@yang.biz,Yes,11-10-2024,1026,Yes,Comprehensive Health Plan
844daaff-2dc1-4afd-936a-f9f06f9a5722,CPT-19608,Quarterly,b804f165-125c-4e0a-aa24-7f9b59a41b20,27775,Dr. Elizabeth Snyder,Young Ltd,Treatment: Administered post-operative eye drops and advised on vision recovery.',Stop we personal free paper upon yard.,Chair PM know able.,37808,Moses-Huffman,Rejected,-6015,Johnson and Sons,Critical Disease Specific Plans,159d7eef-c2a4-47e6-a427-dfb35a5f0338,Individual,13-09-2024,16761,303,21-04-2023,01-06-2025,GB74EHCJ23404526009462,159d7eef-c2a4-47e6-a427-dfb35a5f0338,Jesse Graham MD,"4597 Sutton Summit Apt. 515 East David, NM 80864",-8914,ericaharvey@adams.com,No,16-01-2023,8983,No,Disease-Specific Health Insurance Plans
a1d31aba-24a9-4716-8035-aeb0bd455280,CPT-54610,Annually,c09ce422-3f3e-4c70-8cbb-cc7de226552d,23283,Dr. Jennifer Mason,"Taylor, Sanchez and Harding",Treatment: Provided physiotherapy for mobility improvement.',Forget contain defense data join ten. Weight type full one likely fly change.,Health approach improve culture song inside.,55662,Atkinson-Nicholson,Approved,730.899.7898,Warner Inc,Critical Disease Specific Plans,ca12f2b2-56f7-4f41-81e5-fb408feb4d9c,Corporate,29-09-2024,27231,744,23-12-2021,20-03-2025,GB70CDJE23829034268273,ca12f2b2-56f7-4f41-81e5-fb408feb4d9c,Carrie Stewart,"227 Woods Drive Lake Sandymouth, WI 07707",(083)918-0913,tonya85@yahoo.com,Yes,15-08-2022,5099,No,Disease-Specific Health Insurance Plans
79915843-4714-41b8-bfb3-50db2ed63bc2,CPT-10892,Quarterly,28538b86-2886-486f-8e96-08cc42f68517,11449,Dr. Jennifer Baker,"Fisher, Baird and Valdez",Treatment: Administered antibiotics for infection control.',Audience protect success pressure help mention someone attention. Likely voice human bit.,Game call they eight.,52520,"Mcgee, Powell and Reilly",Approved,(232)340-7637x793,Horn and Sons,Critical Disease Specific Plans,f3d60320-26d4-405a-9362-7f3fefb1650b,Individual,10-01-2023,50043,607,25-10-2022,19-07-2023,GB05BXMN63916944822261,f3d60320-26d4-405a-9362-7f3fefb1650b,Joshua Allen,"645 Hunt Forest Suite 042 Juanville, MO 21899",804395598,staceymcgee@gmail.com,Yes,21-01-2023,2448,Yes,Disease-Specific Health Insurance Plans
da9d4673-1fd8-4ae1-a5fa-9cf738b559d2,CPT-15784,Monthly,76d3f6d4-dbe9-4a7c-81c6-ca1da6e02fbd,97867,Dr. Bryan Delgado,Simpson-Hawkins,Treatment: Administered post-operative eye drops and advised on vision recovery.',Officer wall child daughter himself wide we. Some discover president dog six former cover.,Establish subject service off.,6387,Harris-Cox,Approved,+1-827-196-6013x50825,"Salas, Yoder and Lee",Critical Disease Specific Plans,8793d047-ae68-496d-864c-149544a48445,Individual,08-11-2022,24974,551,07-07-2022,04-07-2023,GB73SSAM50987593021711,8793d047-ae68-496d-864c-149544a48445,Penny Middleton,"0295 Cheryl Vista Cruzshire, MD 05532",001-680-933-2347x094,roachmadison@gmail.com,Yes,22-04-2022,2731,Yes,Disease-Specific Health Insurance Plans
38f0043c-5529-4105-8634-953955662408,CPT-65503,Quarterly,24e592b7-1006-4a74-9716-46cc3697f291,95467,Dr. Joshua Williams,Silva-Stein,Treatment: Performed coronary artery bypass surgery successfully.','Admission Start Date:05-02-2024; Admission End: None; Treatment: Treatment: Performed coronary artery bypass surgery successfully.'',Responsibility provide left buy central success.,74246,Lee PLC,Rejected,001-585-073-4559x84228,Glover Group,Critical Disease Specific Plans,a1106350-3690-419c-8b3b-64874fb817af,Individual,29-07-2022,50041,705,04-10-2020,14-10-2022,GB29VZZX84206410400366,a1106350-3690-419c-8b3b-64874fb817af,Scott Johnson,"317 Andrew Passage Andreaview, SC 31346",(296)992-3176,wheelerrobert@yahoo.com,Yes,05-02-2024,2178,Yes,Disease-Specific Health Insurance Plans
fb92639a-ee70-4fd3-b66a-ab2da2dc7a17,CPT-99772,Monthly,0e183d5a-2499-404f-bf0b-56489f0ca349,68252,Dr. Theodore Gibson,Black Ltd,Treatment: Administered post-operative care for valve replacement surgery.','Admission Start Date:21-01-2020; Admission End: 18-08-2020; Treatment: Treatment: Administered post-operative care for valve replacement surgery.'',Better seek rate remember only hear new.,33053,Lopez-Nixon,Approved,+1-352-433-4513x176,Mack LLC,Hospitalisation Benefits,b2863f3a-a353-4505-86d4-a78612c748cc,Family,06-12-2020,17901,927,14-01-2020,14-11-2021,GB88MPAC28258766602417,b2863f3a-a353-4505-86d4-a78612c748cc,Pamela Sweeney,"06211 Kim Tunnel Suite 332 West Pamelastad, ME 63650",570.450.3077,debbiejones@gmail.com,Yes,21-01-2020,8950,No,Senior Citizen Health Insurance Plans
08fb9f35-2c4b-45bb-a77d-d007fb603660,CPT-87250,Quarterly,a5e66272-efde-4e8f-80ae-519032f3a130,9085,Dr. Michael Hernandez,Calderon-Mcgee,Treatment: Conducted postpartum evaluation and counseling on lactation.',Level fund chair entire until can goal.,Body before see himself child.,5026,"Davis, Williams and Arroyo",Rejected,(145)886-5439x03463,"Solis, Walker and Gonzales",Critical Disease Specific Plans,b2d9314d-82c3-413c-aeba-695cf03a29fc,Corporate,02-06-2024,47684,981,29-09-2021,09-11-2024,GB21WJFU27472814267915,b2d9314d-82c3-413c-aeba-695cf03a29fc,Jennifer Gibson,"686 Anderson Mountain Suite 027 Lake Timothyville, CO 02794",001-503-251-7161x38833,nfuentes@yahoo.com,No,24-03-2022,6675,No,Disease-Specific Health Insurance Plans
f3d7be93-0b8a-4e56-b623-69f42aeac2d6,CPT-36372,Monthly,b73378c5-ac7a-4a96-9248-a6000bb66f56,87830,Dr. Barbara Meyer,"Turner, Gonzalez and Rodriguez",Treatment: Conducted surgical intervention for lung cancer patients.',Red movie vote provide. Clear work idea scene college medical.,Item open look from situation really new.,99291,Howard-Flores,Approved,+1-128-097-9882x479,Bender and Sons,Cardiovascular Health,fd858252-229c-420b-b27a-5321818c25b6,Family,26-04-2023,88992,970,18-10-2021,25-10-2023,GB73DKYW77008535737203,fd858252-229c-420b-b27a-5321818c25b6,Kim Frazier,"04118 Montoya Greens Apt. 223 Josephville, UT 01228",-11244,craig41@watson-gilbert.com,Yes,22-09-2022,5114,Yes,Senior Citizen Health Insurance Plans
c0604bbc-08ae-4f52-9ea9-e82acf49f36c,CPT-69537,Monthly,d927d3ff-a963-44bc-95e4-a08101292112,81537,Dr. Chris Stone,Bates Inc,Treatment: Administered antipyretics and managed symptoms of dengue hemorrhagic fever.','Admission Start Date:08-01-2025; Admission End: 21-06-2025; Treatment: Treatment: Administered antipyretics and managed symptoms of dengue hemorrhagic fever.'',Later foreign environmental through easy.,99904,Barron-Smith,Rejected,001-384-828-7529x8421,Mcdaniel-Rollins,Low-Cost Premium for Young People,b56808cb-7418-4bd3-9701-882d0f443be0,Family,20-11-2024,23045,566,24-03-2024,19-08-2025,GB28OYGG91382612572665,b56808cb-7418-4bd3-9701-882d0f443be0,Sean Davis,"741 Miller Ports Suite 020 Port Aaronshire, WA 57115",(163)002-5605x8836,mallorymurillo@sullivan-hernandez.com,No,08-01-2025,3126,No,Comprehensive Health Plan
0e1305e9-0cba-4876-bbd6-9e9aa3d5b020,CPT-84636,Quarterly,6b681921-4a25-447d-8f66-81f3e735ca82,50402,Dr. George Thomas,Mckay Group,Treatment: Conducted surgical intervention for lung cancer patients.',Learn study coach truth.,Between various among else.,37667,Valdez-Campos,Rejected,074-293-3823x191,"Jackson, English and Pham",Critical Disease Specific Plans,baec4791-7a3f-4583-956d-af48cd017c21,Individual,15-07-2022,18978,450,20-07-2021,27-04-2023,GB83QEGJ20527417423872,baec4791-7a3f-4583-956d-af48cd017c21,Christina Bates,"01881 Moore Cove Matthewton, NE 67547",(587)585-4343x29632,rogerfisher@yahoo.com,Yes,10-03-2022,4444,No,Disease-Specific Health Insurance Plans
c39b3166-87ff-4ed8-993a-3bf527ca4cac,CPT-24820,Annually,fee6ccc6-62bf-44ec-81cb-4f30d38ee9db,6217,Dr. Whitney Taylor,Estes-Mullen,Treatment: Conducted hospital-based monitoring for critical dengue shock syndrome cases.','Admission Start Date:30-09-2022; Admission End: None; Treatment: Treatment: Conducted hospital-based monitoring for critical dengue shock syndrome cases.'',Alone idea paper finally.,90337,"Brown, Dougherty and Ford",Rejected,961.107.2317,Parker PLC,Critical Disease Specific Plans,e98c3a5a-1da2-4330-b97d-50aa36e33dd5,Corporate,16-06-2022,30864,511,03-04-2022,18-07-2022,GB62VKKF60229089963230,e98c3a5a-1da2-4330-b97d-50aa36e33dd5,Samantha Williams,"12297 Chad Square Apt. 681 Lake Zachary, IN 15858",(453)580-7224,rebecca77@delgado.org,No,30-09-2022,853,Yes,Disease-Specific Health Insurance Plans
594a1315-6ce5-4978-96e6-3d291b224330,CPT-27802,Monthly,dbf9fd94-3a5f-4936-ac5f-ccdd18ebbbac,46552,Dr. Anthony Patrick,"Diaz, Massey and Parks",Treatment: Provided cardiac rehabilitation and prescribed medications for recovery.',Heavy her car walk age care energy daughter. College bill theory watch former certainly.,Will protect believe woman ok also body.,39119,Ball-Jackson,Rejected,8788816300,Graham and Sons,Dental Treatment Coverage,85b93d55-7573-4865-bdf3-a9dc974cdf01,Corporate,25-02-2025,85649,72,22-01-2025,25-02-2025,GB15MQYH08194185856268,85b93d55-7573-4865-bdf3-a9dc974cdf01,Lauren Gentry,"670 Adams Lake South Michele, VT 41355",388.994.5980,pbell@meyer.com,Yes,09-11-2023,9526,No,Senior Citizen Health Insurance Plans
1778d93b-f489-4d5e-83ed-ee6b8f063504,CPT-85702,Quarterly,3d79acb5-e89d-4171-8b9d-617f44cb5aa0,89181,Dr. Cynthia Munoz,King LLC,Treatment: Performed minor surgery for injury repair.','Admission Start Date:28-06-2023; Admission End: 24-12-2023; Treatment: Treatment: Performed minor surgery for injury repair.'',True actually well anything wall tree though.,1878,"Serrano, Johnson and Thomas",Rejected,+1-963-534-0095x55318,Phillips-Wells,Skin and Dermatology Care,c36a3c95-135b-46f1-bded-e35c053d5af6,Family,18-01-2024,10983,737,12-11-2023,28-10-2024,GB64XWLO58821038052427,c36a3c95-135b-46f1-bded-e35c053d5af6,Beth Yates,"1439 Avila Pass East Joseph, CO 34933",+1-732-937-4855x37541,dominguezjames@humphrey-barber.com,Yes,28-06-2023,4102,No,Comprehensive Health Plan
dfa6bd29-d3de-4b44-8431-71ebacd81600,CPT-31343,Monthly,00b78982-574e-4285-9b84-699187902451,66635,Dr. Brandon Mason,"Gross, Massey and Green",Treatment: Administered supplements for maternal health and fetal development.',Point bag foreign west.,Relate degree treat ability back you.,80096,"Smith, Strong and Acosta",Approved,109-526-8956,"Alexander, Zimmerman and Hoover",Critical Disease Specific Plans,3d56cf11-ee63-4a5d-a528-42f97f6a1e1c,Corporate,10-08-2022,82334,54,13-07-2021,10-08-2022,GB39ERRO29983072359373,3d56cf11-ee63-4a5d-a528-42f97f6a1e1c,Andrea Carter,"29999 Matthews Port Garrettview, NV 73504",(073)167-3579,annawilson@hotmail.com,No,08-08-2020,228,Yes,Disease-Specific Health Insurance Plans
7103f6ec-8ff9-43ea-8549-36bccdc8cea0,CPT-57110,Annually,0e5da199-0c93-4140-8a76-bb5b74df0a4a,18232,Dr. Brenda Zuniga,Mcbride PLC,Treatment: Assessed pre-surgery and provided comprehensive eye care instructions.','Admission Start Date:09-07-2022; Admission End: 17-10-2024; Treatment: Treatment: Assessed pre-surgery and provided comprehensive eye care instructions.'',Government final easy scientist.,35615,"Knight, Giles and Robinson",Approved,368-023-7851x156,Ramirez PLC,Critical Disease Specific Plans,e2b55d88-9927-4f2f-a863-1fb9e710ec91,Individual,04-12-2024,32745,638,28-04-2021,05-10-2025,GB40FRKB85003272310641,e2b55d88-9927-4f2f-a863-1fb9e710ec91,Tammie Lawson,"71631 Randy Turnpike Michaelville, NE 20882",(000)710-3002,lopezjames@rivas.com,Yes,09-07-2022,3103,No,Disease-Specific Health Insurance Plans
62453c3b-baa8-4b00-9838-d2adc564c199,CPT-23008,Monthly,545e4491-3c5f-4587-b80f-ca31ebfc2717,31000,Dr. Joseph Hess,"Johnson, Johnston and Richards",Treatment: Provided counseling for mental health support.',Early human notice church always hotel.,Lawyer next individual dog.,59886,Williams-Russell,Approved,481-554-6982x57422,Hurley-Simmons,Dental Treatment Coverage,dbc10b43-2080-4118-8934-7006cfbb60a4,Individual,05-10-2023,84591,957,02-12-2021,19-10-2023,GB15XAAN49927052378002,dbc10b43-2080-4118-8934-7006cfbb60a4,Victoria Hill,"83547 Torres Island Apt. 840 Port Catherine, AR 65280",-5457,martinezjennifer@carpenter-dean.net,No,01-09-2020,8208,Yes,Senior Citizen Health Insurance Plans
1392410b-2ee7-4a98-91ae-c99208b4bf13,CPT-68151,Annually,7797b8f7-b941-4913-b331-450f997ab465,86234,Dr. Helen Vazquez,"Lewis, Chavez and Benson",Treatment: Administered post-operative care for valve replacement surgery.','Admission Start Date:21-03-2020; Admission End: 18-11-2021; Treatment: Treatment: Administered post-operative care for valve replacement surgery.'',Choice respond help research.,19825,Williamson and Sons,Approved,689-033-1878x902,Taylor and Sons,Diabetes-Specific Benefits,9318e4fb-d84f-434b-9d08-c397d42af3ad,Individual,06-02-2021,87053,631,22-01-2021,11-12-2021,GB55THWY77405488509463,9318e4fb-d84f-434b-9d08-c397d42af3ad,Brenda Lambert,"9948 Cruz Views Suite 846 New Kathymouth, MT 53749",633.224.6267,amandamiller@hotmail.com,No,21-03-2020,6918,No,Senior Citizen Health Insurance Plans
3efd2f58-e7b4-4f68-8ad1-075265453b98,CPT-26351,Quarterly,cda959a0-02a7-43d8-8570-b510688d8cd9,67373,Dr. Jesse Watkins,Miller-Rodriguez,Treatment: Administered pain relief for post-operative recovery.',Then serve able. Particular different section treat class laugh.,Figure must door fear this.,59177,Yoder Inc,Rejected,(234)691-2576,Sharp-Cowan,Critical Disease Specific Plans,6f88aaae-95b6-43d7-b300-755640c2ee02,Individual,26-01-2025,36493,541,10-08-2022,20-03-2025,GB32VYHL49411864284571,6f88aaae-95b6-43d7-b300-755640c2ee02,Christopher Johnson,"1297 Long Orchard Suite 342 West Jorgeborough, CO 31232",(189)730-9527x2106,davischristopher@yahoo.com,No,25-01-2020,19,No,Disease-Specific Health Insurance Plans
f7165526-5aa7-4436-9add-d907bdb0264e,CPT-13587,Annually,dc5b554d-2164-4b03-bae9-6de79073fb51,11500,Dr. Connie Larsen,Ray-Lara,Treatment: Provided intravenous fluids and electrolyte therapy for severe dehydration.',Spring only we arrive resource blue unit animal. Scene break consider much season all religious.,Suffer writer administration brother could.,63259,Mckee-Patterson,Approved,(191)467-9044x801,Vang-Garcia,Diabetes-Specific Benefits,6ea7cb07-badb-4f27-94eb-f06acc42e62a,Corporate,19-12-2020,39969,484,24-08-2020,11-09-2021,GB78VMFA78659228589337,6ea7cb07-badb-4f27-94eb-f06acc42e62a,Jill Dickerson,"89691 Thompson Summit Port Gregory, IL 74779",375-836-6385x382,stricklandrobert@gmail.com,Yes,17-03-2023,4572,No,Senior Citizen Health Insurance Plans
3f1224c5-bce5-46ef-9e39-9781496bf977,CPT-70455,Annually,aec9807c-4483-4fa0-a50a-1052b1cc2d6f,21292,Dr. Wanda Davis,Perkins-Ray,Treatment: Provided cardiac rehabilitation and prescribed medications for recovery.',Three large east which several order.,Reveal call blue option.,902,Martin-Jones,Approved,001-361-590-4088x31595,Moore LLC,Hospitalisation Benefits,3f620ac8-d99c-47f5-8908-e56499b91c32,Individual,03-10-2024,86552,805,06-09-2022,30-01-2025,GB80QYYT59635876158336,3f620ac8-d99c-47f5-8908-e56499b91c32,Gordon Ward,"356 Ramos Cliffs Benjaminside, NM 40059",001-301-195-9678x4097,hfowler@hotmail.com,No,14-03-2020,6637,Yes,Comprehensive Health Plan
7887f014-545d-49d9-bd07-2836a68edbfb,CPT-68952,Monthly,cc6f065c-e6db-417f-ab25-4405a63493b7,40448,Dr. Chase Vance,"Diaz, Ware and Johnson",Treatment: Conducted angioplasty and monitored for complications.',Trouble against language. Key executive scene career.,Big director impact figure similar energy.,98079,Miller Group,Rejected,367.015.1144x209,"Johnson, Spencer and Thomas",Critical Disease Specific Plans,d3b2c5a1-a8a9-475e-9d2f-8c4a2c077825,Individual,21-04-2022,75437,976,21-07-2021,24-06-2022,GB55KXDZ96440574863483,d3b2c5a1-a8a9-475e-9d2f-8c4a2c077825,Mindy Cowan,"209 Joshua Spurs Port Heatherborough, NM 61051",(767)960-6955,amyparker@lowe-serrano.com,Yes,05-08-2022,2836,Yes,Disease-Specific Health Insurance Plans
92a0288e-a9c0-4130-94e5-fdbd88305956,CPT-46398,Quarterly,c9bda80b-aed1-4fd7-a472-e748e99b452f,36904,Dr. Tammy Baker,Smith-Smith,Treatment: Provided cardiac rehabilitation and prescribed medications for recovery.',Little such event believe discover. Represent price just pick discover chance coach conference.,Than upon build consider task eat.,65228,Sellers-Smith,Rejected,(429)399-7346x1178,"Adams, Jones and Jimenez",Hospitalisation Benefits,215038c0-5102-4cd6-aa41-8c759a2bf479,Corporate,02-08-2024,85151,386,29-01-2024,17-02-2025,GB06TXVH83716725221981,215038c0-5102-4cd6-aa41-8c759a2bf479,Michael Gray,"85373 Meyer Run Lake Diamond, FL 50945",001-531-456-4985x54791,hcaldwell@gmail.com,Yes,15-05-2024,9211,No,Comprehensive Health Plan
3645d2ff-2d82-4b9a-a796-81a8bb0cc378,CPT-53014,Annually,ab305a82-d340-4ecb-bc85-55f5338bea43,6933,Dr. Laura Graham,Finley LLC,Treatment: Performed minor surgery for injury repair.','Admission Start Date:13-06-2022; Admission End: 22-07-2024; Treatment: Treatment: Performed minor surgery for injury repair.'',Put nation leg add next into ever.,1587,Andrews LLC,Rejected,525.915.0099,"Boyer, Yates and Ashley",Critical Disease Specific Plans,d4eddf9e-bf42-49e1-b9bd-3dff589cb08f,Family,16-06-2024,31988,998,02-04-2024,13-09-2024,GB68YDAC88030716378114,d4eddf9e-bf42-49e1-b9bd-3dff589cb08f,Laura Gray,"81123 Alexis Rapids Suite 540 Mercedesside, MI 04160",046.503.3922,laura45@yahoo.com,No,13-06-2022,7224,Yes,Disease-Specific Health Insurance Plans
ab54367b-09e3-46f8-934a-48ee82a1c06a,CPT-42191,Monthly,e873b7a2-a721-4980-b2ac-7309025a395f,74665,Dr. Michael Scott,"Brown, Madden and David",Treatment: Conducted follow-up after laser cataract surgery.Monitored and managed platelet count through blood transfusion during dengue fever.','Admission Start Date:06-01-2023; Admission End: 16-02-2025; Treatment: Treatment: Conducted follow-up after laser cataract surgery.Monitored and managed platelet count through blood transfusion during dengue fever.'',Right almost nice gun our.,56930,"Pham, Anderson and Mullins",Rejected,546-151-2236x6144,Thompson-Sanchez,Protection from Growing Medical Expenses,6b69323e-d86f-448e-a667-0aa27fe52bf9,Individual,15-03-2024,83285,515,21-01-2022,20-02-2025,GB13JQSA82473661724334,6b69323e-d86f-448e-a667-0aa27fe52bf9,William Stuart,"0453 Michelle Well Suite 241 Jonesshire, IA 52752",(818)529-0280x1175,agarrett@yahoo.com,No,06-01-2023,4861,No,Senior Citizen Health Insurance Plans
02094c03-451f-47ef-a06d-06e8baa4060d,CPT-41297,Monthly,df817a60-02be-48ab-b0c8-8d60af9214bb,81168,Dr. James Lambert,"Hughes, Thomas and Nguyen",Treatment: Administered pain relief for post-operative recovery.',Develop might kitchen beyond. International a indicate practice draw dog.,Why rule else later cold.,3538,"Wagner, Ramos and Weaver",Rejected,691-214-3693,Petersen PLC,Hospitalisation Benefits,7a34cd84-fb5f-4b89-9c27-be07a3ff7e55,Corporate,16-03-2023,67478,252,22-07-2021,18-06-2023,GB41NZPN55494388661080,7a34cd84-fb5f-4b89-9c27-be07a3ff7e55,Katie Wright,"27516 Ronald Springs South Lisafurt, AK 79081",(382)097-9049,evanskathleen@marshall-huber.org,No,07-08-2021,6508,No,Comprehensive Health Plan
20113296-031a-4460-bc56-b7c3a1bb2192,CPT-55884,Quarterly,29bb403e-fe3a-4410-9eef-870b2ef7e4dd,52403,Dr. Jeremy Wheeler,Barker PLC,Treatment: Conducted hospital-based monitoring for critical dengue shock syndrome cases.','Admission Start Date:28-05-2024; Admission End: 02-03-2025; Treatment: Treatment: Conducted hospital-based monitoring for critical dengue shock syndrome cases.'',Manager seek day leader maintain attack land.,51279,Jackson-Hughes,Rejected,061.916.5963,Kane Inc,Critical Disease Specific Plans,714832fa-8259-4800-9cff-072a9d8f3418,Individual,29-08-2024,38396,235,27-11-2023,10-07-2025,GB26KSIH86111216454796,714832fa-8259-4800-9cff-072a9d8f3418,Edward Smith,"6680 Brenda Crest Josephville, NV 16042",7889622703,lifelicia@hotmail.com,Yes,28-05-2024,7028,No,Disease-Specific Health Insurance Plans
a166227f-56b4-4315-bbf6-2b6b770f278b,CPT-18636,Monthly,b162a7e3-a0b3-426d-9fef-94fc70f23bf7,42274,Dr. Donna Blackburn,Allen-Mcdonald,Treatment: Vi',Its hospital indicate best develop theory.,Heart put seem address.,87880,Hayes and Sons,Approved,001-425-523-0941x65027,Wilson-Ochoa,Eye and Vision Care,01f17098-7f6a-47df-84b2-d5a390784dcc,Family,03-06-2023,15976,95,10-10-2021,24-05-2024,GB15JBNQ78837951555224,01f17098-7f6a-47df-84b2-d5a390784dcc,Mary Green,"237 Alexander Port Jasonburgh, OK 87349",001-466-178-1235,angelamartinez@miller.net,No,24-05-2023,4590,Yes,Comprehensive Health Plan
7172992e-6187-47ba-9d33-ec53a165df9c,CPT-56576,Quarterly,9342dff6-cc48-437e-8e54-57192224e89d,90325,Dr. Brandy Fletcher,"Mitchell, Sawyer and Harrison",Treatment: Provided care for acute kidney injury requiring urgent dialysis.','Admission Start Date:04-12-2020; Admission End: 17-08-2022; Treatment: Treatment: Provided care for acute kidney injury requiring urgent dialysis.'',Region nature trial against toward improve loss.,21098,Adams Group,Rejected,027-520-8490x022,Cox-Adams,Critical Disease Specific Plans,6141a0ba-53cf-47ff-b90c-203401728d8d,Individual,11-11-2021,47055,965,20-07-2020,21-08-2022,GB20SFWL79176421908237,6141a0ba-53cf-47ff-b90c-203401728d8d,Michele Garcia,"05593 Yvonne Place Christopherborough, VA 24814",(746)362-7725x2638,chelsey80@hotmail.com,No,04-12-2020,1235,Yes,Disease-Specific Health Insurance Plans
b47dc9f6-1369-4b02-bd49-6d98846e87e2,CPT-71735,Annually,c6f8ac76-6b4c-4a27-a906-25763744891b,54810,Dr. Shane Daniel,Patterson-Parrish,Treatment: Administered pain relief for post-operative recovery.',Risk court letter staff true business air.,Coach when sell win.,88853,Stewart Group,Rejected,909.396.6962,Lawson Ltd,Critical Disease Specific Plans,a191a9b3-d9ae-4b39-b732-6fdcaade0e50,Corporate,06-03-2025,6438,507,23-01-2025,01-08-2025,GB10BCPG24559975208916,a191a9b3-d9ae-4b39-b732-6fdcaade0e50,Nicole Mathis,"163 Campbell Glens Suite 686 Lake Keithland, MI 91048",(240)392-0363x56403,yanglaura@hotmail.com,No,17-04-2023,9230,No,Disease-Specific Health Insurance Plans
91440fff-871f-403f-afa6-987553b3a443,CPT-84408,Annually,5b267e2b-f0f2-440b-8006-b44a20b66411,40382,Dr. Matthew Banks,Bates-Webb,Treatment: Provided ventilator support for respiratory failure caused by severe pneumonia.','Admission Start Date:11-09-2024; Admission End: 11-12-2024; Treatment: Treatment: Provided ventilator support for respiratory failure caused by severe pneumonia.'',Security dinner south past tax worker.,29929,Mitchell Group,Rejected,495.121.8991,Gallegos-Conner,Diabetes-Specific Benefits,1dda7958-dac6-4dfa-86e0-304c41b82128,Family,11-10-2024,26750,899,03-03-2024,12-12-2024,GB19WBDD25724282975342,1dda7958-dac6-4dfa-86e0-304c41b82128,Joseph Bass,"80734 Paul Union Suite 658 Veronicaview, NE 50823",(989)147-8338x692,shawnblack@yahoo.com,No,11-09-2024,9787,No,Senior Citizen Health Insurance Plans
02ba89f6-93ef-4af6-9b3f-ff1f3112883d,CPT-10045,Quarterly,d8699cb6-88a1-4269-b45d-e82f096023f4,34727,Dr. Andrea Wilkerson,Smith-Campos,Treatment: Managed complications of chronic kidney disease through hospitalization and dialysis sessions.','Admission Start Date:22-08-2022; Admission End: 23-05-2023; Treatment: Treatment: Managed complications of chronic kidney disease through hospitalization and dialysis sessions.'',Piece they draw walk really.,40988,Bell-Hall,Approved,+1-395-038-0649x8047,Frank Inc,Maternity Benefits,0aa8accc-5a6d-47cb-943b-dce185f25506,Corporate,15-01-2023,65674,923,07-05-2021,24-08-2023,GB85DATL13862581512939,0aa8accc-5a6d-47cb-943b-dce185f25506,Angela Sparks,"5254 Juan Plain Apt. 538 East Sarah, NV 19533",681-539-0584,christophergraham@garcia.biz,No,22-08-2022,3213,No,Comprehensive Health Plan
622e2491-a3eb-456e-bbfb-c2ac91e8b58d,CPT-42296,Annually,39bd362c-915c-485d-ac7f-cb5fdc6c2902,75490,Dr. Travis Johnson,Flowers Ltd,Treatment: Administered post-operative eye drops and advised on vision recovery.',Build policy pull others evening development.,And and become both opportunity something have.,38607,"Green, Compton and Villarreal",Rejected,238.931.4354,"Hernandez, Chaney and Matthews",Low-Cost Premium for Young People,54783551-74be-4cee-bba9-5693bd5658ff,Corporate,02-02-2024,2014,600,14-09-2023,20-10-2024,GB66ZEBJ58621426949567,54783551-74be-4cee-bba9-5693bd5658ff,Jill Moore,"9148 Gonzales Expressway South Robert, ID 74517",206.512.6716x055,hgreer@griffin.com,No,29-03-2022,9951,No,Comprehensive Health Plan
f7eb2f1d-3f57-4e9a-ae4e-1aac574db356,CPT-79208,Monthly,ad17acd0-59d8-4c70-8979-db83127e5fcc,69410,Dr. Lisa Mora,"Stewart, Melendez and Roberts",Treatment: Performed hemodialysis for renal failure with continuous monitoring of vitals.','Admission Start Date:03-02-2020; Admission End: 18-05-2021; Treatment: Treatment: Performed hemodialysis for renal failure with continuous monitoring of vitals.'',However race sort rather focus face.,97906,"Hayes, Wood and Nunez",Approved,+1-545-180-5309x1604,"Sanders, Terry and Le",Hospitalisation Benefits,66c15f7a-8f94-4f20-a1bc-ea406db6a7e0,Corporate,03-06-2021,83810,21,06-02-2020,13-03-2022,GB54WEAB02929846008909,66c15f7a-8f94-4f20-a1bc-ea406db6a7e0,Brad Hall,"8687 Frank Creek Suite 337 Alexisville, NJ 84882",-6971,kimberlyclark@stout-kennedy.com,Yes,03-02-2020,3573,No,Senior Citizen Health Insurance Plans
ba1b6014-f3a8-4f0a-91b6-3fb75b3f2184,CPT-58182,Annually,7f9b494a-b273-4d64-a07e-c450fe8e7868,84910,Dr. Brooke Smith,Mays-Taylor,Treatment: Administered supplements for maternal health and fetal development.',Total what special each nation.,After first national account my.,80455,"Thomas, Bell and Richardson",Approved,652-311-8451x68741,Bowman Inc,Includes Yearly Medical Check-Ups,00594948-b307-4934-8879-aeb0b11530fa,Corporate,30-12-2023,90315,802,24-02-2020,20-03-2024,GB15YMNV95539481299765,00594948-b307-4934-8879-aeb0b11530fa,Mary Mckay,"74941 Harris Underpass Jameshaven, ME 22468",081.263.2230,torreseric@yahoo.com,Yes,15-11-2020,6092,Yes,Comprehensive Health Plan
baae7a42-7ff0-4f86-9aae-afd5dc78ed6d,CPT-24950,Monthly,e24a9a3c-ff8f-4591-ba17-344aa020436d,89665,Dr. Caitlin Castro,Gallagher-Love,Treatment: Provided cardiac rehabilitation and prescribed medications for recovery.',Respond sit which can democratic nation really.,Benefit grow always smile citizen money.,63230,Cooper-Butler,Rejected,1591230552,"Murillo, Rice and Carpenter",Protection from Growing Medical Expenses,52dbec05-cbcf-4f17-9d4f-0a966a68d3b6,Individual,23-01-2025,71332,87,01-02-2020,15-03-2025,GB67BUDN48625168040706,52dbec05-cbcf-4f17-9d4f-0a966a68d3b6,Becky Hines,"72841 Cynthia Lock Apt. 889 Hannahville, FL 07380",(369)352-4839x033,evanwilson@yahoo.com,No,12-04-2024,4746,No,Senior Citizen Health Insurance Plans
c606e2df-8bd4-467e-86e4-cd8c2a8ce76b,CPT-71003,Quarterly,12dfc173-da8e-4604-abdf-dad53bf3e124,87163,Dr. Daniel Adams,"Oneal, Green and Cummings",Treatment: Administered peritoneal dialysis and provided post-treatment counseling.','Admission Start Date:28-07-2023; Admission End: None; Treatment: Treatment: Administered peritoneal dialysis and provided post-treatment counseling.'',Senior this debate become them evening.,40368,Ball-Smith,Approved,208.519.5243,Murphy Ltd,Hospitalisation Benefits,f92067d5-48c7-49bb-bb1e-c2e71eb80de8,Individual,03-02-2022,72701,339,22-03-2021,28-06-2022,GB50CTSI21292012636531,f92067d5-48c7-49bb-bb1e-c2e71eb80de8,Tiffany Smith,"4081 Eric Mission Apt. 438 New Patrickfurt, OH 26429",(948)892-9183x7694,mark72@anderson.com,No,28-07-2023,7529,Yes,Senior Citizen Health Insurance Plans
5a364bee-e495-45bb-8b1a-7d358e6806c8,CPT-32550,Annually,e9fcbee7-6bcf-464e-839f-2f8704faf8f1,83534,Dr. Roger Hale,Floyd PLC,Treatment: Administered antibiotics for infection control.',Raise last else.,Small hard everything.,13770,Holmes-Miller,Approved,566-421-3131,Hamilton-Pugh,Covers Ambulance Fees,51c115b0-1a56-4313-936c-df60f053d200,Family,13-05-2023,11819,697,04-08-2021,30-08-2023,GB62RAYJ54055132765948,51c115b0-1a56-4313-936c-df60f053d200,Keith Gill,"702 Kristin Hollow Vaughnberg, NC 04557",001-847-558-2028x05842,harperbilly@yahoo.com,No,28-03-2022,8819,No,Senior Citizen Health Insurance Plans
8c063cb1-2b88-4546-a465-435ecdf334fd,CPT-68176,Monthly,ef614cca-5025-424a-8b64-5dcbeab3fbdc,96105,Dr. Michelle Allen PhD,Nelson-Rodriguez,Treatment: Provided care for acute kidney injury requiring urgent dialysis.','Admission Start Date:23-09-2022; Admission End: 24-02-2025; Treatment: Treatment: Provided care for acute kidney injury requiring urgent dialysis.'',Bad conference born glass air keep help.,23567,"Hernandez, Hicks and Joseph",Rejected,940491723,"Buck, Fischer and Oliver",Critical Disease Specific Plans,c7f6b759-afee-45c0-b163-628af10c4cfd,Individual,09-02-2025,38834,583,30-04-2021,17-03-2025,GB46OLVS17145485447633,c7f6b759-afee-45c0-b163-628af10c4cfd,Frank Choi,"774 Joseph Ramp Apt. 053 New Crystal, MS 41205",5686190450,joseph03@gibson.org,No,23-09-2022,9227,Yes,Disease-Specific Health Insurance Plans
640e8be8-d126-463f-9749-0b341ac10794,CPT-73245,Quarterly,01b16c0c-3eec-4b00-82a8-86340f77ddde,85582,Dr. Darren Mills,"Brown, Henderson and Ross",Treatment: Administered peritoneal dialysis and provided post-treatment counseling.','Admission Start Date:17-11-2021; Admission End: 02-09-2022; Treatment: Treatment: Administered peritoneal dialysis and provided post-treatment counseling.'',Bag run media month here.,40529,"Henry, Swanson and Roberts",Approved,806-257-0430x549,Smith PLC,Critical Disease Specific Plans,583a1df5-f8ef-4912-a5d3-d24885a0dd86,Corporate,25-02-2024,71477,403,22-05-2023,12-01-2025,GB83IFWP70714491341779,583a1df5-f8ef-4912-a5d3-d24885a0dd86,Christina Turner,"7273 Anderson Isle Apt. 884 Millerhaven, MD 11270",(897)343-3571,leah35@hotmail.com,Yes,17-11-2021,2823,No,Disease-Specific Health Insurance Plans
560146fb-ad33-4f00-a098-2a85db6e39ba,CPT-16102,Monthly,54d96edc-fe6b-4bc3-9da4-b7386fefb7c9,55689,Dr. Jim Andrews,"Johnson, Willis and Gordon",Treatment: Hospitalized for treatment of severe asthma exacerbation with corticosteroids.',Relationship develop response whom environment he great.,Above sea month skin fine thought perhaps.,78654,Conley and Sons,Rejected,003.191.1863,Hopkins-Weaver,Critical Disease Specific Plans,b8f1485c-0536-40b5-a4ec-c87f0d0b9601,Corporate,08-10-2024,25545,687,11-03-2021,28-07-2025,GB49ETXL02714556654117,b8f1485c-0536-40b5-a4ec-c87f0d0b9601,Kayla Molina,"08807 Weber Landing North Jasonmouth, MO 40224",(310)373-5680,brooksrebecca@barker.biz,Yes,24-05-2021,9874,No,Disease-Specific Health Insurance Plans
f99bf093-5ffd-4a16-8b1e-c6758744f64f,CPT-52466,Annually,cc0439c4-cab4-475c-b963-fea3b5ecd668,25034,Dr. David Powell,Mccoy-Mccarthy,Treatment: Managed complications of chronic kidney disease through hospitalization and dialysis sessions.','Admission Start Date:14-03-2023; Admission End: 27-08-2024; Treatment: Treatment: Managed complications of chronic kidney disease through hospitalization and dialysis sessions.'',Property avoid main enter.,66212,"Smith, Lopez and Mcguire",Approved,001-312-981-8934x47134,Prince-Rodriguez,Includes Yearly Medical Check-Ups,7e2282ef-2a07-4d8a-b58a-7b3074f0a418,Corporate,10-06-2024,62011,263,12-05-2023,31-01-2025,GB19ECYU12194407502622,7e2282ef-2a07-4d8a-b58a-7b3074f0a418,Gary Murphy,"4781 John Street South William, DC 62229",(050)342-4031,pamela39@hotmail.com,No,14-03-2023,2439,Yes,Senior Citizen Health Insurance Plans
9f24da36-da28-4700-aea8-99d68aa6f8a1,CPT-82468,Quarterly,f0877f5b-42cc-4288-9fae-328a85d72a80,44019,Dr. James Gray,Thomas and Sons,Treatment: Provided counseling for mental health support.',Though if full around population nice.,She lose sister stock political.,63885,"Rose, Walker and George",Rejected,+1-956-565-2409x539,Johnson Group,Critical Disease Specific Plans,2ebbdc60-7d17-4ceb-9734-0519e3f49478,Individual,12-12-2022,67792,683,04-12-2021,12-09-2023,GB71TKXC36308726555009,2ebbdc60-7d17-4ceb-9734-0519e3f49478,Sergio Shaw,"61672 Rogers View Suite 051 Lisaburgh, ME 93342",601-948-8117x849,hmartinez@hotmail.com,No,11-08-2021,6372,Yes,Disease-Specific Health Insurance Plans
edeee259-0a55-4d69-a7e8-54a28d6ffff5,CPT-27270,Monthly,df8633e9-edb2-441a-bbbe-b9ad6775aa19,30895,Dr. Michael Thomas,Richmond-Parsons,Treatment: Conducted follow-up after laser cataract surgery.Monitored and managed platelet count through blood transfusion during dengue fever.','Admission Start Date:30-09-2024; Admission End: None; Treatment: Treatment: Conducted follow-up after laser cataract surgery.Monitored and managed platelet count through blood transfusion during dengue fever.'',Style these live they if. Suddenly east system.,22564,Allen-Morrison,Rejected,001-195-489-2359,Rodriguez Group,Protection from Growing Medical Expenses,8ffedf43-7c7b-4e90-af8f-1a0192c0b467,Individual,27-06-2021,66257,677,20-01-2021,07-07-2021,GB53FENF60250704085453,8ffedf43-7c7b-4e90-af8f-1a0192c0b467,Andrew Sullivan,"43168 John Mountain Garrettberg, NM 01966",001-431-895-1593x221,allisondunn@hotmail.com,No,30-09-2024,2978,Yes,Senior Citizen Health Insurance Plans
170c2ab5-de25-4a06-8c81-d76e757aabe4,CPT-78448,Quarterly,530ab77e-1c60-4b7b-96d4-2d02657046e1,87039,Dr. Dalton Williams,"Benitez, Barber and Ward",Treatment: Administered peritoneal dialysis and provided post-treatment counseling.','Admission Start Date:27-02-2020; Admission End: 10-10-2023; Treatment: Treatment: Administered peritoneal dialysis and provided post-treatment counseling.'',Training follow turn leg leave.,69520,Davis LLC,Rejected,648.646.3597x846,Jackson-Perez,Mental Health Care,407ae8be-f5fe-427b-bfaa-9bb7e8f5e056,Individual,18-06-2023,21798,536,15-01-2023,02-03-2024,GB45DSHM70695191679851,407ae8be-f5fe-427b-bfaa-9bb7e8f5e056,Catherine Clark,"93231 Robert Hill Suite 011 Port Victoriaborough, WY 60398",(599)333-8365,michael99@gmail.com,Yes,27-02-2020,2935,No,Comprehensive Health Plan
1a6ce13f-318b-4a4e-afba-8630f2111316,CPT-93996,Quarterly,06a59a51-5d65-4a62-a8ab-88334c6e82f1,38954,Dr. Leah Hardin,Harris-Myers,Treatment: Administered supplements for maternal health and fetal development.',Mention southern above. Sea prevent example so wall every.,Challenge decide vote base push.,81337,Perez LLC,Rejected,(938)442-0172x083,Daniels-Orr,Critical Disease Specific Plans,acfe7cba-52a0-4c73-bcf1-830d4f9a5bb3,Family,30-06-2024,69741,203,01-12-2020,02-10-2024,GB56STQQ75508990461541,acfe7cba-52a0-4c73-bcf1-830d4f9a5bb3,Randall Hodges,Unit 0973 Box 6577 DPO AE 20157,001-354-651-8978x1906,carolclark@rivera.com,Yes,16-02-2020,9782,Yes,Disease-Specific Health Insurance Plans
5c6daada-bc8b-4f0b-ab01-c5862c5baa77,CPT-47060,Quarterly,4154e588-f960-4d51-81fe-db1abdec3c0c,5380,Dr. Mrs. Krystal Green PhD,Wood Inc,Treatment: Provided prenatal care and routine ultrasound monitoring.',Foot even forward after hope. Whose environment eat may drive turn.,Exist late down yet skin.,63318,Carson-Fields,Approved,(915)311-5594x53196,Ruiz-Williams,Maternity Benefits,451d271a-b356-47fb-a3c0-b13021435ee5,Corporate,16-07-2022,80790,213,29-04-2020,13-04-2023,GB29USNF14521583466927,451d271a-b356-47fb-a3c0-b13021435ee5,Sarah Armstrong,"8073 Emily Valleys Maryfort, TN 03345",(155)519-8420x26400,pattersonsamantha@gmail.com,Yes,06-06-2020,7024,Yes,Comprehensive Health Plan
599adf1f-bc6f-4b25-8b2e-a3d3557b77a5,CPT-57602,Annually,cc2c0ecd-ff5f-4926-8cb0-670f6856a612,7237,Dr. Phillip Edwards,Wade-Johnson,Treatment: Provided care for acute kidney injury requiring urgent dialysis.','Admission Start Date:18-08-2020; Admission End: 27-03-2024; Treatment: Treatment: Provided care for acute kidney injury requiring urgent dialysis.'',Program wear feel realize will main where.,2149,Sellers Ltd,Approved,+1-165-950-2043x959,Bennett-Bird,Mental Health Care,28ba18f7-9369-415e-9729-2332a7f35e7b,Individual,27-11-2024,56176,993,26-08-2022,01-05-2025,GB52UBKR51152838241982,28ba18f7-9369-415e-9729-2332a7f35e7b,Kara Crawford,"79627 Cline Field Suite 530 Oneillborough, WV 69564",932-298-4707x677,howardcarlos@yahoo.com,No,18-08-2020,1703,Yes,Comprehensive Health Plan
451fbc6e-63f0-4d3e-8ba2-a95a98235a8c,CPT-59904,Quarterly,26ef2026-aed5-411d-93d4-42edf4f6c99f,47362,Dr. Taylor Brown,Hansen PLC,Treatment: Conducted follow-up after laser cataract surgery.Monitored and managed platelet count through blood transfusion during dengue fever.','Admission Start Date:21-12-2024; Admission End: None; Treatment: Treatment: Conducted follow-up after laser cataract surgery.Monitored and managed platelet count through blood transfusion during dengue fever.'',Claim it stop face appear image.,6900,Morgan and Sons,Approved,+1-694-001-5320x21935,Cox Ltd,Critical Disease Specific Plans,c957abfe-f356-4018-9ca8-e9ac62504553,Individual,07-10-2024,2359,392,08-03-2024,20-10-2024,GB17CIDQ85037600858385,c957abfe-f356-4018-9ca8-e9ac62504553,Craig Richardson,"487 Wang Villages Apt. 553 Pittmanside, IN 64405",923.793.9832,nicolerichards@johnson.com,No,21-12-2024,4655,No,Disease-Specific Health Insurance Plans
98b393f8-88a9-45c1-b139-c7550d424beb,CPT-88431,Monthly,6c91c3b6-8665-4023-8f4a-9b6c20edd25d,41382,Dr. John Crawford,King-Landry,Treatment: Hospitalized for treatment of severe asthma exacerbation with corticosteroids.',Year for since join hope me. American child room yet same lose thought.,Character them impact fill.,85399,"Day, Jones and Thompson",Approved,751.228.3000,Tran-Arellano,Skin and Dermatology Care,510f8e55-0e31-40ee-b440-b3681cdac9b6,Family,01-03-2025,7709,896,27-02-2025,12-10-2025,GB94KIAH48723853698211,510f8e55-0e31-40ee-b440-b3681cdac9b6,Derrick Scott,"1574 Henderson Hills Suite 884 Lake Jeffreymouth, NJ 01185",(659)977-2227,zfriedman@gmail.com,Yes,21-06-2021,3016,No,Comprehensive Health Plan
552d0d4a-b467-40f3-9820-91c681271ce8,CPT-83934,Monthly,2255d84a-a9c3-4a2c-861b-7c4733b35674,46673,Dr. Christopher Mcclain,"Peterson, Mann and Bennett",Treatment: Assessed pre-surgery and provided comprehensive eye care instructions.','Admission Start Date:22-11-2024; Admission End: None; Treatment: Treatment: Assessed pre-surgery and provided comprehensive eye care instructions.'',Structure he well article.,99264,Castro Group,Rejected,502-850-4528x6215,Allen and Sons,Critical Disease Specific Plans,90fdfac6-d242-4cbc-84b5-ee71b0667737,Family,02-04-2023,31467,55,16-01-2020,08-02-2024,GB12FIKK54490427252021,90fdfac6-d242-4cbc-84b5-ee71b0667737,Jeremy Adams,"17679 Winters Row Patrickborough, TX 97979",001-896-690-9001x9005,teresa71@west.biz,No,22-11-2024,4726,No,Disease-Specific Health Insurance Plans
758d1bac-08d7-4c67-9a82-4bc00dfaf3f6,CPT-83919,Quarterly,319198bd-c44a-4c5c-965b-d9bad50acad2,33383,Dr. Lindsay Kim,"Wallace, Davis and Lee",Treatment: Provided counseling for mental health support.',List fact field summer accept doctor onto. Walk data face everybody.,Industry American early matter soldier.,99060,Padilla-Henderson,Approved,+1-866-781-6755x071,Irwin Ltd,Critical Disease Specific Plans,816927a8-473e-43f0-8482-72b1b5ec766d,Corporate,26-07-2023,69322,693,20-09-2020,03-12-2023,GB95PISS76157303470609,816927a8-473e-43f0-8482-72b1b5ec766d,Jennifer Marks,"PSC 6616, Box 2301 APO AA 66544",+1-971-023-3919x7819,william01@douglas.org,Yes,15-03-2021,3335,Yes,Disease-Specific Health Insurance Plans
07dde1e7-dd1a-4216-bb1c-237ce55e957b,CPT-31052,Monthly,10263a97-f15f-4bd9-b70f-31b7bd316c44,16392,Dr. Shawn Parks,Hinton-Bennett,Treatment: Managed acute pulmonary embolism through anticoagulation therapy under close supervision.',Know experience hard security pay common. One positive suggest usually chance.,Ever billion yard discuss forget such.,94607,"Hamilton, Young and Adams",Rejected,373.920.9181,Scott Group,Critical Disease Specific Plans,2fbda102-4955-4629-8de1-075a83c0eefc,Family,29-11-2024,4922,865,10-08-2023,09-07-2025,GB07RKXE69019373637249,2fbda102-4955-4629-8de1-075a83c0eefc,Peter Smith,"61024 Chad Harbors Apt. 019 Port Carolstad, PA 61739",(363)416-7283x2778,wsantiago@kelly.biz,No,14-08-2024,1613,Yes,Disease-Specific Health Insurance Plans
81431b32-498e-44cc-ab6f-481d47876b6a,CPT-96394,Quarterly,96a25bae-9c5d-4c35-a035-f0e395cbd800,50619,Dr. Daniel Gray,"Gilbert, Potts and Klein",Treatment: Administered peritoneal dialysis and provided post-treatment counseling.','Admission Start Date:07-02-2023; Admission End: 02-01-2024; Treatment: Treatment: Administered peritoneal dialysis and provided post-treatment counseling.'',Large raise all television analysis light.,54303,Anderson Ltd,Rejected,(717)385-2680,Obrien-Robinson,Includes Yearly Medical Check-Ups,4e0dc1f2-80b8-4450-ab31-4628e16953d2,Family,23-07-2024,6060,143,18-04-2023,22-04-2025,GB61FLIT99385573274378,4e0dc1f2-80b8-4450-ab31-4628e16953d2,Lindsay Chavez,"0034 Kline Fork Torresfurt, NH 62480",309194850,ubuchanan@coleman.com,Yes,07-02-2023,8763,No,Senior Citizen Health Insurance Plans
dceb6e5b-9cd7-4fa5-81e9-e2613f76a5e7,CPT-59166,Annually,b8493964-6449-434a-88ff-a96c95cc079a,30404,Dr. Jamie Harrington,Knapp LLC,Treatment: Administered post-operative eye drops and advised on vision recovery.',White beyond pattern support book.,Move decade necessary book child yes.,23202,Turner-Robinson,Approved,943.364.8266x775,Parks-Schneider,Critical Disease Specific Plans,124f4a41-3e40-4ca0-9aa1-d47eff4eec63,Family,21-12-2024,50305,987,14-02-2023,11-06-2025,GB54CRAL02975382057961,124f4a41-3e40-4ca0-9aa1-d47eff4eec63,Tony Shaw,"085 Emily Grove Edwardhaven, AZ 88181",019.381.5999x559,greenelaura@yahoo.com,No,23-09-2024,4440,Yes,Disease-Specific Health Insurance Plans
60523c22-91d0-4372-a0b2-9fdddba58533,CPT-61611,Annually,2ae30101-f822-4113-a7a5-e0d8eeb2fd4e,61372,Dr. Meghan Baker,Hill-Farmer,Treatment: Conducted surgical intervention for lung cancer patients.',Break lay speak behind. Baby smile mean present general news particular.,Arm now try. Imagine deal involve.,32003,Lopez-Nguyen,Approved,446.206.6705x6518,Johnson-Ball,Hospitalisation Benefits,bf372012-821f-478e-82f4-51c4885e803a,Corporate,29-06-2023,33291,720,22-04-2022,09-01-2024,GB16VVCI12496493117256,bf372012-821f-478e-82f4-51c4885e803a,Monica Miller,"9163 Spencer Lodge North Gloriaview, IA 58171",4425089768,bmendoza@simmons.com,No,15-06-2021,3321,No,Comprehensive Health Plan
509350f4-428c-41c5-85dc-17f85d7532c9,CPT-39489,Monthly,bc3df652-3160-43fc-b146-10fbbd7eb402,62865,Dr. Cindy Washington,Clark and Sons,Treatment: Managed acute pulmonary embolism through anticoagulation therapy under close supervision.',Marriage claim start life information prevent sing.,Affect threat war spend hot.,72120,Salazar LLC,Rejected,2149812588,Page Ltd,Diabetes-Specific Benefits,459e273e-77e8-4e3e-a828-e6f8956072b6,Family,09-05-2024,18709,646,27-03-2024,29-03-2025,GB90RFIS24004378606421,459e273e-77e8-4e3e-a828-e6f8956072b6,Gabrielle Matthews,"8060 Rachel Valley Anthonymouth, OH 39242",583.691.9706x42983,steven04@hotmail.com,No,20-02-2025,1693,No,Senior Citizen Health Insurance Plans
8f13f140-e2d3-4edb-a4c3-d25cae8eaba9,CPT-11697,Annually,c935b8f9-daa8-46a7-be9f-72fe0ea16d0a,90242,Dr. Anna Jordan,Vargas Group,Treatment: Assessed pre-surgery and provided comprehensive eye care instructions.','Admission Start Date:06-10-2022; Admission End: 19-05-2023; Treatment: Treatment: Assessed pre-surgery and provided comprehensive eye care instructions.'',Edge difference various list example risk.,14147,"Wheeler, Becker and Riddle",Rejected,001-307-543-0993x383,Sanchez-Rodriguez,Critical Disease Specific Plans,5a670b20-4645-4e6d-996c-d1fe2584d457,Corporate,10-03-2025,85874,365,09-03-2025,23-03-2025,GB59PTWV96702721630921,5a670b20-4645-4e6d-996c-d1fe2584d457,Jonathan Wheeler PhD,"8219 Smith Square Lunaport, ME 41988",9401332381,jimenezmichael@hotmail.com,No,06-10-2022,6015,Yes,Disease-Specific Health Insurance Plans
d8708248-fe55-4b77-89de-9ffc4c0d26cc,CPT-93141,Quarterly,dd545d2c-d600-4e2f-9e70-22a3f50f7e87,96041,Dr. Michael Dixon,"Davis, Peterson and Anderson",Treatment: Performed coronary artery bypass surgery successfully.','Admission Start Date:12-03-2022; Admission End: 14-11-2023; Treatment: Treatment: Performed coronary artery bypass surgery successfully.'',Set admit stuff manage director.,38302,"Pennington, Greene and Martin",Rejected,798-061-8138x77951,Miller-Jones,Critical Disease Specific Plans,68fc6dba-59c5-4a89-8aee-73edd7915e86,Corporate,20-07-2024,59482,960,14-06-2023,30-12-2024,GB77ENSU29631448724716,68fc6dba-59c5-4a89-8aee-73edd7915e86,Kimberly Kramer,"84473 Frederick Meadow Williamville, MT 69256",+1-380-910-2589x3458,ashleyhall@hotmail.com,Yes,12-03-2022,5624,Yes,Disease-Specific Health Insurance Plans
9d52d0b1-ef5d-487a-8ce1-4ed405b63d16,CPT-71165,Quarterly,74285982-b32c-4c26-a25a-228956bb0a9e,10536,Dr. Jessica Reynolds,Wilson Group,Treatment: Managed complications of chronic kidney disease through hospitalization and dialysis sessions.','Admission Start Date:05-04-2021; Admission End: 30-03-2025; Treatment: Treatment: Managed complications of chronic kidney disease through hospitalization and dialysis sessions.'',Game usually out drive wish try college.,78252,"Hayden, Stein and Jackson",Rejected,062.173.9417x8521,Pitts-Carter,Critical Disease Specific Plans,1d954524-9234-4d0a-961e-8e6c2f433446,Family,23-09-2024,46746,385,28-07-2023,21-04-2025,GB88BALC49141886993598,1d954524-9234-4d0a-961e-8e6c2f433446,Ernest Leblanc,"9890 Esparza Mountains Apt. 258 East Davidland, ID 42275",(571)207-0385x3406,aaron20@hotmail.com,Yes,05-04-2021,2365,No,Disease-Specific Health Insurance Plans
04e4da99-65e0-4324-8d4e-43acba38e19a,CPT-49226,Monthly,dccf89f6-60fc-498c-8d7b-b29b17d9e6c8,25882,Dr. Evan Salinas,Hill-Williams,Treatment: Conducted hospital-based monitoring for critical dengue shock syndrome cases.','Admission Start Date:26-09-2024; Admission End: None; Treatment: Treatment: Conducted hospital-based monitoring for critical dengue shock syndrome cases.'',Town soon four important discover out.,65237,Lowe LLC,Rejected,2728139647,Poole and Sons,Critical Disease Specific Plans,4c17177f-5185-4599-9990-36ea0e74ed22,Individual,14-11-2022,53293,534,02-09-2022,28-08-2023,GB22BZWT55949783028676,4c17177f-5185-4599-9990-36ea0e74ed22,Valerie Herring,"76909 Kevin Keys Santosborough, KY 60126",592-603-1483x467,erinstanley@sparks-larson.com,Yes,26-09-2024,1407,Yes,Disease-Specific Health Insurance Plans
83c981b2-13c7-4ead-ac42-c71555f8de61,CPT-99795,Annually,01fc6850-d723-4117-9c68-5418608037ab,69723,Dr. Caleb Jones,"Harrington, Navarro and Davidson",Treatment: Provided cardiac rehabilitation and prescribed medications for recovery.',Shoulder audience important perform account.,Room short field better.,37620,Phillips LLC,Rejected,+1-478-428-3142x155,Vasquez-Lewis,Skin and Dermatology Care,62c34fa4-4e24-4903-9fd5-99628255d2fd,Corporate,13-01-2025,21827,363,16-12-2024,25-02-2025,GB52BWQN67905305203915,62c34fa4-4e24-4903-9fd5-99628255d2fd,Eric Taylor,"00967 Robert Center West Steven, TX 35227",521-987-9430x32566,pearsoncynthia@gmail.com,No,04-10-2024,5860,No,Comprehensive Health Plan
9aafd7e9-47fb-4953-9984-1a4297a36f7e,CPT-73403,Quarterly,52258ab5-ac22-4540-acde-5dfcb536058d,48338,Dr. Connie Henry,Dougherty-Phelps,Treatment: Provided cardiac rehabilitation and prescribed medications for recovery.',Care catch window kitchen. Physical father under performance ten.,Wonder have mission there together walk.,72313,"Hardin, Wilson and Salazar",Approved,450-986-8660x06189,Long-Spears,Low-Cost Premium for Young People,5724ccb2-3c88-47ae-90a1-b8fa3f6ea42d,Family,06-01-2025,35097,530,28-07-2024,23-08-2025,GB25NCCZ96669652851672,5724ccb2-3c88-47ae-90a1-b8fa3f6ea42d,Douglas Larson,"42687 Marc Circle Apt. 895 North Amy, VA 94436",001-483-830-2711,garrettmartin@sims.org,No,16-12-2020,4327,No,Comprehensive Health Plan
4a63faee-0012-46ae-9f6f-42788b79238d,CPT-71984,Quarterly,252a02bd-9fc0-4a8c-be65-ac73e2c01333,1556,Dr. Jennifer Santiago,Day-Davidson,Treatment: Conducted surgical intervention for lung cancer patients.',Strong guess oil fund security high night. Federal soldier rich.,Ground worker occur pay continue outside.,59943,"Ortiz, Schultz and Obrien",Rejected,968.076.7262x85124,Johnston and Sons,Critical Disease Specific Plans,59a84b09-65bf-4379-ab55-f4f0030672d0,Corporate,06-03-2025,78293,779,30-08-2022,15-07-2025,GB05RWSI99551364503286,59a84b09-65bf-4379-ab55-f4f0030672d0,Amanda Mays,"8585 Peter Underpass Apt. 541 Moraleschester, LA 20037",819.159.3473x1984,paulcraig@david.biz,No,26-03-2021,7678,No,Disease-Specific Health Insurance Plans
a36b94b9-15bf-475b-97a6-fb2173d1cc0e,CPT-41037,Monthly,f51d7c53-6891-4e12-b990-5b45282e59f6,93658,Dr. Robert Baker,"Mora, Flores and Franco",Treatment: Administered bronchodilators and oxygen therapy for chronic obstructive pulmonary disease (COPD).',Sister respond week southern coach.,Listen collection high yet institution pick.,85342,Martin-Williamson,Rejected,001-634-715-4837x20349,Hooper-Smith,Critical Disease Specific Plans,586c5e74-273f-4d1f-8ee3-94b73860f69f,Individual,16-01-2022,80017,876,08-01-2022,21-09-2022,GB42UEAP48294796275452,586c5e74-273f-4d1f-8ee3-94b73860f69f,Gregory George,"4941 Palmer Stravenue Roweview, TX 45663",(844)976-0943,travismelanie@hotmail.com,No,12-06-2020,622,Yes,Disease-Specific Health Insurance Plans
55b59f10-cffe-4380-a9e3-8569715b6477,CPT-20281,Quarterly,3bb9673d-3db5-40a9-a8b4-e7fd08430e65,83556,Dr. Andrea Boyd,"Estrada, Moore and Branch",Treatment: Managed complications of chronic kidney disease through hospitalization and dialysis sessions.','Admission Start Date:29-09-2020; Admission End: 12-07-2024; Treatment: Treatment: Managed complications of chronic kidney disease through hospitalization and dialysis sessions.'',Then sit list assume sit.,25915,Carey PLC,Approved,001-662-415-6239,Smith-Torres,Critical Disease Specific Plans,73bb8c2e-f16e-4061-a53f-7ccb42d2d254,Individual,20-11-2024,53473,248,30-03-2024,26-04-2025,GB76RNQZ78978316336697,73bb8c2e-f16e-4061-a53f-7ccb42d2d254,Gregory Lynch,"0261 Parker Pines Suite 592 Jeromeport, SC 53559",+1-041-246-0784x5294,scottmonica@gmail.com,No,29-09-2020,5508,No,Disease-Specific Health Insurance Plans
687ca461-6fbb-40f1-a942-03c5a7887399,CPT-65737,Quarterly,64770b17-34eb-4eb3-843f-41f9bfdaa4bf,24078,Dr. Daniel Gonzales,"Jones, White and Oliver",Treatment: Administered peritoneal dialysis and provided post-treatment counseling.','Admission Start Date:17-12-2020; Admission End: 03-09-2024; Treatment: Treatment: Administered peritoneal dialysis and provided post-treatment counseling.'',Size early car rock increase.,52962,Daniels-Hall,Rejected,856.273.4225x641,Wall PLC,Hospitalisation Benefits,db4e6bc0-e9d1-4103-8da5-12e3515104d6,Individual,09-05-2024,97468,628,16-05-2021,21-11-2024,GB20ZDOR19691229321606,db4e6bc0-e9d1-4103-8da5-12e3515104d6,Anita Wilson,"0610 Chelsey Village Lake Gary, VA 19817",716.765.2078x5172,jessica80@hotmail.com,No,17-12-2020,1141,Yes,Comprehensive Health Plan
37b6ead9-092e-4162-9394-4c3361f3d457,CPT-30341,Monthly,b9df16f8-1bb7-428e-9bda-a9a6bb723b19,69609,Dr. Donald Smith,Franklin Inc,Treatment: Conducted angioplasty and monitored for complications.',She keep character information seven.,Tree model why less opportunity.,10129,Horton-Davis,Rejected,349.695.7697,Montgomery-Fisher,Hospitalisation Benefits,4fe7fc3b-4db4-4ac6-9bff-ab19e6bd3dc5,Individual,18-04-2023,9794,19,26-07-2020,21-02-2024,GB79TBGZ70169459178900,4fe7fc3b-4db4-4ac6-9bff-ab19e6bd3dc5,April Durham,USNV Hurst FPO AP 48244,+1-903-453-1924x689,masongavin@gmail.com,No,18-12-2024,7347,Yes,Comprehensive Health Plan
dbabfbb4-f729-4447-b860-bbe9d5023ef7,CPT-90931,Annually,4fa813f1-6081-4b84-822c-7c04942797dd,71712,Dr. Sara Whitehead,Brown-Warner,Treatment: Vi',Seek ok have material wall know century. Style growth event least pass become.,Group identify miss page skill whose.,18938,Swanson Inc,Rejected,(203)594-9724x37893,Hernandez Group,Hospitalisation Benefits,3ca006a1-1cc6-4440-9d71-051ac1540ce3,Corporate,31-08-2020,2697,222,26-07-2020,20-03-2021,GB95YZFP32679266886408,3ca006a1-1cc6-4440-9d71-051ac1540ce3,Tamara Kirk,"147 Melanie Forks Apt. 741 Jesseland, IN 37665",(667)337-6041x1600,harperkristen@russell.org,No,07-03-2023,2128,Yes,Senior Citizen Health Insurance Plans
80db37aa-52ad-4a96-a5f8-b4d2dc14c1c3,CPT-99326,Quarterly,19824f29-87e6-422a-9349-a020d9be6059,20304,Dr. David Vasquez,Bartlett LLC,Treatment: Provided physiotherapy for mobility improvement.',Through quite history popular air every million.,Edge cold social few. Sea blue oil other local.,93519,Warner Inc,Approved,703.609.9980x8498,Dunlap-Kelley,Critical Disease Specific Plans,ed0a2900-3433-4331-99d0-605361d9cf0c,Corporate,22-05-2024,95845,961,13-05-2024,05-11-2024,GB10NYWE50413646034292,ed0a2900-3433-4331-99d0-605361d9cf0c,Stephen Ryan,"391 Rachel Court Austinport, NE 02690",001-347-628-8777x0861,jrodriguez@johnson.com,No,21-11-2022,7921,Yes,Disease-Specific Health Insurance Plans
2823c7ce-2c85-462e-98f8-83a64c15d6d4,CPT-14919,Annually,11bcf6ac-0a8f-47db-aef5-36e928fcf96b,69615,Dr. Denise Kelly,Miller Group,Treatment: Provided prenatal care and routine ultrasound monitoring.',Win instead meeting not computer when.,Fund attorney seat college husband usually bill.,10543,"Kline, Woodard and Larson",Rejected,008-959-1287x178,"Mckinney, Norton and Davis",Cardiovascular Health,8873af00-b3f1-4edd-8771-067921e58103,Corporate,20-02-2024,23291,971,23-11-2021,07-05-2024,GB85IJIF07882738495059,8873af00-b3f1-4edd-8771-067921e58103,Nathan Patterson,"3694 Jeremiah Forest Lake Elizabeth, CT 13279",724.168.3553,troydavis@hall-conner.com,Yes,06-09-2020,8685,Yes,Senior Citizen Health Insurance Plans
a65177c1-ad7f-4bac-9698-764a7dde4a4b,CPT-49414,Annually,1e948d74-799f-4b2a-bd4f-8f68babcf150,52710,Dr. Matthew Murphy,Montgomery-Nguyen,Treatment: Provided ventilator support for respiratory failure caused by severe pneumonia.','Admission Start Date:30-01-2025; Admission End: None; Treatment: Treatment: Provided ventilator support for respiratory failure caused by severe pneumonia.'',Example record employee theory.,36242,Williams-Mitchell,Approved,(842)475-4211x03667,Williams-Lee,Includes Yearly Medical Check-Ups,b076b286-1459-4a1c-8086-d767aa330a39,Corporate,13-05-2022,44284,635,12-11-2020,16-07-2022,GB24VIIK01798758687865,b076b286-1459-4a1c-8086-d767aa330a39,Shane Hoffman,"7860 Cox Plain North Lisa, TN 50099",265.827.6009x25387,paul98@gmail.com,Yes,30-01-2025,8190,No,Senior Citizen Health Insurance Plans
eeadd670-5e55-43fe-ac8b-070607a4298f,CPT-73274,Quarterly,ce8d0730-b49b-44c5-8125-b14caa588bc2,41623,Dr. Samuel Parker,Bradley-Ortiz,Treatment: Provided physiotherapy for mobility improvement.',Single feeling gun magazine build any. Recognize smile rock investment two general wide.,Task case wish. You establish eight my.,24302,Alvarez-Potter,Rejected,957-048-8388x1079,Mendoza-Malone,Mental Health Care,d5e07b93-11f7-4f79-b3f1-f67d45f1d509,Individual,22-09-2022,87537,439,11-11-2021,03-08-2023,GB41ENLK65001488460561,d5e07b93-11f7-4f79-b3f1-f67d45f1d509,Kevin Holmes,"26197 Nguyen Crossing Perkinsmouth, MO 41000",001-357-483-6994x162,yvelez@hotmail.com,No,04-01-2025,8111,Yes,Comprehensive Health Plan
2a0a9039-4d49-4e20-8da5-e766c252694c,CPT-81799,Quarterly,263bae8e-ea94-4e81-9a65-1304ed24ab13,54228,Dr. Megan Brooks,Stewart LLC,Treatment: Provided counseling for mental health support.',Table summer radio need thought raise.,Contain nor and work detail.,7937,Pena Group,Rejected,+1-577-365-2866x93133,Campbell-Jones,Critical Disease Specific Plans,9fd59e8c-dc59-4cda-a957-c2634eb9a482,Corporate,29-07-2022,32232,862,01-03-2022,18-04-2023,GB18TKXU60026108328271,9fd59e8c-dc59-4cda-a957-c2634eb9a482,Alicia Martin,"295 Donna Junctions Ryanmouth, RI 65481",073.099.8507x73697,chadrodriguez@wilson.org,Yes,20-10-2021,7817,No,Disease-Specific Health Insurance Plans
9b89ad21-1cbe-4a17-aaeb-9bac81567077,CPT-11736,Quarterly,f64a5d1f-4ce5-4fc5-bb26-0ef97f938c83,72746,Dr. Jeffrey Frazier,"Bartlett, Myers and Watts",Treatment: Administered peritoneal dialysis and provided post-treatment counseling.','Admission Start Date:05-04-2023; Admission End: 19-03-2024; Treatment: Treatment: Administered peritoneal dialysis and provided post-treatment counseling.'',True instead lead want large than particularly.,97938,Burke Group,Approved,001-751-221-1494x95366,"Benson, Hansen and Wilson",Hospitalisation Benefits,f7d652d0-2de2-4843-b398-1b35dd6efe84,Individual,30-01-2024,68952,615,03-10-2020,14-06-2024,GB93BCXD73613704251535,f7d652d0-2de2-4843-b398-1b35dd6efe84,Adam Cooper,Unit 8517 Box 2307 DPO AA 64187,864.244.1284x07484,dianehumphrey@yahoo.com,No,05-04-2023,6537,Yes,Comprehensive Health Plan
de5d6760-2af7-4ec8-9175-f71b8631454e,CPT-50830,Quarterly,a62a975b-836b-45ce-a91b-9e88a3b3abe5,74591,Dr. Christopher Martinez,"Richardson, Smith and Taylor",Treatment: Administered post-operative eye drops and advised on vision recovery.',Draw lose when woman.,Leg allow leave career fight.,76952,Sanders-Sullivan,Approved,(596)692-7580,"Mathews, Allen and Ellis",Critical Disease Specific Plans,834c6a5f-3b06-47c8-bf17-3d771fd9e2ce,Family,24-04-2023,11825,758,22-04-2022,15-07-2023,GB81WRWQ32595701424435,834c6a5f-3b06-47c8-bf17-3d771fd9e2ce,Veronica Bryan,"7531 Shannon Ways West Elizabeth, MT 94833",(639)133-1823,jeremiah00@gmail.com,Yes,20-03-2023,1240,Yes,Disease-Specific Health Insurance Plans
d5001d22-1aa3-45dd-83c9-4b1437de73d5,CPT-57489,Monthly,4b873942-2f47-4c3c-bf6c-006e7cd343c1,33019,Dr. Danielle Hartman,Bryant-Brock,Treatment: Administered pain relief for post-operative recovery.',Often industry current couple environment back continue.,Mind office information again edge couple hair.,32450,Mccoy-Scott,Rejected,001-510-933-2437x6120,"Nguyen, Webster and Austin",Critical Disease Specific Plans,1b6683d0-bf36-40f2-94fb-6f072d58efb4,Individual,25-12-2024,60650,717,13-08-2021,24-03-2025,GB31MQUH47440877248140,1b6683d0-bf36-40f2-94fb-6f072d58efb4,Aaron Vaughn,"16063 Shane Spurs Josephland, GA 31649",(836)341-1512,christian16@gmail.com,Yes,21-07-2020,9977,No,Disease-Specific Health Insurance Plans
56224edc-5ff2-4e12-8bfd-e38236f664c9,CPT-34823,Annually,1acb7f52-b16c-4013-add9-2096cb1c9bbf,48311,Dr. Suzanne Adams,Nelson-Brewer,Treatment: Provided care for acute kidney injury requiring urgent dialysis.','Admission Start Date:10-03-2023; Admission End: 19-03-2024; Treatment: Treatment: Provided care for acute kidney injury requiring urgent dialysis.'',Event again issue and term agreement.,39945,Peters Ltd,Rejected,+1-157-578-7676x3166,Haney PLC,Hospitalisation Benefits,d4fe0f05-7c9b-4fe4-b26f-f7cf2087ea9f,Individual,06-08-2024,29837,115,16-08-2021,10-06-2025,GB61BXVE99144886017642,d4fe0f05-7c9b-4fe4-b26f-f7cf2087ea9f,Sheryl Jones,"96219 Sara Squares Jonesburgh, IN 37813",854324343,martinezmartha@gmail.com,No,10-03-2023,2991,Yes,Senior Citizen Health Insurance Plans
03aef7b6-18c4-4c48-aa6b-efab2d12a678,CPT-46036,Annually,1540c3d5-bd24-453e-b0d6-6cc00a73c599,96107,Dr. Kelly Lee,Thompson-Hill,Treatment: Hospitalized for treatment of severe asthma exacerbation with corticosteroids.',News make forward watch. Cultural discussion ten standard down explain.,But option go upon.,84947,Love Ltd,Rejected,929.902.3157x27051,"Schmidt, Hall and Torres",Critical Disease Specific Plans,4aa1c552-3c90-4ac5-9810-5e2a7feb9f44,Family,09-12-2024,92408,500,14-09-2021,16-02-2025,GB70IQUE88828240074761,4aa1c552-3c90-4ac5-9810-5e2a7feb9f44,Johnny Martinez,"3921 Carla Road Maryport, MA 08463",341-715-2636,kellybradley@branch.info,Yes,09-09-2022,3714,No,Disease-Specific Health Insurance Plans
025bb275-f38c-4278-8a3a-8e505c7494f6,CPT-17633,Monthly,dac89cad-1d9d-45cc-a487-51beba4a141a,13284,Dr. Jennifer Beck,Payne and Sons,Treatment: Conducted surgical intervention for lung cancer patients.',Better only music picture.,I argue to should after. Present true among.,67630,"Petersen, Hunter and Best",Rejected,889.020.7383x132,Livingston-Walker,Hospitalisation Benefits,3e36dc80-2bc1-4741-b46d-a77b83aad82f,Family,23-12-2023,687,599,29-12-2020,12-03-2024,GB55ETQU25092196461651,3e36dc80-2bc1-4741-b46d-a77b83aad82f,Ronnie Santana,Unit 0458 Box 2103 DPO AP 09856,598.902.3509x05728,blairian@lowery.info,Yes,20-12-2020,6664,Yes,Comprehensive Health Plan
c3d3d11f-0b74-436c-93c7-efbbc0501c14,CPT-83132,Quarterly,179fc89b-05f8-4974-abec-0399c995528b,58320,Dr. Faith Cole,Bush Ltd,Treatment: Conducted hospital-based monitoring for critical dengue shock syndrome cases.','Admission Start Date:04-04-2023; Admission End: 20-02-2024; Treatment: Treatment: Conducted hospital-based monitoring for critical dengue shock syndrome cases.'',Dark effort you. Speak doctor discover.,4065,Quinn Ltd,Approved,(805)667-9202,Barry and Sons,Critical Disease Specific Plans,7c4cdd6e-b786-41a3-b374-c1e1314bbfdb,Corporate,25-02-2024,61588,144,19-11-2023,13-05-2024,GB05IDVN40159126604905,7c4cdd6e-b786-41a3-b374-c1e1314bbfdb,Jessica Hurst,"0663 Reese Lake Suite 536 West Nancy, PA 00722",(078)653-1126x34269,jasonhenry@woodward-ford.com,Yes,04-04-2023,7156,Yes,Disease-Specific Health Insurance Plans
62470e2f-80a8-4ba5-bffa-c70bd733574f,CPT-66410,Monthly,c62d1eec-84ee-446d-8325-3f92d50be943,19574,Dr. Jacqueline Lawrence,"Fernandez, Rogers and Hines",Treatment: Managed complications of chronic kidney disease through hospitalization and dialysis sessions.','Admission Start Date:10-06-2022; Admission End: 09-03-2023; Treatment: Treatment: Managed complications of chronic kidney disease through hospitalization and dialysis sessions.'',First others fire.,1950,Ryan LLC,Rejected,001-088-107-5770,"Banks, Long and Pratt",Low-Cost Premium for Young People,52da9110-3783-4078-8e40-51ae67f7667f,Individual,05-01-2023,46757,101,16-05-2022,15-06-2023,GB89PERD29473082159976,52da9110-3783-4078-8e40-51ae67f7667f,Jessica Walton,"59527 Andrew Summit Lake Diane, MI 74911",983.749.7632x7959,georgepaul@gmail.com,No,10-06-2022,2885,Yes,Comprehensive Health Plan
e8bcfb93-4765-4b9b-b659-86e7fc44d02c,CPT-38843,Monthly,14ba0413-8ae5-456b-b39c-9c472f6ff414,34520,Dr. Amanda Craig,Ramirez-Sanchez,Treatment: Performed cataract removal and implanted intraocular lens.',Statement exactly year right international keep trouble north.,Once sea partner both including dinner.,19340,Roy and Sons,Approved,826-753-7654x51770,Gibbs Inc,Eye and Vision Care,53c70c6b-bb9c-432a-81d2-7d2fcd91a3f1,Family,12-04-2023,75916,229,27-06-2022,16-02-2024,GB39DUAK63422976238369,53c70c6b-bb9c-432a-81d2-7d2fcd91a3f1,Natalie Summers,"48684 Garcia Fields Moniqueberg, WY 51880",001-961-415-9896,qwebb@nelson.com,No,03-02-2023,7491,Yes,Comprehensive Health Plan
7d3e0106-31e2-46c6-96fa-b10ad2a58575,CPT-80317,Annually,19a9c56b-4f05-4c7f-afb9-fe3ad857a6fe,71394,Dr. Monica Anderson,Castaneda-Ward,Treatment: Provided cardiac rehabilitation and prescribed medications for recovery.',Report professor various along.,Speak generation yourself.,23332,Pierce-Haynes,Approved,1034542901,"Marks, Moore and Parks",Critical Disease Specific Plans,1a937ac6-3988-4827-a469-7f74a9e6671f,Individual,13-12-2024,21790,47,05-11-2020,02-08-2025,GB71DQFR71662127311680,1a937ac6-3988-4827-a469-7f74a9e6671f,Gregory Villa,"968 Stanley Burg Suite 237 Port Robert, VA 38841",337.426.2418,chavezabigail@hotmail.com,No,14-02-2020,2814,Yes,Disease-Specific Health Insurance Plans
1cb9e84f-d806-4604-9ae5-6e33ea7526f9,CPT-25770,Monthly,1e0794a2-baac-4d1a-ba74-34e085ecb9c6,849,Dr. Barbara Kennedy,Parks-Vasquez,Treatment: Assessed pre-surgery and provided comprehensive eye care instructions.','Admission Start Date:23-12-2023; Admission End: 08-11-2024; Treatment: Treatment: Assessed pre-surgery and provided comprehensive eye care instructions.'',Start hear can history.,99866,"Smith, Patton and Gardner",Approved,605-101-3347,"Young, Brown and Martin",Critical Disease Specific Plans,9e2953d9-1454-483c-9f5e-e0f1d1c361aa,Family,08-10-2024,95411,961,08-04-2024,23-05-2025,GB82NWVZ37911989728745,9e2953d9-1454-483c-9f5e-e0f1d1c361aa,Patricia White,"2027 Christina Rue West Mariachester, WA 26254",254.427.5851x9832,robertmyers@yahoo.com,No,23-12-2023,6251,Yes,Disease-Specific Health Insurance Plans
44975178-479f-4c6f-9cc2-36d4d231a1d6,CPT-43828,Annually,6ece7ea2-ec37-4bfd-ace8-50b22f371a1f,95451,Dr. Cassandra Murillo,Gregory Group,Treatment: Provided prenatal care and routine ultrasound monitoring.',Eight personal measure once green financial trip. Need while main three want race.,Call too myself loss fund want pick citizen.,49052,Richard Group,Rejected,922.947.8189,"Lara, Dominguez and Russell",Critical Disease Specific Plans,75c6413e-4805-4606-a3cf-6173b77e903c,Individual,04-07-2023,40610,699,05-04-2021,02-12-2023,GB59XYOZ56088550849341,75c6413e-4805-4606-a3cf-6173b77e903c,Amy Bentley,"218 Wiggins Lane Port Amber, NE 38898",-2300,sara85@mccoy.com,Yes,10-02-2022,1651,Yes,Disease-Specific Health Insurance Plans
a8291888-af58-4127-98a1-7afc25957f0c,CPT-39518,Monthly,e2df17ba-4766-4299-9737-717de81945ce,37132,Dr. Alison Scott,Peterson-Moon,Treatment: Performed minor surgery for injury repair.','Admission Start Date:09-01-2023; Admission End: 21-02-2025; Treatment: Treatment: Performed minor surgery for injury repair.'',Just interest coach off lawyer door day.,73710,Pierce PLC,Rejected,508.354.8155x822,Parsons PLC,Eye and Vision Care,d7f9663e-1714-4639-a0b6-988c972da200,Family,22-08-2024,1903,526,06-05-2020,25-07-2025,GB15HOHP15146754805045,d7f9663e-1714-4639-a0b6-988c972da200,Melanie Day,"856 Chad Isle Suite 010 East Catherinestad, KS 67061",7539787951,wshaw@walker.info,No,09-01-2023,2722,Yes,Comprehensive Health Plan
d9666a2f-26e2-4019-826f-3b7afc49f784,CPT-16128,Monthly,09c39bf8-4776-4049-8d94-7de6099cb296,61509,Dr. Jordan Bryan,Ramos Ltd,Treatment: Assisted with delivery and provided neonatal care.',Under order challenge occur.,Available require why six than today Mrs area.,27448,Gill LLC,Approved,248-108-8504,Watkins and Sons,Respiratory Health,6758d2c9-c9a0-494f-b562-25f187e6b5a6,Individual,06-10-2024,71806,187,27-11-2020,21-11-2024,GB60ISYV73081743005962,6758d2c9-c9a0-494f-b562-25f187e6b5a6,Lisa Harrington,"7319 Jones Manors Jenningsfort, KY 43369",(869)252-9614,esmith@rodriguez.com,No,29-11-2020,4556,No,Senior Citizen Health Insurance Plans
9a6df3ae-607e-4d6e-92c2-41df766f6c0f,CPT-97434,Quarterly,be54179b-030c-43ee-913f-42167109dae3,45345,Dr. Laura Taylor,Morris PLC,Treatment: Assessed pre-surgery and provided comprehensive eye care instructions.','Admission Start Date:03-06-2024; Admission End: 03-12-2024; Treatment: Treatment: Assessed pre-surgery and provided comprehensive eye care instructions.'',Although fast into report experience.,13397,"Martin, Chandler and Cochran",Rejected,3331029250,George-Walsh,Includes Yearly Medical Check-Ups,236d0a75-498c-499e-bfd0-fce081630a11,Family,22-06-2024,68902,883,03-09-2022,01-01-2025,GB04PKVG25723889294503,236d0a75-498c-499e-bfd0-fce081630a11,Sarah Ellis,"612 Barnes Circles Suite 005 New Paul, PA 22162",001-575-763-2149x88559,robertwelch@yahoo.com,No,03-06-2024,4552,No,Senior Citizen Health Insurance Plans
b05b0e59-af10-440f-9ad1-de4cace76de2,CPT-72716,Annually,e4eadc40-3fe8-4879-82cb-3112996fc8a2,11509,Dr. James Hicks,"Murray, Reed and Sellers",Treatment: Administered post-operative eye drops and advised on vision recovery.',Build two member school. Word while kitchen authority write order institution.,Interesting south inside drop.,45471,"Hogan, Rios and Johnson",Approved,+1-721-090-5938x812,Jacobson-Payne,Protection from Growing Medical Expenses,c014d5cc-538c-458f-bea4-13398ad5d594,Family,31-10-2024,30175,973,14-09-2024,03-07-2025,GB03GMFH33560960686388,c014d5cc-538c-458f-bea4-13398ad5d594,Matthew Owens,"PSC 8126, Box 2515 APO AA 22971",(114)223-6803x41154,sydneyalexander@hotmail.com,No,03-04-2023,8955,Yes,Senior Citizen Health Insurance Plans
96145ccc-36da-4cd7-befc-6de4ab601258,CPT-24302,Annually,91fb262f-2cae-40a3-b8c3-f4b738eb4e49,78196,Dr. Cynthia Clay,Bishop and Sons,Treatment: Provided prenatal care and routine ultrasound monitoring.',Staff ability move magazine across.,Interest music theory single.,92863,Christensen Group,Rejected,001-797-971-8555,"Pittman, Lee and Richardson",Skin and Dermatology Care,67c183ef-32fb-4cef-baf9-1862d5536283,Corporate,27-04-2023,5959,861,28-01-2020,24-09-2023,GB15GLOM37200607771029,67c183ef-32fb-4cef-baf9-1862d5536283,Maria Clarke,"4725 Hernandez Summit Randyton, ND 99785",+1-126-064-1147x632,michaelwerner@white-young.info,Yes,16-04-2022,3744,Yes,Comprehensive Health Plan
bce4403b-ac9c-4d01-9d10-fb4bb9d73e93,CPT-69380,Quarterly,378f88c5-7935-4bc3-b34d-43c2264860cc,80130,Dr. Yvonne Gray,Diaz-Farrell,Treatment: Conducted surgical intervention for lung cancer patients.',Ten back already worry kid.,So friend model available phone cold.,61627,Mitchell-Mills,Approved,102-970-2522x39699,"Jones, Anderson and Lynch",Skin and Dermatology Care,263c2636-7564-4023-b298-73e60fd98e39,Corporate,05-02-2022,45238,314,02-09-2020,07-07-2022,GB95ZUBT57328449956773,263c2636-7564-4023-b298-73e60fd98e39,Patrick Anderson,Unit 1487 Box 0952 DPO AP 25051,823-148-1552,elijah70@hotmail.com,No,17-05-2021,1463,Yes,Comprehensive Health Plan
801f4f26-efba-4eef-b7d9-31c578c6867c,CPT-89718,Annually,91bb4126-2f37-424f-a15a-2a9b17db7259,31678,Dr. Ricardo Jackson,Simmons-Osborne,Treatment: Administered antipyretics and managed symptoms of dengue hemorrhagic fever.','Admission Start Date:27-03-2021; Admission End: 28-03-2024; Treatment: Treatment: Administered antipyretics and managed symptoms of dengue hemorrhagic fever.'',Should less manager blood. Ten seven piece.,23248,"Smith, Allen and Schmidt",Rejected,+1-846-415-5659x0766,Riggs Group,Eye and Vision Care,2e9e9610-066e-4159-a968-da2917ed19ac,Corporate,18-08-2024,81973,789,28-04-2021,24-09-2024,GB98JBIL07019580093030,2e9e9610-066e-4159-a968-da2917ed19ac,David Kirby,"89802 Shepherd Turnpike Apt. 451 Kramermouth, OR 13492",-8889,christinajohnson@yahoo.com,Yes,27-03-2021,423,Yes,Comprehensive Health Plan
8dfbf678-bc51-4e54-8530-7933c5baa88d,CPT-37991,Quarterly,feecdb08-f8de-41d8-ae38-d5f30018cb0a,38371,Dr. Kimberly Garrett,Barnes-Melendez,Treatment: Administered pain relief for post-operative recovery.',Media risk very speech effect.,That will poor night.,74536,"Bruce, Jordan and Aguirre",Approved,997-468-9565,Freeman Group,Includes Yearly Medical Check-Ups,c2b3286c-3485-44b0-9052-46cb18a68753,Individual,18-05-2024,96122,306,12-01-2024,20-10-2024,GB96OCBI24094319525980,c2b3286c-3485-44b0-9052-46cb18a68753,James Hall,"35425 Gibson Vista Suite 760 Lake Ethanmouth, MT 33066",001-229-976-4251x521,andrea75@gmail.com,Yes,09-11-2022,9926,No,Senior Citizen Health Insurance Plans
3ad7e678-d455-443c-9221-ec4414d895a1,CPT-66000,Quarterly,0cc4ab9c-96ab-4a42-a84b-ba979ec18088,95697,Dr. Barbara Taylor,"Hernandez, Kane and Warner",Treatment: Administered antibiotics for infection control.',Party apply according herself letter free week.,Town room field public important now report.,88528,Oconnell LLC,Approved,(598)282-6536,"Pineda, Gonzalez and Garza",Hospitalisation Benefits,315e6628-fe85-4b60-850a-d514451c179c,Family,05-03-2025,35171,320,12-12-2024,08-09-2025,GB38QGKG44849935842735,315e6628-fe85-4b60-850a-d514451c179c,Patrick Davis,Unit 2546 Box 6474 DPO AE 33218,681-343-2130x6139,robertsonmary@holt.biz,No,26-06-2022,6160,Yes,Comprehensive Health Plan
e306fdf9-001d-4e39-a941-c237c587aa39,CPT-50816,Monthly,36e96184-cb4d-448a-b016-49438ac7d65c,59507,Dr. Logan Salinas,"Martinez, Matthews and Byrd",Treatment: Provided intravenous fluids and electrolyte therapy for severe dehydration.',Hour decision body tax. Should prepare consumer provide term.,Method public standard describe they herself.,88198,"Powell, Singh and Reyes",Approved,390516778,Blake Group,Eye and Vision Care,4b7050bc-bb74-42a7-bdb9-a5d363fac87c,Individual,14-12-2024,7751,748,20-09-2023,22-04-2025,GB82BNCB61928773514893,4b7050bc-bb74-42a7-bdb9-a5d363fac87c,Tiffany Wong,"6803 Boyd Station Suite 748 Hudsonshire, WV 86839",537-257-3314x68489,vwilliams@yahoo.com,No,21-09-2024,8428,Yes,Comprehensive Health Plan
5442df00-0584-4e59-9839-aaaf4589f768,CPT-31063,Quarterly,7aa272c2-cbd7-4005-967b-cdfc5a802e7d,55370,Dr. Kelly Fleming,"Webb, Martin and Roman",Treatment: Hospitalized for treatment of severe asthma exacerbation with corticosteroids.',Suggest only population fill collection. Security camera hear cause example.,Benefit share since indicate be.,64473,"Williams, Phillips and Lynch",Rejected,4369440080,Perez-Williams,Low-Cost Premium for Young People,e05dd1a9-6d97-4cab-99c0-a85090eeebfc,Corporate,10-11-2024,75371,813,11-06-2023,14-06-2025,GB51MMBB16907990327119,e05dd1a9-6d97-4cab-99c0-a85090eeebfc,Patricia May,"333 Joseph Club Gileshaven, VT 74676",1988402603,foxjohn@hansen-rodriguez.com,Yes,02-10-2020,4552,Yes,Comprehensive Health Plan
65463bba-1802-4b2c-9292-eddfb0ede823,CPT-32357,Quarterly,b8a672e2-feac-44f5-82d3-61ce1eba8019,37874,Dr. Laura Stevens,Hull Inc,Treatment: Managed complications of chronic kidney disease through hospitalization and dialysis sessions.','Admission Start Date:31-07-2021; Admission End: 27-11-2024; Treatment: Treatment: Managed complications of chronic kidney disease through hospitalization and dialysis sessions.'',Yourself key so over.,46176,Carter-Wilson,Rejected,001-381-992-0589x2795,"Vaughn, Vang and Johnson",Skin and Dermatology Care,0cfb8dfa-65c6-442d-89d8-08c0c2f4baa1,Individual,03-10-2024,66391,490,21-09-2024,23-09-2025,GB84YYBH34246568201449,0cfb8dfa-65c6-442d-89d8-08c0c2f4baa1,Garrett Sanders,"56776 Elizabeth Center Suite 225 Conleyfurt, DC 63980",316-223-8677x59351,gomezjudith@solomon.org,Yes,31-07-2021,9285,Yes,Comprehensive Health Plan
9f12c4da-bc04-4193-b559-1a209c195beb,CPT-76649,Quarterly,aca91d80-c1d1-451a-8bfb-1c12916ef3da,97238,Dr. Stanley Davis,Walton-Ramos,Treatment: Performed cataract removal and implanted intraocular lens.',Protect beyond realize kind gas.,Side agreement character entire yourself debate.,57026,"Boyd, Gonzalez and Maxwell",Rejected,256-693-8038x188,"Smith, Johnson and Dawson",Dental Treatment Coverage,041b930e-a34c-4775-938d-9cbd5f84e138,Individual,24-08-2024,32479,836,30-10-2020,15-07-2025,GB02VDTP75215187022741,041b930e-a34c-4775-938d-9cbd5f84e138,Amy Patton,"177 Griffith Lights East Bethany, TN 63442",(680)112-6211x06150,usimmons@turner.com,Yes,24-10-2023,3915,Yes,Senior Citizen Health Insurance Plans
41b9d8ff-82cc-40df-8fd3-f8b6d79379d6,CPT-10237,Monthly,1f43e434-85a1-41c9-85d8-b5a61e313178,65164,Dr. Kimberly Gutierrez,"Francis, Jones and Woodward",Treatment: Assisted with delivery and provided neonatal care.',Commercial say ten.,Coach machine view fast political side name.,62828,Morris Group,Rejected,+1-953-230-0770x45471,Johnston PLC,Cardiovascular Health,226beae6-d401-4937-b412-a67773c0b48f,Individual,13-03-2023,58304,654,25-08-2022,15-08-2023,GB32CQZY10797092848987,226beae6-d401-4937-b412-a67773c0b48f,Richard Novak,"634 Bradley Parkway North Toddtown, TN 90039",(982)763-6166,erin90@griffin.info,No,06-08-2020,4491,No,Senior Citizen Health Insurance Plans
46b23d88-99d6-4f8b-a6b0-59497720c3b5,CPT-73202,Quarterly,41fd9054-28c4-499d-93e5-b6f8b2ef704b,45087,Dr. Kristine Allen,Frazier-Smith,Treatment: Managed acute pulmonary embolism through anticoagulation therapy under close supervision.',Without gas music fund.,Stuff hundred subject forward your two.,42868,Smith-Kelly,Rejected,561-467-7944,Stanley-Simmons,Critical Disease Specific Plans,6fb5ec79-7fbb-42d5-9795-824615d7ef0d,Family,10-06-2023,67452,957,06-01-2022,18-07-2023,GB64YBVW29049727665226,6fb5ec79-7fbb-42d5-9795-824615d7ef0d,David Newton,"7789 Dalton Plains Turnerchester, HI 30453",(886)259-6153,smoore@gmail.com,Yes,11-09-2023,2878,No,Disease-Specific Health Insurance Plans
9efc9320-5f6e-4fd5-9eda-aa8bc78451dd,CPT-82461,Quarterly,623e0a78-5cbc-4cb5-a9ff-6bb62baf48da,73288,Dr. Jerry Tran,Martin Group,Treatment: Performed hemodialysis for renal failure with continuous monitoring of vitals.','Admission Start Date:12-04-2021; Admission End: 14-04-2025; Treatment: Treatment: Performed hemodialysis for renal failure with continuous monitoring of vitals.'',Call discuss reality.,20738,"Chaney, Jones and Clark",Approved,001-169-351-4736x1481,Hunter Ltd,Maternity Benefits,0a8ea454-243d-4743-8b6e-c9b94ce44e6c,Corporate,14-02-2025,91203,723,31-12-2024,27-10-2025,GB61PVGW73636959845021,0a8ea454-243d-4743-8b6e-c9b94ce44e6c,Phillip Stein,"75401 Hernandez Vista Suite 731 Wilsonberg, GA 62703",921-650-1543x458,kimberlyperry@gmail.com,No,12-04-2021,3666,No,Comprehensive Health Plan
9af81530-a9e5-46a0-993e-0ff6d82d5b7b,CPT-58495,Annually,8e75465a-a21b-4b13-9c31-e4d6e9a7b3c3,5705,Dr. Kimberly Fuller,"Shields, Ruiz and Moody",Treatment: Performed cataract removal and implanted intraocular lens.',Thank agent leave carry company rest.,American difference assume table various.,69733,Jackson LLC,Rejected,(365)328-3541x446,Reynolds LLC,Cardiovascular Health,e5c03bc4-6a95-4a54-baab-c15bb5b0ccd9,Individual,29-11-2024,82041,409,22-01-2024,08-08-2025,GB52WEVO76899088152683,e5c03bc4-6a95-4a54-baab-c15bb5b0ccd9,Travis Hanna,"78600 Michelle Locks Port Denise, OR 08486",4370998313,cherylhumphrey@yahoo.com,No,19-06-2023,2908,No,Senior Citizen Health Insurance Plans
213777c2-6831-4540-819b-4b95fbffacf1,CPT-94798,Annually,2bd1115c-e155-42e0-af88-9c9a1ef76325,15041,Dr. Cynthia Martinez,Lindsey-Holmes,Treatment: Conducted routine check-up and prescribed vitamins.',As machine finish easy lead author wide can.,Matter party task think another.,21185,Olson PLC,Rejected,926.009.8101,"Johnson, Chavez and Tate",Hospitalisation Benefits,f176b393-3423-4a78-8b05-cf6c8508b3a1,Individual,13-12-2023,56230,779,03-10-2022,08-02-2024,GB02PWEQ96319718441203,f176b393-3423-4a78-8b05-cf6c8508b3a1,Fernando Flores,"14205 Pacheco Turnpike South Kendrabury, MS 59333",900.488.0675,barkermary@hotmail.com,No,01-07-2022,960,No,Comprehensive Health Plan
ca777ec2-da3a-48d8-8566-c93328d57a3d,CPT-59985,Monthly,6993c230-c652-4189-b849-d951285ad8b9,71946,Dr. Mark Ramsey,Sheppard-Johnston,Treatment: Administered post-operative eye drops and advised on vision recovery.',These week mouth bag coach many.,Type wait first close sense million floor.,3933,Martinez and Sons,Approved,+1-018-434-1993x418,Smith PLC,Hospitalisation Benefits,69900420-c964-4dce-b33a-12956afab490,Family,07-03-2024,65500,205,10-05-2020,01-01-2025,GB19GQCD96790169316483,69900420-c964-4dce-b33a-12956afab490,Jeanne Murray,"308 Brown Well North Justinfort, HI 38892",-9232,gpotter@yahoo.com,No,03-05-2021,6347,Yes,Comprehensive Health Plan
cb5967de-f60e-4193-bc03-31fbef807d9a,CPT-66198,Monthly,e8352cec-0d61-4b0c-be7f-f63cf0b4b298,93079,Dr. Dennis Taylor,"Johnson, Bailey and Gomez",Treatment: Administered antibiotics for infection control.',Treat body need skin great.,Drop shoulder imagine subject drop these.,78562,"Acosta, Lamb and Dillon",Approved,001-907-074-1783,"Turner, Hubbard and Mathews",Includes Yearly Medical Check-Ups,bf89132a-ade3-48b8-85b3-bfb9dcc84679,Family,22-01-2023,239,978,17-09-2021,07-04-2023,GB80HKLI47084431434895,bf89132a-ade3-48b8-85b3-bfb9dcc84679,Henry Perry,Unit 2674 Box 5321 DPO AP 61476,(524)471-3373,walkerrobin@richards-patterson.com,Yes,26-04-2020,7157,Yes,Senior Citizen Health Insurance Plans
8b0e0a10-fb0d-4b3f-89a6-35658ad37ea8,CPT-15442,Monthly,03da00f3-54fd-4ef0-a3b4-ffafbccc2dbe,63680,Dr. James Patterson,Guerra-Boyle,Treatment: Administered bronchodilators and oxygen therapy for chronic obstructive pulmonary disease (COPD).',Production nearly act civil phone already sit.,Phone evidence second various suffer order study.,55526,Edwards-Sanchez,Approved,+1-899-294-7005x978,Cantrell-Velez,Mental Health Care,43f88561-5e11-4d4a-9b8c-1e80c71e44ba,Individual,01-11-2024,27184,642,27-09-2024,15-11-2024,GB42HMFZ46077576536393,43f88561-5e11-4d4a-9b8c-1e80c71e44ba,Amy Jones,"077 Lacey Row Apt. 450 North Christine, NM 96689",360.301.4087,rodriguezdavid@yahoo.com,No,02-07-2023,1250,Yes,Comprehensive Health Plan
ce978828-fb98-401c-90a7-6174cbc6c046,CPT-94036,Quarterly,4e427ff0-f049-441c-b855-da7c5baa132d,87679,Dr. Ashley Marshall,Cruz and Sons,Treatment: Administered antipyretics and managed symptoms of dengue hemorrhagic fever.','Admission Start Date:20-10-2022; Admission End: 25-05-2024; Treatment: Treatment: Administered antipyretics and managed symptoms of dengue hemorrhagic fever.'',Likely wind change policy firm.,71160,"Logan, Bell and Mcdonald",Rejected,001-465-415-9951x778,"Jennings, Evans and Mcclure",Critical Disease Specific Plans,aa5e3362-2508-4df6-b063-2e53d2367e28,Individual,06-12-2024,24131,921,21-12-2021,13-03-2025,GB82EXGS32596535773717,aa5e3362-2508-4df6-b063-2e53d2367e28,Michelle Castaneda,"748 Hall Mill New Matthew, MD 86073",469.882.6640x4534,samanthasmith@hotmail.com,Yes,20-10-2022,9274,No,Disease-Specific Health Insurance Plans
5cdd230a-263d-4040-a197-f1b447021860,CPT-27897,Monthly,fe214d2b-2faa-407a-b7ac-31af99c7979b,64741,Dr. April Sampson,Aguilar Inc,Treatment: Assisted with delivery and provided neonatal care.',Attack choice at available yard. Really significant me key accept enough community.,Majority Democrat worry improve.,86623,"Johnson, Porter and Horton",Rejected,696.107.1088,"Wilson, Alexander and Sims",Protection from Growing Medical Expenses,2e62e1e2-5313-4f22-972b-b4cfcc6ce0ae,Corporate,08-03-2023,74104,652,17-09-2022,12-10-2023,GB30CXXH46747580931791,2e62e1e2-5313-4f22-972b-b4cfcc6ce0ae,Jane Roberts,"32558 Castro Bridge Apt. 336 East Anthonychester, WA 22800",(460)041-6303x8362,wjackson@hotmail.com,No,10-09-2022,745,No,Senior Citizen Health Insurance Plans
5003dce2-d3c6-4836-adb3-a4aeaad317a2,CPT-80439,Quarterly,f77ef3eb-630c-4e25-9a69-e9c75c5d43fe,40856,Dr. Patricia Wilson,Clark PLC,Treatment: Performed coronary artery bypass surgery successfully.','Admission Start Date:08-09-2024; Admission End: None; Treatment: Treatment: Performed coronary artery bypass surgery successfully.'',Product way six public provide rather instead.,31309,"Hess, Rogers and Odom",Approved,012-749-7705,Harmon Inc,Critical Disease Specific Plans,73bf8788-e590-44c5-81a4-fbc23ffb0671,Corporate,28-01-2021,12273,725,12-10-2020,19-12-2021,GB79SOLO53743820665134,73bf8788-e590-44c5-81a4-fbc23ffb0671,Kayla Pierce,"0522 Clarke Drive East Stephanieport, MD 76906",001-313-949-0770x7369,kyle01@yahoo.com,Yes,08-09-2024,4255,No,Disease-Specific Health Insurance Plans
5ca34055-c939-4bfb-a376-ecb719dbb8fc,CPT-23113,Annually,403a3b27-ed2c-4165-bcca-a55ffc356139,83242,Dr. Richard Turner,Marshall-Hill,Treatment: Managed acute pulmonary embolism through anticoagulation therapy under close supervision.',Follow live well election.,Again some what lay radio ground.,56674,Hall-Williams,Approved,250-453-0238,"Hernandez, Schmitt and Cameron",Critical Disease Specific Plans,2fc67222-0fbc-4f7c-9789-ea3a80fbd884,Corporate,26-02-2025,18927,88,23-01-2025,13-08-2025,GB38KVEK96996440544737,2fc67222-0fbc-4f7c-9789-ea3a80fbd884,John Flynn,"5758 Jean Canyon Lake Derrick, AK 40228",(177)835-0172x8940,umiller@yahoo.com,Yes,23-09-2022,6011,No,Disease-Specific Health Insurance Plans
e8f9f3e0-b44a-42c2-abc7-025a29ae9e9e,CPT-27946,Annually,8a5465f7-8206-41b1-9cf1-a9d891cb7159,76246,Dr. Daniel Wright,"Wood, Schultz and Brown",Treatment: Administered pain relief for post-operative recovery.',Pressure against both change. Team wide discussion and live with.,Data popular threat nature enough learn.,26580,"Walker, Hamilton and Calderon",Rejected,468.284.3196,Evans and Sons,Mental Health Care,ef60aa57-0323-416a-b721-8f1c42a9a3cd,Individual,08-04-2024,73845,788,15-01-2024,13-06-2024,GB94FOEN64032064950799,ef60aa57-0323-416a-b721-8f1c42a9a3cd,Christopher Vasquez,"97098 Patterson Summit Lake Michaelburgh, MD 37406",+1-646-195-7926x946,aprilhoward@gmail.com,No,28-01-2023,4023,Yes,Comprehensive Health Plan
7c9d6c7c-6e50-4089-ba53-154a7af44583,CPT-16548,Annually,a59a0dbd-34aa-477e-b784-82c3959f69d0,7397,Dr. Thomas Ramsey,Anderson-Frazier,Treatment: Administered peritoneal dialysis and provided post-treatment counseling.','Admission Start Date:16-12-2021; Admission End: 11-03-2024; Treatment: Treatment: Administered peritoneal dialysis and provided post-treatment counseling.'',Can perform sense tonight.,87699,Ball-Brooks,Rejected,673-271-3755x38876,Stewart-Peters,Hospitalisation Benefits,7c490ed5-fe23-4b9d-a1b4-dda901d1dd6e,Family,02-05-2023,96042,637,19-08-2021,18-03-2024,GB98AMDL42268951613851,7c490ed5-fe23-4b9d-a1b4-dda901d1dd6e,Jesse Wright,"550 Dickson Wall North Matthewfort, MI 52774",-8233,judithjohnson@chase.com,Yes,16-12-2021,3191,No,Comprehensive Health Plan
91ee273b-9d59-4374-b1a0-fd2c71d87cc8,CPT-61626,Monthly,bf930336-503a-42a9-83b0-f0616b0faaec,30557,Dr. Ronald Lewis,Jacobs Inc,Treatment: Administered bronchodilators and oxygen therapy for chronic obstructive pulmonary disease (COPD).',Special assume so maintain player may.,Indicate sign piece wide.,52722,"Smith, Davis and Duarte",Approved,824.387.0448,Jordan and Sons,Mental Health Care,1dffea58-11cc-4124-bf9f-643f2a136720,Corporate,24-09-2024,82357,706,22-11-2022,10-05-2025,GB88BFOP01283816075672,1dffea58-11cc-4124-bf9f-643f2a136720,Adam Hoffman,"27864 Snyder Circles Suite 658 Washingtonmouth, ME 06378",(524)845-9930x1994,martindiana@weber.com,No,02-07-2021,7976,No,Comprehensive Health Plan
c550a32a-8133-4f0b-a60d-3b0ff669c009,CPT-31861,Monthly,4b23a09b-8c31-4e81-b452-eac4b009967e,61834,Dr. James Black,Edwards Inc,Treatment: Conducted hospital-based monitoring for critical dengue shock syndrome cases.','Admission Start Date:08-10-2020; Admission End: 27-08-2021; Treatment: Treatment: Conducted hospital-based monitoring for critical dengue shock syndrome cases.'',Choose alone much project.,61490,"Walker, Clarke and Adams",Rejected,302.108.9249x827,Hart-Franklin,Includes Yearly Medical Check-Ups,651d8971-f36b-42c8-bbc9-85e48199b76a,Corporate,13-09-2021,24944,799,01-06-2021,05-01-2022,GB39YQGR60852761924050,651d8971-f36b-42c8-bbc9-85e48199b76a,Curtis Simon,"16944 Strickland Flat Lake John, SD 12422",001-915-110-1770x076,swhite@foley-thompson.info,Yes,08-10-2020,7918,No,Senior Citizen Health Insurance Plans
06f4696c-9d1e-49f6-a77c-9e244770e6e7,CPT-12106,Monthly,6ed31c7b-d70e-4c5c-b96b-c4da9d8e6c7e,81622,Dr. Joshua Gutierrez,Avila Inc,Treatment: Conducted angioplasty and monitored for complications.',Consider administration yourself for.,Remain language year left.,19618,Norton Group,Rejected,073.161.1917,"Williams, Jones and Newman",Skin and Dermatology Care,e2f68d54-8e0d-46a8-84bb-b5f203a446fd,Individual,25-04-2024,14292,53,23-03-2023,27-03-2025,GB96MWRX45544137957032,e2f68d54-8e0d-46a8-84bb-b5f203a446fd,Rebekah Herrera,"87424 Charles Courts West Kennethchester, CA 35466",605.364.2611,blakepamela@ramos.com,Yes,10-04-2021,7399,No,Comprehensive Health Plan
7086dbc7-21ff-412a-950e-0cf439f37d28,CPT-38287,Monthly,2d5c7a3c-0572-4632-8e85-35037579951d,8291,Dr. Mark Kelly,Rodriguez-Ball,Treatment: Assisted with delivery and provided neonatal care.',Together five employee increase allow air tonight. Congress understand carry which interesting.,Scientist level offer recently window event.,13275,Martin LLC,Rejected,(354)653-4687x227,Scott-Poole,Mental Health Care,9cab4bab-b2bd-400c-8bfd-6e82a4f95e8a,Corporate,02-04-2023,18447,201,06-09-2021,31-03-2024,GB08NNTV23616168778079,9cab4bab-b2bd-400c-8bfd-6e82a4f95e8a,Christopher Solomon Jr.,"24934 Long Crescent Apt. 266 Lisabury, LA 14354",3792788492,swagner@yahoo.com,No,03-07-2023,6743,Yes,Comprehensive Health Plan
da48ad2d-1632-43ee-a64a-c1492bd28db2,CPT-51037,Annually,d85a110e-e757-4721-92e3-de9f6f14b083,64840,Dr. Russell Davis,Holloway-Miller,Treatment: Assessed pre-surgery and provided comprehensive eye care instructions.','Admission Start Date:03-05-2021; Admission End: 17-05-2023; Treatment: Treatment: Assessed pre-surgery and provided comprehensive eye care instructions.'',Office raise down word character.,82060,Baker and Sons,Rejected,197.869.4382x85867,"Russell, Thompson and Proctor",Skin and Dermatology Care,f17aafac-98da-4170-8b03-e6e31e86234a,Individual,26-10-2023,44582,401,08-09-2022,21-12-2023,GB09MAHA69153982641468,f17aafac-98da-4170-8b03-e6e31e86234a,Anthony Martinez,"7198 Maria Dale Sarahmouth, NE 55447",001-260-857-5886,vjames@hotmail.com,Yes,03-05-2021,3607,Yes,Comprehensive Health Plan
74f06950-20c5-4241-8183-3245ced5bf83,CPT-50748,Annually,942b26fa-5078-439b-8713-93aafa927d2c,40437,Dr. Brian Blackburn,"Bruce, Garner and Solomon",Treatment: Conducted follow-up after laser cataract surgery.Monitored and managed platelet count through blood transfusion during dengue fever.','Admission Start Date:23-02-2024; Admission End: 12-06-2024; Treatment: Treatment: Conducted follow-up after laser cataract surgery.Monitored and managed platelet count through blood transfusion during dengue fever.'',Crime serve cost check.,61818,Barrett LLC,Rejected,696.124.6358x229,Berry-Hampton,Cardiovascular Health,bfe64957-bffb-4f88-9593-e82d1de549ea,Individual,26-08-2023,46223,313,13-09-2022,25-07-2024,GB63SCRW51536818825661,bfe64957-bffb-4f88-9593-e82d1de549ea,Daniel Smith,"917 Delgado Unions Apt. 311 Jennifermouth, ID 55377",+1-633-409-7193x03787,kathleenhardy@lopez-gonzalez.info,Yes,23-02-2024,936,Yes,Senior Citizen Health Insurance Plans
01be2055-4ae5-4d97-b7c3-0dd2643acd10,CPT-30617,Annually,52d4fba8-5de5-4e11-9f0b-6993dbbc942f,53952,Dr. Tracy Johnston,Odonnell PLC,Treatment: Assessed pre-surgery and provided comprehensive eye care instructions.','Admission Start Date:17-08-2020; Admission End: 04-08-2023; Treatment: Treatment: Assessed pre-surgery and provided comprehensive eye care instructions.'',Stock coach maintain artist from.,61172,"Conner, Landry and Beasley",Approved,001-781-422-4029x0342,Guerrero PLC,Covers Ambulance Fees,19b46b52-79e0-4c04-860c-bc0a1dd252c8,Corporate,25-09-2023,56131,360,05-12-2022,25-11-2023,GB10HJTJ74863354762533,19b46b52-79e0-4c04-860c-bc0a1dd252c8,Hannah Odonnell,"5946 Daniel Walks North Lindsaybury, OH 94788",001-836-449-3552x3234,johnsondonald@hall.com,No,17-08-2020,709,Yes,Senior Citizen Health Insurance Plans
14c27371-f314-4e99-ade6-3c2ede697a33,CPT-57998,Quarterly,afccab39-0f66-4c1d-a383-5ae435370367,35922,Dr. Douglas Brooks,Zavala-Ward,Treatment: Administered antibiotics for infection control.',Organization physical wind follow approach. Bill left how skill garden control project land.,Team exist center candidate.,75087,Dunn PLC,Approved,001-305-938-8730,Ross-Alvarez,Critical Disease Specific Plans,4198feaf-9b32-4125-9ed1-60a250b48866,Individual,07-11-2021,12062,700,22-05-2021,15-04-2022,GB02KYDD98377570243372,4198feaf-9b32-4125-9ed1-60a250b48866,Kelly Gardner,"3856 Chambers Isle Suite 261 Daleton, VT 19691",001-949-140-2385,zacharyharris@gmail.com,Yes,17-09-2022,5444,No,Disease-Specific Health Insurance Plans
3b9df2bb-3785-4330-8ed6-5864832ddc25,CPT-94957,Monthly,9ec39774-eb4d-4993-8c8f-c29d8d7994b3,32817,Dr. William Yoder,"Carter, Oneill and Webb",Treatment: Administered antibiotics for infection control.',Process cost remember wife us wish.,Save wind summer late right.,84832,Aguilar PLC,Rejected,726620596,"Walsh, Carlson and Garner",Critical Disease Specific Plans,79e7bb3a-9f69-4d68-8db9-2922346fbb33,Family,09-01-2025,67403,444,26-04-2023,16-11-2025,GB24SVHZ69901626687124,79e7bb3a-9f69-4d68-8db9-2922346fbb33,Steven Daniels,"4846 Campbell Lane Apt. 713 Lauraborough, CO 87270",073-337-8499x72894,williamsfrederick@flores-montoya.net,Yes,26-12-2020,5673,Yes,Disease-Specific Health Insurance Plans
33c61b52-c4ca-4542-b942-12ecd8d3aa31,CPT-18809,Annually,f4520e75-7175-446b-8375-2aa3623877c6,89622,Dr. Laura Davis,Gross-Mercado,Treatment: Provided ventilator support for respiratory failure caused by severe pneumonia.','Admission Start Date:18-08-2021; Admission End: 30-08-2024; Treatment: Treatment: Provided ventilator support for respiratory failure caused by severe pneumonia.'',Step choice whatever work miss huge cost.,15651,Wyatt LLC,Approved,001-864-753-3264x2896,Williams-Smith,Critical Disease Specific Plans,1171acd2-9a55-4a8d-81e2-cdd5bbce1b45,Family,27-02-2025,85301,877,22-08-2024,23-07-2025,GB12PDBY83623890720601,1171acd2-9a55-4a8d-81e2-cdd5bbce1b45,Robert Jensen,"2670 Cole Mill East Scottburgh, NJ 00799",001-412-904-1777x8759,cindyvasquez@hotmail.com,No,18-08-2021,6958,Yes,Disease-Specific Health Insurance Plans
53a2d550-6b64-4fd1-ab24-8af133374f67,CPT-30841,Annually,28fd2a55-0aa7-4786-9843-073a68b1ace3,91753,Dr. Jordan Shields,Nelson PLC,Treatment: Conducted angioplasty and monitored for complications.',Institution attack under Republican ask.,Physical up assume near land economic week.,66210,Collins-Luna,Approved,020.304.4698,Jones and Sons,Eye and Vision Care,a151e5a8-3521-4e57-82b1-af43d9f1976f,Individual,09-09-2024,57,28,06-02-2024,06-08-2025,GB96RLPJ81902573618294,a151e5a8-3521-4e57-82b1-af43d9f1976f,Mark Johnson,"2253 Julia Spurs Apt. 677 East Dominiqueville, NE 63103",361.931.8331x85515,bradfordmichael@taylor-rivera.com,No,30-10-2020,6371,No,Comprehensive Health Plan
a6519e84-ac1e-4e7d-afab-1757c85d3be4,CPT-30977,Annually,374f8b4e-a0af-4d74-9c3f-59a5fb692173,1813,Dr. Kristie Kelley,Price LLC,Treatment: Administered peritoneal dialysis and provided post-treatment counseling.','Admission Start Date:10-12-2022; Admission End: 31-12-2023; Treatment: Treatment: Administered peritoneal dialysis and provided post-treatment counseling.'',Born real Mr worker author weight trial.,57808,Burgess-Gonzalez,Approved,723.585.3590x5701,"Gibson, Fisher and Chambers",Hospitalisation Benefits,e0bef8d0-0ea0-4065-9976-b025dc877480,Individual,18-06-2024,2045,160,13-10-2023,11-07-2024,GB22MCYC96689736963360,e0bef8d0-0ea0-4065-9976-b025dc877480,Christopher Owens,"969 Cory Drive Suite 588 East Jenniferhaven, MT 95698",(174)599-6720x362,rodgersjason@hughes-krause.biz,Yes,10-12-2022,8660,Yes,Senior Citizen Health Insurance Plans
cf0fe4b0-9089-42f8-a0d7-2b201ed85d49,CPT-78897,Annually,4054fe90-ee89-4b66-9a26-ae559790d66a,13464,Dr. Timothy Smith,"Campbell, Petty and Rice",Treatment: Hospitalized for treatment of severe asthma exacerbation with corticosteroids.',Center up stop Mr anyone. Save road near girl how.,Time time order officer.,57480,Lewis and Sons,Rejected,511-022-4042x47079,Lewis-Garcia,Hospitalisation Benefits,59ce7efd-4ea1-465f-91cd-b770b8c59bfe,Individual,29-08-2021,36635,38,17-07-2021,23-10-2021,GB17PXRS51891652278531,59ce7efd-4ea1-465f-91cd-b770b8c59bfe,Austin Hopkins,"77356 Quinn Locks Lake Nancy, AK 78774",535.055.8558,alexandra41@yahoo.com,Yes,06-04-2023,3882,Yes,Senior Citizen Health Insurance Plans
b6dd7447-1f1e-4ef9-85d0-a48fbc059b8c,CPT-55388,Monthly,d1bd13c4-b831-4a2e-aca3-c2a1d56075b0,4041,Dr. Ashley Williams,Johnson PLC,Treatment: Conducted angioplasty and monitored for complications.',Fast leader management.,Wind high effort assume wide hundred director.,50479,Williams Ltd,Rejected,(565)279-0166,Liu-Brown,Critical Disease Specific Plans,beee5766-1708-4023-9a78-71b72ea656e9,Family,16-07-2024,85442,135,05-01-2024,24-05-2025,GB55TJTP58721500862222,beee5766-1708-4023-9a78-71b72ea656e9,Laurie Flores,"301 Camacho Ridges West Davidton, UT 94967",001-879-010-5414x0158,davismichael@hotmail.com,Yes,04-04-2024,6374,Yes,Disease-Specific Health Insurance Plans
50af9405-7c2f-4c2f-999e-68476cc53063,CPT-85276,Monthly,fbd9be04-b93b-4e6b-be37-bf4d973cdf6b,7749,Dr. Joseph Hendrix,"Wells, Murphy and Gray",Treatment: Conducted follow-up after laser cataract surgery.Monitored and managed platelet count through blood transfusion during dengue fever.','Admission Start Date:08-06-2024; Admission End: None; Treatment: Treatment: Conducted follow-up after laser cataract surgery.Monitored and managed platelet count through blood transfusion during dengue fever.'',Free specific factor then help area control nor.,99595,Horton-Patterson,Approved,(652)608-3685,"Sweeney, Mcdonald and Thompson",Skin and Dermatology Care,f161d3de-6a76-41cf-9bbe-3d691ff66433,Individual,03-04-2023,71253,165,19-09-2021,21-05-2023,GB94HMRL65043905068453,f161d3de-6a76-41cf-9bbe-3d691ff66433,Brandi Thomas,"87913 Rodriguez Corners Suite 751 Matthewberg, SC 02094",839-628-9181x21817,deborah51@yahoo.com,Yes,08-06-2024,3360,Yes,Comprehensive Health Plan
20eb3512-47c1-463a-b70c-99d82a9216e5,CPT-77798,Quarterly,7cd5a9a4-61a2-4011-9ead-d25a07cbc1a5,7715,Dr. Rebecca Parker,"Flores, Ashley and Rogers",Treatment: Provided counseling for mental health support.',Strong future story. Machine family course garden case receive computer bill.,Development time consumer argue run good face.,62741,Roy-Hunt,Rejected,971-676-6070x995,"Jones, Massey and Day",Maternity Benefits,adc94667-e644-4c96-8407-f4a17c248cc6,Corporate,01-12-2021,75554,829,12-06-2021,29-12-2021,GB90THZS77008667520249,adc94667-e644-4c96-8407-f4a17c248cc6,Terri Mason,"9352 Debbie Meadow North Sarah, MA 43727",277.546.8076,maxwell63@frey.com,Yes,11-07-2022,6993,Yes,Comprehensive Health Plan
1816c5de-a284-44b4-b816-0f8d9265be14,CPT-85060,Monthly,f1e2560e-940d-44a3-a951-99e7c1bae1f0,71283,Dr. Jeffrey Dominguez,"Hodge, Carney and Frank",Treatment: Administered bronchodilators and oxygen therapy for chronic obstructive pulmonary disease (COPD).',Program town situation myself writer.,Tell position we throughout want.,41921,Brady-Bond,Rejected,(737)574-7762x874,Barron LLC,Includes Yearly Medical Check-Ups,fd477c1b-5fcd-489c-9962-6823c89e784e,Corporate,25-11-2023,78655,174,03-11-2020,30-04-2024,GB04RLRC70877368167837,fd477c1b-5fcd-489c-9962-6823c89e784e,Sandra Kelly,USCGC Petersen FPO AP 45992,4928712972,triciasimpson@hotmail.com,Yes,29-03-2020,9171,No,Comprehensive Health Plan
12854462-ecd2-4710-9425-fa868a1c25b3,CPT-18965,Monthly,60571b12-7e9d-43f6-9d46-d52203c43ffd,81819,Dr. Donna Ramos,Silva Group,Treatment: Administered post-operative eye drops and advised on vision recovery.',Skin dream stand. Sense behind huge born still alone hair.,Figure dark billion everybody.,63865,Hernandez LLC,Approved,753-407-9324x396,"Jackson, Delgado and Reilly",Cardiovascular Health,1bb26568-fff3-47ad-93a5-0fa8f4c97d21,Corporate,21-05-2024,22825,640,10-02-2020,29-10-2024,GB88XERV54731585051336,1bb26568-fff3-47ad-93a5-0fa8f4c97d21,John Fry,"202 Kristen Avenue Apt. 269 New Harold, KY 95917",001-924-312-1553x139,swalker@gmail.com,No,06-11-2020,2324,Yes,Senior Citizen Health Insurance Plans
4d878ea3-9e98-48cc-b480-7c4f4a05b9ec,CPT-26736,Monthly,f22784d4-d1d9-4647-b13e-2ce2700535a9,47505,Dr. Melissa Mason,Cooper-Bird,Treatment: Managed acute pulmonary embolism through anticoagulation therapy under close supervision.',Participant service try throw. Marriage maintain woman defense degree trial.,A social late. Loss cost team oil run form.,42416,Griffin-Ponce,Rejected,(100)665-5946x6515,Parker PLC,Hospitalisation Benefits,03bed91c-6619-43b9-b983-f718687546b2,Individual,04-01-2023,53465,231,09-03-2021,09-10-2023,GB42GWGB25740877648496,03bed91c-6619-43b9-b983-f718687546b2,Alex Orozco,USS Shepard FPO AA 53766,245-924-5809x024,dereklewis@byrd.com,Yes,30-06-2020,2866,No,Senior Citizen Health Insurance Plans
134fc488-251b-4445-a2a8-2c6774923ac6,CPT-96888,Annually,69af6ff9-af4e-43da-8eda-895f6b55df5b,18148,Dr. Robert Clayton,Thomas-Silva,Treatment: Vi',In interview scientist. Budget attack international fall want dinner.,Thing defense difference other major each.,69911,"Aguilar, Joseph and Rodriguez",Rejected,001-898-369-6402,Wright Group,Critical Disease Specific Plans,6e923949-f131-4422-99e8-523d92dc6293,Corporate,25-09-2023,99071,770,26-05-2021,09-01-2024,GB11AHCW41877890002304,6e923949-f131-4422-99e8-523d92dc6293,Aaron Garcia,"771 Matthew Circles Frankmouth, IL 86658",4826182431,teresamurphy@yahoo.com,No,28-01-2024,4141,No,Disease-Specific Health Insurance Plans
202d9d48-13c5-4a25-b2d7-27149496f517,CPT-75246,Monthly,30a3a26a-3429-48a3-abb0-bfd2155ed478,97388,Dr. Maria Sanders,Rush-Barnett,Treatment: Hospitalized for treatment of severe asthma exacerbation with corticosteroids.',Rock international speak. Arm purpose reason hot town.,Owner green occur accept according property.,63180,Sparks-Cook,Approved,(701)546-4086,Mcclure PLC,Eye and Vision Care,75b7626a-def0-4320-9b5e-acb77a3af7a2,Individual,22-05-2023,30452,166,22-10-2022,22-02-2024,GB95HPOL51252433707908,75b7626a-def0-4320-9b5e-acb77a3af7a2,Maria Riley,USS Gonzalez FPO AA 62457,555-428-2415x5962,melissawoods@medina-jones.biz,Yes,02-03-2021,7904,No,Comprehensive Health Plan
44f2a943-269a-4079-990b-dad3894bb806,CPT-48799,Monthly,28510eaf-f33f-40ad-8ee3-e33ed29ce3fd,33728,Dr. Scott Garcia,"Boyd, Jenkins and Norton",Treatment: Administered peritoneal dialysis and provided post-treatment counseling.','Admission Start Date:02-02-2020; Admission End: 23-11-2022; Treatment: Treatment: Administered peritoneal dialysis and provided post-treatment counseling.'',Speech memory on able imagine.,49511,Hurst PLC,Rejected,+1-414-683-0170x941,Richmond and Sons,Skin and Dermatology Care,5da37c3b-a202-4ddd-8792-2c54fdf212ac,Individual,15-07-2023,61760,467,21-06-2022,05-04-2024,GB47OFBU29417626375100,5da37c3b-a202-4ddd-8792-2c54fdf212ac,Kelly Sanchez,"8565 Kevin Court North Stephanieberg, CA 24536",084-219-3443,sharonrivera@gomez-archer.com,Yes,02-02-2020,814,Yes,Comprehensive Health Plan
ed411bf3-dba8-4b79-9ea2-eb4e5125ba23,CPT-37028,Quarterly,ba2ddc19-f7de-4ecd-9f16-5b978ea44bfe,3004,Dr. Mike Schwartz,Vasquez-Alvarado,Treatment: Provided intravenous fluids and electrolyte therapy for severe dehydration.',Up fact term third.,Modern medical blood.,18252,Oneal Group,Rejected,001-372-826-6659x62411,Murray-King,Critical Disease Specific Plans,76d562d6-6e43-4173-ad65-13302df76100,Family,20-07-2022,74943,863,06-06-2022,14-12-2022,GB55FLAJ45798395568318,76d562d6-6e43-4173-ad65-13302df76100,Teresa Fuentes,"896 Yang Mission Suite 980 Lake Allen, AL 48061",+1-497-721-3991x536,stephanieoliver@hotmail.com,No,16-02-2021,7889,Yes,Disease-Specific Health Insurance Plans
d3ca14df-536f-4be3-aea1-52b5fbeb9f0d,CPT-14108,Annually,b8a4fee1-396e-4237-9437-d55a52286d04,66205,Dr. Annette Smith,Coleman-Lynn,Treatment: Administered post-operative eye drops and advised on vision recovery.',Performance despite theory pressure great defense federal including. Once success also second everything century.,Response through senior.,78394,"Chavez, Mitchell and Jones",Rejected,(252)933-0762,"Cruz, Cunningham and Vasquez",Respiratory Health,41b01836-b2e2-4f58-a6f7-2c41db8e33de,Family,30-11-2024,95499,390,12-02-2024,14-09-2025,GB05HKJW47876245120199,41b01836-b2e2-4f58-a6f7-2c41db8e33de,Jesse Gonzalez,"710 Evans Flats Apt. 299 East Stuart, CO 25309",001-914-389-6794,jermainecowan@yahoo.com,No,14-12-2023,8837,Yes,Senior Citizen Health Insurance Plans
71f60d03-9e10-42e6-92fb-4c597f59f248,CPT-29631,Annually,75280f7a-f024-4516-a808-a31b73dde22a,52364,Dr. Wesley Walsh,Myers and Sons,Treatment: Provided physiotherapy for mobility improvement.',Treat style share card read. System hour drop president.,Field others husband offer follow heart you.,10701,Burch LLC,Approved,001-897-637-9930,Pace-Armstrong,Critical Disease Specific Plans,33301e1e-3fcf-4080-9380-8b57476dce24,Family,28-01-2024,32274,917,05-06-2023,29-05-2024,GB67FWOF66104571646826,33301e1e-3fcf-4080-9380-8b57476dce24,Christopher Soto,"95874 Amanda Views Suite 755 Jeremyside, ID 05386",702.512.8227x08758,ashleyfriedman@gmail.com,No,14-05-2020,1929,No,Disease-Specific Health Insurance Plans
3689c367-7e67-4c55-af76-21bfb0e1a0d4,CPT-18175,Annually,30fc794b-cf4f-4067-a0a7-a08021acc8d2,39929,Dr. Tammy Higgins,"Bell, Wright and Garrison",Treatment: Administered antipyretics and managed symptoms of dengue hemorrhagic fever.','Admission Start Date:04-02-2020; Admission End: 08-11-2021; Treatment: Treatment: Administered antipyretics and managed symptoms of dengue hemorrhagic fever.'',Discussion issue nation continue building.,49493,Pratt-Gray,Rejected,001-404-417-9805x9522,Boyd-Garcia,Critical Disease Specific Plans,0bf052b8-6646-4e5c-a451-79358ffad404,Family,04-12-2021,63761,126,18-11-2020,29-12-2021,GB54JYQY10256342085704,0bf052b8-6646-4e5c-a451-79358ffad404,Ashley Wilkins,"0511 Joshua Route Apt. 075 Smithstad, TX 93175",742.326.2838x7742,yvelazquez@yahoo.com,No,04-02-2020,9894,No,Disease-Specific Health Insurance Plans
9c413837-d936-46db-b958-fda6033bc5c0,CPT-13594,Annually,98e8cd4a-143f-4c0a-9de3-c975983f2735,7210,Dr. Michael Johnson,Deleon-Evans,Treatment: Provided ventilator support for respiratory failure caused by severe pneumonia.','Admission Start Date:13-05-2023; Admission End: 25-12-2024; Treatment: Treatment: Provided ventilator support for respiratory failure caused by severe pneumonia.'',Kind above herself building away key common.,39744,Hobbs-Montes,Approved,-4533,Phillips LLC,Respiratory Health,15262d2b-f6d0-4c6b-ba22-21870b0c8180,Family,21-01-2025,11013,649,11-04-2024,22-04-2025,GB40CFQA63826792600390,15262d2b-f6d0-4c6b-ba22-21870b0c8180,Willie Rodgers,"9196 Roberson Drive East Roberthaven, ME 49080",(914)895-3667x89891,brittany39@gmail.com,No,13-05-2023,306,No,Senior Citizen Health Insurance Plans
bf1bec7e-ae58-4c46-b590-a97a7378369e,CPT-82334,Quarterly,11c4b917-fbaf-45ad-9ea0-24d753792a94,7505,Dr. Ann Allen,Cooper-Collins,Treatment: Performed minor surgery for injury repair.','Admission Start Date:01-01-2023; Admission End: 17-07-2023; Treatment: Treatment: Performed minor surgery for injury repair.'',Who type arrive part once meeting.,27120,Yu and Sons,Approved,(789)973-0417x36020,"Carter, Cook and Moore",Diabetes-Specific Benefits,e4c8574c-7b2a-4334-9a8a-205616aa2ed2,Corporate,09-12-2023,64255,721,02-03-2023,30-06-2024,GB85OKBJ82760335567822,e4c8574c-7b2a-4334-9a8a-205616aa2ed2,Edwin Obrien,"3188 Jessica Row Apt. 271 Susanstad, KS 75689",+1-016-622-3054x26654,michaelreynolds@hotmail.com,Yes,01-01-2023,1895,No,Senior Citizen Health Insurance Plans
2559ca1a-492d-4e4c-b51b-dea54d179ad7,CPT-27125,Monthly,5d1c405d-c6ff-42e9-8e10-14b0cd2fbe95,3974,Dr. Shannon Williams MD,Smith Inc,Treatment: Administered antibiotics for infection control.',Sister develop economic. Theory grow effort author case easy stock.,Social go choice crime sometimes maybe debate.,13809,Hicks-Odom,Approved,510.031.4702,Vazquez Group,Critical Disease Specific Plans,710fe3f6-b0f3-40f9-b04a-b03a6c096fe6,Corporate,06-03-2025,20794,351,24-06-2022,16-01-2026,GB21ZZJA97142548830327,710fe3f6-b0f3-40f9-b04a-b03a6c096fe6,Tiffany Smith,"615 Robert Grove West Jason, DE 52622",979.123.4194x179,umoore@gibson-franklin.com,Yes,23-06-2021,6704,No,Disease-Specific Health Insurance Plans
2dc485ef-15dc-4cde-8580-d9cc1cb685d7,CPT-38371,Quarterly,1b22204e-2974-4536-a45d-d176a105a4dc,8035,Dr. Shari Garcia,"Nelson, Williams and Anderson",Treatment: Performed cataract removal and implanted intraocular lens.',System nice often property.,White late baby human these newspaper.,29528,"Dorsey, Mitchell and Gilmore",Approved,+1-558-607-0226x96040,Fernandez PLC,Critical Disease Specific Plans,ae59d73f-ef75-432f-aed3-870a84341a17,Family,03-09-2024,51821,292,04-06-2024,20-10-2024,GB27RJFR06571302896274,ae59d73f-ef75-432f-aed3-870a84341a17,Deborah Lawrence,"53947 Strickland Stravenue Suite 056 Durantown, SC 59708",5098412788,timothy71@yahoo.com,No,20-12-2022,7001,Yes,Disease-Specific Health Insurance Plans
c7b4d1a4-d476-4d1b-bf2c-7b2228c54d48,CPT-70142,Quarterly,860f69d0-8d79-41ee-88ba-e79827b9dc33,57022,Dr. Jared Brennan,Moreno Group,Treatment: Provided care for acute kidney injury requiring urgent dialysis.','Admission Start Date:14-05-2020; Admission End: 29-07-2025; Treatment: Treatment: Provided care for acute kidney injury requiring urgent dialysis.'',Father may very world.,59200,Vaughan and Sons,Approved,357-118-2986,Boyer-Fernandez,Dental Treatment Coverage,bc79af9f-d6d6-4c4e-b7d4-7911f44eaf21,Corporate,23-01-2025,9620,485,27-01-2023,13-12-2025,GB86QJES55350891187510,bc79af9f-d6d6-4c4e-b7d4-7911f44eaf21,Gordon Smith,Unit 1788 Box 3532 DPO AE 85378,507-942-6089,kevinwright@gmail.com,Yes,14-05-2020,7513,No,Senior Citizen Health Insurance Plans
b7f35d71-5cb3-4592-be44-85dba30769de,CPT-49794,Monthly,d9755a62-76c6-4a51-be92-fab3955e177a,4302,Dr. Zachary Patel,Nelson-Lopez,Treatment: Conducted angioplasty and monitored for complications.',Matter really Democrat star. Hour hair sense decide like sister production.,If dream poor position.,50155,"Walters, Wilson and Baker",Approved,+1-659-071-0964x48089,Williams-Rowe,Critical Disease Specific Plans,d3ff3e74-97d9-45c2-bb92-e630017d4c59,Corporate,03-04-2023,42580,646,21-07-2020,10-07-2023,GB17BPHL60850106307806,d3ff3e74-97d9-45c2-bb92-e630017d4c59,Nicholas Lane,"4519 Sanchez Springs Suite 386 Port Marilyn, CO 35921",597-877-7469x8481,qherrera@mcintosh-king.org,Yes,26-06-2023,2249,Yes,Disease-Specific Health Insurance Plans
17ef8a7d-16fc-4b0b-b9d9-59474aa323e4,CPT-32928,Annually,7939823d-4f5a-4e06-9ab4-7f9ac616f119,2390,Dr. Michael Thomas,Wilson-Scott,Treatment: Assessed pre-surgery and provided comprehensive eye care instructions.','Admission Start Date:06-07-2022; Admission End: 02-01-2024; Treatment: Treatment: Assessed pre-surgery and provided comprehensive eye care instructions.'',Draw structure Mr other.,77140,Chambers-Norton,Approved,155.742.5971x097,Garcia-Barnett,Eye and Vision Care,0b128abb-8040-4e6c-9f51-2993ec231455,Individual,11-09-2023,4722,977,12-04-2021,13-01-2024,GB52ATQU51277406377151,0b128abb-8040-4e6c-9f51-2993ec231455,Candace Watson,"3625 Pamela Pike Arielfort, CO 41568",267.985.9948,webbcynthia@hotmail.com,No,06-07-2022,8356,Yes,Comprehensive Health Plan
7105a744-6c51-40e2-9e2c-72d7227f580b,CPT-28521,Quarterly,d7b130d0-66d1-44ff-859b-156252c7aaf2,64343,Dr. Kyle Lee,Wilson-Gillespie,Treatment: Provided counseling for mental health support.',Represent street girl employee music customer.,Allow career gun open.,50672,Ward-Arnold,Approved,165-653-2562x920,King Group,Covers Ambulance Fees,60e35cbf-aa57-4df2-94b3-37b5ed4698c0,Family,13-01-2025,97624,798,23-03-2024,08-07-2025,GB45CANY00666648068743,60e35cbf-aa57-4df2-94b3-37b5ed4698c0,Heather Estes,Unit 3065 Box 8316 DPO AP 54472,001-219-393-3001x78714,mitchell71@carr.com,No,09-06-2023,4648,Yes,Senior Citizen Health Insurance Plans
efe95119-e0aa-45d3-9a6e-3032a4d403f4,CPT-65447,Annually,a80f1831-e901-40d3-b686-63951d9d7f28,78999,Dr. Aaron Curtis,"Maldonado, Wilcox and Oconnor",Treatment: Administered pain relief for post-operative recovery.',Artist safe agreement seat hair. Make simple soon public Democrat stuff coach.,Contain least their.,55272,Holmes-Walters,Rejected,139-665-4956x608,"Clark, Arnold and Lopez",Hospitalisation Benefits,82eb54fb-ee0b-4730-bc8a-e3070d89bd58,Individual,19-11-2023,61585,657,23-08-2023,21-05-2024,GB35QGWM65791057623273,82eb54fb-ee0b-4730-bc8a-e3070d89bd58,Kimberly Richardson,"54593 Monroe Ports Bakerburgh, WV 17990",+1-721-616-8874x123,christinecarter@grant-haynes.info,No,29-01-2020,7665,No,Comprehensive Health Plan
886eb5f6-8630-4e1e-8c8c-3ee8174b7aa3,CPT-63696,Quarterly,ce379937-3f58-4eec-a3bc-364f948fc6d5,75694,Dr. Jonathan Byrd,Pennington and Sons,Treatment: Administered bronchodilators and oxygen therapy for chronic obstructive pulmonary disease (COPD).',Suddenly whole sense democratic trial director. Yeah group management animal attorney carry.,Source impact charge consumer ball.,88141,Miller LLC,Rejected,603-609-2008x995,Jones Ltd,Critical Disease Specific Plans,2705f87e-ac5f-4bbb-8a59-284c2418232d,Family,06-01-2024,41950,696,21-09-2020,24-02-2024,GB08WTJL94246463210683,2705f87e-ac5f-4bbb-8a59-284c2418232d,Mark Carr,"067 Andrea Shore Kevinmouth, IN 65887",001-653-288-8533x5098,april93@hotmail.com,No,01-07-2022,3273,Yes,Disease-Specific Health Insurance Plans
86e1574f-4e2a-4fa2-aee0-40ac6229d3c1,CPT-88908,Annually,4266f438-5e97-4c41-bd53-189f1a15e6bd,87396,Dr. Eric Lee,Shannon-Brown,Treatment: Assisted with delivery and provided neonatal care.',Represent available kind throw. Prevent more short interesting.,Challenge arm test bill open.,43668,Spence Ltd,Rejected,(197)834-2476,"Burton, Proctor and Howard",Includes Yearly Medical Check-Ups,2a68fa75-e96b-424f-b12b-addb947379dc,Corporate,17-04-2022,37863,40,23-06-2021,19-07-2022,GB12DWCZ08408441192573,2a68fa75-e96b-424f-b12b-addb947379dc,Ryan Miller,"07824 Clay Forges Suite 549 Erictown, AZ 28098",+1-123-627-5487x2234,prose@hotmail.com,Yes,05-02-2023,5904,No,Comprehensive Health Plan
528f291f-6b95-40dc-9a6b-b1a3bff47a8c,CPT-82423,Monthly,2065da55-a1b2-4de3-9783-3361b07c07c8,1062,Dr. Jessica Jackson,Hall-Brennan,Treatment: Performed cataract removal and implanted intraocular lens.',Wear pass page building cup.,Close information seem remain economic.,87443,Roth-Phelps,Rejected,3407280785,Boone-Cummings,Includes Yearly Medical Check-Ups,61bf237b-cb60-42e3-acaf-24fcf2f2c339,Family,14-11-2022,36741,576,18-06-2022,27-07-2023,GB32IFQI51152544792941,61bf237b-cb60-42e3-acaf-24fcf2f2c339,Melanie Dunn,"613 Juan Forest Millerchester, WI 59029",(342)580-7012x0397,alan15@edwards.com,Yes,26-09-2024,8648,No,Senior Citizen Health Insurance Plans
f080cda4-033d-4e01-bd86-2040069a017a,CPT-39129,Annually,e6e949d9-e950-4a4a-bdbf-b2102e4ad34d,41527,Dr. Christopher Park,Smith-Schultz,Treatment: Assessed pre-surgery and provided comprehensive eye care instructions.','Admission Start Date:23-04-2020; Admission End: 15-06-2021; Treatment: Treatment: Assessed pre-surgery and provided comprehensive eye care instructions.'',Rise each discover certain similar.,75687,Marshall PLC,Approved,(245)490-2187,Coleman-Mitchell,Critical Disease Specific Plans,8860c583-3eb1-4ebc-8776-e124a2e97630,Corporate,20-09-2023,81393,308,06-05-2023,09-12-2023,GB06QOLE95281701313599,8860c583-3eb1-4ebc-8776-e124a2e97630,Shirley Davis,"258 Marvin Groves Suite 920 South Wayneshire, AZ 57864",+1-559-203-9279x35508,christinarojas@perez.com,Yes,23-04-2020,6353,Yes,Disease-Specific Health Insurance Plans
e0950e20-b6ed-49ec-9665-3c38a3c36b12,CPT-92105,Monthly,2c01ad22-68dd-4112-8dee-79621a15a7cd,92017,Dr. Erica King,"Stewart, Mclean and Perez",Treatment: Conducted angioplasty and monitored for complications.',New seem suggest face environmental trip wonder.,Dark space leave discussion with speech series.,72429,"Garcia, Bishop and Clark",Approved,034.131.9156x616,Travis-Campbell,Low-Cost Premium for Young People,3e6115c3-dfae-4d5a-8af2-b385fb66d692,Corporate,03-03-2024,34991,352,28-03-2022,18-08-2024,GB41UBTF11492244434491,3e6115c3-dfae-4d5a-8af2-b385fb66d692,Noah Cox,"63396 John Oval Suite 294 East William, FL 14995",915.530.3612x6248,jeffreymendoza@yahoo.com,Yes,16-02-2023,7697,No,Comprehensive Health Plan
8fa7d627-2d2d-4b15-a3ba-bde2a24a9dfb,CPT-51370,Quarterly,fbd4f614-94bd-4544-8086-8bca69f972fc,8454,Dr. Angela Smith,Adams-Jones,Treatment: Provided ventilator support for respiratory failure caused by severe pneumonia.','Admission Start Date:23-08-2024; Admission End: None; Treatment: Treatment: Provided ventilator support for respiratory failure caused by severe pneumonia.'',Value suffer including effect.,17663,"Fields, Ramos and Rosales",Rejected,(694)452-3279x89734,Ayala Group,Includes Yearly Medical Check-Ups,cd0e17d5-da3f-49cd-b1b4-0306744ee681,Individual,11-04-2024,88141,726,14-07-2022,02-07-2024,GB26BQFT99784689301799,cd0e17d5-da3f-49cd-b1b4-0306744ee681,Molly Thompson,"018 Olson Pines Apt. 461 Port Rebeccamouth, NM 44066",748-839-6065x015,vstevens@yahoo.com,Yes,23-08-2024,1544,Yes,Comprehensive Health Plan
913f8cad-e962-4698-8497-8cd99be97697,CPT-45140,Quarterly,f5849001-31bf-4a8e-a400-fe8a382b70bf,99618,Dr. Charles Brown,Holmes-Joyce,Treatment: Administered peritoneal dialysis and provided post-treatment counseling.','Admission Start Date:09-07-2023; Admission End: 17-03-2024; Treatment: Treatment: Administered peritoneal dialysis and provided post-treatment counseling.'',List speech follow PM.,41155,Mckee and Sons,Rejected,004.058.3522x86732,Anderson-Moran,Cardiovascular Health,e175b572-5f3a-4398-b611-e6978835f72f,Individual,18-09-2024,20016,587,23-12-2022,10-02-2025,GB12IJWJ42983416566897,e175b572-5f3a-4398-b611-e6978835f72f,Craig Hurst,"48624 White Stream Apt. 738 Simmonsland, GA 73974",(256)689-8500,alicia93@hernandez-long.net,Yes,09-07-2023,6427,Yes,Senior Citizen Health Insurance Plans
712d83ae-d0dd-4dc3-82cd-7d7e9f12206a,CPT-32728,Quarterly,6d41a940-825d-4833-a560-2fcb9c47e650,58762,Dr. Jason Spence,Thompson-Lee,Treatment: Performed coronary artery bypass surgery successfully.','Admission Start Date:05-04-2022; Admission End: 14-08-2022; Treatment: Treatment: Performed coronary artery bypass surgery successfully.'',Less parent budget choice.,53157,"Hart, Hudson and Moore",Rejected,7798519897,"Thomas, Pierce and Cole",Critical Disease Specific Plans,d74f2549-26f4-4f7a-abe4-bd2d91d02011,Individual,02-08-2022,43520,481,13-01-2020,14-08-2022,GB78GSOB42189101023064,d74f2549-26f4-4f7a-abe4-bd2d91d02011,Lisa Bush,"6623 Michael Shoal Jamesview, IA 85372",001-811-542-8164x6335,joyce29@gmail.com,Yes,05-04-2022,3862,Yes,Disease-Specific Health Insurance Plans
ea4e6262-e25e-4870-8fff-143dddafe653,CPT-68528,Monthly,007fb8fc-17fc-4289-9076-3ff447f202d8,52565,Dr. Derek Jones,"Brown, Estrada and Ortega",Treatment: Conducted angioplasty and monitored for complications.',Start two be reduce. Friend avoid group surface.,Among box brother Congress grow us.,17844,"Hill, Stanton and Bradford",Rejected,433-880-0643,Ford Ltd,Includes Yearly Medical Check-Ups,d5a6d3d4-931d-49ed-babd-272b0e50dd36,Individual,30-03-2024,68286,48,24-04-2020,01-06-2024,GB15ZQHS52544260168716,d5a6d3d4-931d-49ed-babd-272b0e50dd36,Victoria Mitchell,"1173 Cohen Route Apt. 035 Lake Johnborough, IL 90837",(219)298-7360x50400,tylerwilliams@yahoo.com,No,24-10-2022,8732,No,Senior Citizen Health Insurance Plans
b07aefd5-64c5-4da6-9b72-c381d0884783,CPT-37400,Annually,c106fac4-33c1-4a2b-bcd9-d6837a514d15,89222,Dr. Jessica Burch,White-Browning,Treatment: Provided intravenous fluids and electrolyte therapy for severe dehydration.',Focus state board wait.,Bed pick article only guess whatever paper.,76935,Green LLC,Rejected,001-660-467-0183x4321,"Perez, Williams and Silva",Critical Disease Specific Plans,f3d6c4ea-d6ae-40be-b4a8-71b79e4e2f7d,Family,07-11-2024,84284,99,08-11-2023,26-12-2024,GB52UHGW66984927919545,f3d6c4ea-d6ae-40be-b4a8-71b79e4e2f7d,Amanda Sosa,"24878 Tony Mission Suite 475 Andrewfurt, AK 13201",001-437-412-2541x10175,esullivan@huerta.com,Yes,09-02-2024,3465,Yes,Disease-Specific Health Insurance Plans
4693b7da-2d28-47ae-9ad4-865b810ca76a,CPT-38661,Monthly,09c70f28-a8e3-46a9-b1e8-b0b97f4d42e4,95257,Dr. Lisa Lyons,"Smith, Pena and Moreno",Treatment: Administered pain relief for post-operative recovery.',Get its training suffer suffer couple. Draw finally pay daughter set.,Soldier necessary smile half.,43506,"Collins, Mcguire and Kelly",Approved,298.325.1440,Petty-Coleman,Critical Disease Specific Plans,0563bcc5-4537-4403-b2ab-0e8ceef2828a,Corporate,13-01-2024,87699,587,11-05-2021,29-01-2024,GB62DMDI76127935227249,0563bcc5-4537-4403-b2ab-0e8ceef2828a,Elizabeth Elliott,"203 Robert Plains Suite 831 Millerfurt, IL 26834",8121636358,ifisher@yahoo.com,No,01-08-2021,2635,No,Disease-Specific Health Insurance Plans
e3b2c6b1-3f65-4f2b-ade2-75af3740c537,CPT-14084,Quarterly,b6af9712-bf8f-414d-9942-d708be66ccfa,42946,Dr. Mercedes Valenzuela,Stevens and Sons,Treatment: Administered bronchodilators and oxygen therapy for chronic obstructive pulmonary disease (COPD).',Perhaps water you owner. Heavy pattern long film story mind.,Well have season force any.,79093,Richardson and Sons,Rejected,690.172.8147x60041,"Brown, Johnson and Hernandez",Includes Yearly Medical Check-Ups,8a76e124-5c11-4ef5-9697-f22910bf11e7,Corporate,03-12-2023,6276,46,04-05-2022,09-02-2024,GB34AEXH68362792881622,8a76e124-5c11-4ef5-9697-f22910bf11e7,Kyle Douglas,"PSC 1576, Box 9704 APO AP 76838",001-033-217-8967,whamilton@hotmail.com,Yes,27-09-2023,8301,No,Senior Citizen Health Insurance Plans
447a9b11-ccbe-4c51-876d-68e473013e4d,CPT-24138,Annually,d39d0cec-04c5-42c8-9127-1fe7e1c2cea7,87095,Dr. Alison Hamilton,"Gutierrez, Frost and Gonzales",Treatment: Administered bronchodilators and oxygen therapy for chronic obstructive pulmonary disease (COPD).',Recently particularly image compare protect article deal. Others across they cultural lot power most young.,Four cost trial suffer think. Artist senior must.,2529,Evans-Wade,Approved,195-595-3295x491,"Blair, Garcia and Sawyer",Critical Disease Specific Plans,a01afe75-9115-4935-a97e-fea734dac614,Corporate,06-10-2020,1253,661,03-02-2020,02-03-2021,GB40UGWI45391041409118,a01afe75-9115-4935-a97e-fea734dac614,Julie Spencer,"249 Sarah Valleys Apt. 012 Lake Steven, CO 50525",281193124,zachary44@davis-farmer.org,No,20-07-2024,9012,Yes,Disease-Specific Health Insurance Plans
c9556e1d-a5b9-4527-9566-39775d3297b0,CPT-56293,Quarterly,598726a3-41f4-490d-9d00-df767c4bf4d1,24615,Dr. John Walker,Richardson Inc,Treatment: Managed complications of chronic kidney disease through hospitalization and dialysis sessions.','Admission Start Date:04-01-2022; Admission End: 24-04-2025; Treatment: Treatment: Managed complications of chronic kidney disease through hospitalization and dialysis sessions.'',Have office product majority fire office sense.,58587,Reed Ltd,Approved,214-544-8276x56427,Nichols-Guzman,Hospitalisation Benefits,bbb40802-6d59-481f-a841-c24f7932cf73,Individual,21-08-2024,18836,404,26-06-2024,10-07-2025,GB19UUPX28631597924693,bbb40802-6d59-481f-a841-c24f7932cf73,Pamela Bartlett MD,"96757 Jackie Shoal Suite 607 Port Craig, NV 91131",(640)953-7289,dustinbecker@yahoo.com,No,04-01-2022,6076,Yes,Senior Citizen Health Insurance Plans
37826f7b-02ed-4eb2-9f57-2f0777842eff,CPT-90457,Annually,2acc067e-ff41-46c5-af06-626899329765,38140,Dr. Joe Miller,Hughes-Donovan,Treatment: Managed acute pulmonary embolism through anticoagulation therapy under close supervision.',Democrat answer member.,Air last certainly condition game two future.,65448,Ferguson-Jones,Rejected,(610)473-4137x28560,Zimmerman PLC,Critical Disease Specific Plans,12be748e-3e00-4786-88bf-2a09398722e4,Family,04-06-2023,84873,971,20-08-2022,23-07-2023,GB75GIAH25396489387358,12be748e-3e00-4786-88bf-2a09398722e4,Natalie Lindsey,"74767 Jennifer Ramp Watkinsfort, MN 38040",+1-467-471-5287x2419,william11@scott.com,Yes,21-10-2020,4414,Yes,Disease-Specific Health Insurance Plans
